window_size,window_no,window_start,window_end,first_game_id,last_game_id,first_tag_ts,first_tag_ts_iso,last_ts_gr,duration_sec,duration_min,last_gr,last_cat,mean_gr,max_gr,min_gr,last_ge_2,last_ge_5,last_ge_10,last_ge_20,last_ge_50,last_ge_100,count_ge_2,count_ge_5,count_ge_10,count_ge_20,count_ge_50,count_ge_100,since_ge_2,since_ge_5,since_ge_10,since_ge_20,since_ge_50,since_ge_100
2000,1,1,2000,17887666922,17887866822,1789885001177,2026-09-20 14:16:41.177,2026-09-21 02:08:46.182,42725.005,712.083417,1.0,low,9.9064,5000.0,1.0,0,0,0,0,0,0,930,367,183,98,38,24,3,3,5,11,36,146
2000,2,2,2001,17887667022,17887866922,1789885034130,2026-09-20 14:17:14.130,2026-09-21 02:08:59.813,42705.683,711.761383,1.38,low,9.9038,5000.0,1.0,0,0,0,0,0,0,929,366,183,98,38,24,4,4,6,12,37,147
2000,3,3,2002,17887667122,17887867022,1789885059493,2026-09-20 14:17:39.493,2026-09-21 02:09:42.856,42723.363,712.05605,15.39,mid,9.9097,5000.0,1.0,1,1,1,0,0,0,929,367,184,98,38,24,0,0,0,13,38,148
2000,4,4,2003,17887667222,17887867122,1789885073887,2026-09-20 14:17:53.887,2026-09-21 02:09:53.536,42719.649,711.99415,1.06,low,9.9095,5000.0,1.0,0,0,0,0,0,0,929,367,184,98,38,24,1,1,1,14,39,149
2000,5,5,2004,17887667322,17887867222,1789885086193,2026-09-20 14:18:06.193,2026-09-21 02:10:14.136,42727.943,712.132383,2.39,mid,9.9101,5000.0,1.0,1,0,0,0,0,0,930,367,184,98,38,24,0,2,2,15,40,150
2000,6,6,2005,17887667422,17887867322,1789885141363,2026-09-20 14:19:01.363,2026-09-21 02:10:29.049,42687.686,711.461433,1.5,low,9.8897,5000.0,1.0,0,0,0,0,0,0,929,366,183,97,38,24,1,3,3,16,41,151
2000,7,7,2006,17887667522,17887867422,1789885185383,2026-09-20 14:19:45.383,2026-09-21 02:10:39.299,42653.916,710.8986,1.02,low,9.8818,5000.0,1.0,0,0,0,0,0,0,928,365,182,97,38,24,2,4,4,17,42,152
2000,8,8,2007,17887667622,17887867522,1789885195447,2026-09-20 14:19:55.447,2026-09-21 02:11:02.619,42667.172,711.119533,3.02,mid,9.8828,5000.0,1.0,1,0,0,0,0,0,929,365,182,97,38,24,0,5,5,18,43,153
2000,9,9,2008,17887667722,17887867622,1789885230553,2026-09-20 14:20:30.553,2026-09-21 02:11:19.386,42648.833,710.813883,1.75,low,9.8797,5000.0,1.0,0,0,0,0,0,0,928,364,182,97,38,24,1,6,6,19,44,154
2000,10,10,2009,17887667822,17887867722,1789885306143,2026-09-20 14:21:46.143,2026-09-21 02:11:34.575,42588.432,709.8072,1.53,low,9.7657,5000.0,1.0,0,0,0,0,0,0,927,363,181,96,37,23,2,7,7,20,45,155
2000,11,11,2010,17887667922,17887867822,1789885332167,2026-09-20 14:22:12.167,2026-09-21 02:11:48.179,42576.012,709.6002,1.35,low,9.7645,5000.0,1.0,0,0,0,0,0,0,926,363,181,96,37,23,3,8,8,21,46,156
2000,12,12,2011,17887668022,17887867922,1789885345810,2026-09-20 14:22:25.810,2026-09-21 02:12:00.565,42574.755,709.57925,1.25,low,9.7644,5000.0,1.0,0,0,0,0,0,0,926,363,181,96,37,23,4,9,9,22,47,157
2000,13,13,2012,17887668122,17887868022,1789885357863,2026-09-20 14:22:37.863,2026-09-21 02:12:14.301,42576.438,709.6073,1.36,low,9.7645,5000.0,1.0,0,0,0,0,0,0,926,363,181,96,37,23,5,10,10,23,48,158
2000,14,14,2013,17887668222,17887868122,1789885371463,2026-09-20 14:22:51.463,2026-09-21 02:12:33.168,42581.705,709.695083,2.06,mid,9.7649,5000.0,1.0,1,0,0,0,0,0,927,363,181,96,37,23,0,11,11,24,49,159
2000,15,15,2014,17887668322,17887868222,1789885382947,2026-09-20 14:23:02.947,2026-09-21 02:13:04.697,42601.75,710.029167,5.94,mid,9.7673,5000.0,1.0,1,1,0,0,0,0,928,364,181,96,37,23,0,0,12,25,50,160
2000,16,16,2015,17887668422,17887868322,1789885400557,2026-09-20 14:23:20.557,2026-09-21 02:13:21.394,42600.837,710.01395,1.75,low,9.7672,5000.0,1.0,0,0,0,0,0,0,928,364,181,96,37,23,1,1,13,26,51,161
2000,17,17,2016,17887668522,17887868422,1789885411260,2026-09-20 14:23:31.260,2026-09-21 02:14:00.773,42629.513,710.491883,11.63,mid,9.7725,5000.0,1.0,1,1,1,0,0,0,929,365,182,96,37,23,0,0,0,27,52,162
2000,18,18,2017,17887668622,17887868522,1789885426550,2026-09-20 14:23:46.550,2026-09-21 02:14:21.422,42634.872,710.5812,2.37,mid,9.7729,5000.0,1.0,1,0,0,0,0,0,930,365,182,96,37,23,0,1,1,28,53,163
2000,19,19,2018,17887668722,17887868622,1789885437950,2026-09-20 14:23:57.950,2026-09-21 02:14:32.369,42634.419,710.57365,1.07,low,9.7729,5000.0,1.0,0,0,0,0,0,0,930,365,182,96,37,23,1,2,2,29,54,164
2000,20,20,2019,17887668822,17887868722,1789885494790,2026-09-20 14:24:54.790,2026-09-21 02:15:08.215,42613.425,710.22375,8.63,mid,9.753,5000.0,1.0,1,1,0,0,0,0,930,365,181,95,37,23,0,0,3,30,55,165
2000,21,21,2020,17887668922,17887868822,1789885506170,2026-09-20 14:25:06.170,2026-09-21 02:15:39.658,42633.488,710.558133,5.36,mid,9.7551,5000.0,1.0,1,1,0,0,0,0,931,366,181,95,37,23,0,0,4,31,56,166
2000,22,22,2021,17887669022,17887868922,1789885518873,2026-09-20 14:25:18.873,2026-09-21 02:15:59.078,42640.205,710.670083,2.24,mid,9.7556,5000.0,1.0,1,0,0,0,0,0,932,366,181,95,37,23,0,1,5,32,57,167
2000,23,23,2022,17887669122,17887869022,1789885535377,2026-09-20 14:25:35.377,2026-09-21 02:16:30.447,42655.07,710.917833,5.63,mid,9.7576,5000.0,1.0,1,1,0,0,0,0,933,367,181,95,37,23,0,0,6,33,58,168
2000,24,24,2023,17887669222,17887869122,1789885546473,2026-09-20 14:25:46.473,2026-09-21 02:16:55.249,42668.776,711.146267,3.49,mid,9.7588,5000.0,1.0,1,0,0,0,0,0,934,367,181,95,37,23,0,1,7,34,59,169
2000,25,25,2024,17887669322,17887869222,1789885598987,2026-09-20 14:26:38.987,2026-09-21 02:17:06.816,42627.829,710.463817,1.14,low,9.7424,5000.0,1.0,0,0,0,0,0,0,933,366,180,94,37,23,1,2,8,35,60,170
2000,26,26,2025,17887669422,17887869322,1789885638257,2026-09-20 14:27:18.257,2026-09-21 02:17:22.703,42604.446,710.0741,1.66,low,9.7376,5000.0,1.0,0,0,0,0,0,0,932,365,179,94,37,23,2,3,9,36,61,171
2000,27,27,2026,17887669522,17887869422,1789885656960,2026-09-20 14:27:36.960,2026-09-21 02:17:43.270,42606.31,710.105167,2.32,mid,9.7377,5000.0,1.0,1,0,0,0,0,0,932,365,179,94,37,23,0,4,10,37,62,172
2000,28,28,2027,17887669622,17887869522,1789885675287,2026-09-20 14:27:55.287,2026-09-21 02:18:05.627,42610.34,710.172333,2.82,mid,9.7382,5000.0,1.0,1,0,0,0,0,0,933,365,179,94,37,23,0,5,11,38,63,173
2000,29,29,2028,17887669722,17887869622,1789885687920,2026-09-20 14:28:07.920,2026-09-21 02:18:31.662,42623.742,710.3957,3.79,mid,9.7394,5000.0,1.0,1,0,0,0,0,0,934,365,179,94,37,23,0,6,12,39,64,174
2000,30,30,2029,17887669822,17887869722,1789885737237,2026-09-20 14:28:57.237,2026-09-21 02:19:07.550,42610.313,710.171883,7.41,mid,9.7301,5000.0,1.0,1,1,0,0,0,0,934,365,178,93,37,23,0,0,13,40,65,175
2000,31,31,2030,17887669922,17887869822,1789885748747,2026-09-20 14:29:08.747,2026-09-21 02:19:39.990,42631.243,710.520717,6.52,mid,9.7328,5000.0,1.0,1,1,0,0,0,0,935,366,178,93,37,23,0,0,14,41,66,176
2000,32,32,2031,17887670022,17887869922,1789885761143,2026-09-20 14:29:21.143,2026-09-21 02:19:50.823,42629.68,710.494667,1.06,low,9.7327,5000.0,1.0,0,0,0,0,0,0,935,366,178,93,37,23,1,1,15,42,67,177
2000,33,33,2032,17887670122,17887870022,1789885783416,2026-09-20 14:29:43.416,2026-09-21 02:20:23.559,42640.143,710.66905,6.66,mid,9.7347,5000.0,1.0,1,1,0,0,0,0,935,367,178,93,37,23,0,0,16,43,68,178
2000,34,34,2033,17887670222,17887870122,1789885797163,2026-09-20 14:29:57.163,2026-09-21 02:20:35.279,42638.116,710.635267,1.11,low,9.7346,5000.0,1.0,0,0,0,0,0,0,935,367,178,93,37,23,1,1,17,44,69,179
2000,35,35,2034,17887670322,17887870222,1789885818427,2026-09-20 14:30:18.427,2026-09-21 02:20:45.086,42626.659,710.444317,1.0,low,9.7338,5000.0,1.0,0,0,0,0,0,0,934,367,178,93,37,23,2,2,18,45,70,180
2000,36,36,2035,17887670422,17887870322,1789885838293,2026-09-20 14:30:38.293,2026-09-21 02:21:07.361,42629.068,710.484467,2.79,mid,9.734,5000.0,1.0,1,0,0,0,0,0,934,367,178,93,37,23,0,3,19,46,71,181
2000,37,37,2036,17887670522,17887870422,1789885857870,2026-09-20 14:30:57.870,2026-09-21 02:21:31.235,42633.365,710.556083,3.08,mid,9.7345,5000.0,1.0,1,0,0,0,0,0,934,367,178,93,37,23,0,4,20,47,72,182
2000,38,38,2037,17887670622,17887870522,1789885883795,2026-09-20 14:31:23.795,2026-09-21 02:21:45.611,42621.816,710.3636,1.49,low,9.7334,5000.0,1.0,0,0,0,0,0,0,933,367,178,93,37,23,1,5,21,48,73,183
2000,39,39,2038,17887670722,17887870622,1789885904636,2026-09-20 14:31:44.636,2026-09-21 02:22:05.566,42620.93,710.348833,2.15,mid,9.7332,5000.0,1.0,1,0,0,0,0,0,933,367,178,93,37,23,0,6,22,49,74,184
2000,40,40,2039,17887670822,17887870722,1789885920193,2026-09-20 14:32:00.193,2026-09-21 02:22:19.404,42619.211,710.320183,1.41,low,9.7331,5000.0,1.0,0,0,0,0,0,0,933,367,178,93,37,23,1,7,23,50,75,185
2000,41,41,2040,17887670922,17887870822,1789885932403,2026-09-20 14:32:12.403,2026-09-21 02:22:41.568,42629.165,710.486083,2.63,mid,9.7338,5000.0,1.0,1,0,0,0,0,0,934,367,178,93,37,23,0,8,24,51,76,186
2000,42,42,2041,17887671022,17887870922,1789885946467,2026-09-20 14:32:26.467,2026-09-21 02:23:13.929,42647.462,710.791033,6.78,mid,9.7365,5000.0,1.0,1,1,0,0,0,0,935,368,178,93,37,23,0,0,25,52,77,187
2000,43,43,2042,17887671122,17887871022,1789885959660,2026-09-20 14:32:39.660,2026-09-21 02:23:50.506,42670.846,711.180767,8.71,mid,9.7402,5000.0,1.0,1,1,0,0,0,0,936,369,178,93,37,23,0,0,26,53,78,188
2000,44,44,2043,17887671222,17887871122,1789885989430,2026-09-20 14:33:09.430,2026-09-21 02:24:08.213,42658.783,710.979717,1.87,low,9.7386,5000.0,1.0,0,0,0,0,0,0,935,368,178,93,37,23,1,1,27,54,79,189
2000,45,45,2044,17887671322,17887871222,1789886010957,2026-09-20 14:33:30.957,2026-09-21 02:24:22.918,42651.961,710.866017,1.54,low,9.7381,5000.0,1.0,0,0,0,0,0,0,934,368,178,93,37,23,2,2,28,55,80,190
2000,46,46,2045,17887671422,17887871322,1789886033750,2026-09-20 14:33:53.750,2026-09-21 02:24:42.848,42649.098,710.8183,2.32,mid,9.7378,5000.0,1.0,1,0,0,0,0,0,934,368,178,93,37,23,0,3,29,56,81,191
2000,47,47,2046,17887671522,17887871422,1789886050143,2026-09-20 14:34:10.143,2026-09-21 02:26:20.928,42730.785,712.17975,1498.33,extra,10.4861,5000.0,1.0,1,1,1,1,1,1,935,369,179,94,38,24,0,0,0,0,0,0
2000,48,48,2047,17887671622,17887871522,1789886063153,2026-09-20 14:34:23.153,2026-09-21 02:26:31.290,42728.137,712.135617,1.0,low,10.486,5000.0,1.0,0,0,0,0,0,0,935,369,179,94,38,24,1,1,1,1,1,1
2000,49,49,2048,17887671722,17887871622,1789886122910,2026-09-20 14:35:22.910,2026-09-21 02:26:58.717,42695.807,711.596783,4.06,mid,10.457,5000.0,1.0,1,0,0,0,0,0,935,368,178,93,37,24,0,2,2,2,2,2
2000,50,50,2049,17887671822,17887871722,1789886144747,2026-09-20 14:35:44.747,2026-09-21 02:27:08.346,42683.599,711.393317,1.0,low,10.4562,5000.0,1.0,0,0,0,0,0,0,934,368,178,93,37,24,1,3,3,3,3,3
2000,51,51,2050,17887671922,17887871822,1789886161453,2026-09-20 14:36:01.453,2026-09-21 02:27:28.728,42687.275,711.454583,2.3,mid,10.4565,5000.0,1.0,1,0,0,0,0,0,935,368,178,93,37,24,0,4,4,4,4,4
2000,52,52,2051,17887672022,17887871922,1789886179543,2026-09-20 14:36:19.543,2026-09-21 02:27:49.364,42689.821,711.497017,1.99,low,10.4565,5000.0,1.0,0,0,0,0,0,0,935,368,178,93,37,24,1,5,5,5,5,5
2000,53,53,2052,17887672122,17887872022,1789886208980,2026-09-20 14:36:48.980,2026-09-21 02:28:09.919,42680.939,711.348983,2.39,mid,10.4552,5000.0,1.0,1,0,0,0,0,0,935,368,178,93,37,24,0,6,6,6,6,6
2000,54,54,2053,17887672222,17887872122,1789886224633,2026-09-20 14:37:04.633,2026-09-21 02:28:45.637,42701.004,711.6834,8.22,mid,10.4585,5000.0,1.0,1,1,0,0,0,0,936,369,178,93,37,24,0,0,7,7,7,7
2000,55,55,2054,17887672322,17887872222,1789886237430,2026-09-20 14:37:17.430,2026-09-21 02:28:59.334,42701.904,711.6984,1.39,low,10.4586,5000.0,1.0,0,0,0,0,0,0,936,369,178,93,37,24,1,1,8,8,8,8
2000,56,56,2055,17887672422,17887872322,1789886258583,2026-09-20 14:37:38.583,2026-09-21 02:29:24.900,42706.317,711.77195,3.64,mid,10.4591,5000.0,1.0,1,0,0,0,0,0,936,369,178,93,37,24,0,2,9,9,9,9
2000,57,57,2056,17887672522,17887872422,1789886281070,2026-09-20 14:38:01.070,2026-09-21 02:29:46.777,42705.707,711.761783,2.68,mid,10.4591,5000.0,1.0,1,0,0,0,0,0,936,369,178,93,37,24,0,3,10,10,10,10
2000,58,58,2057,17887672622,17887872522,1789886291207,2026-09-20 14:38:11.207,2026-09-21 02:29:57.592,42706.385,711.773083,1.07,low,10.4591,5000.0,1.0,0,0,0,0,0,0,936,369,178,93,37,24,1,4,11,11,11,11
2000,59,59,2058,17887672722,17887872622,1789886316730,2026-09-20 14:38:36.730,2026-09-21 02:30:12.234,42695.504,711.591733,1.47,low,10.458,5000.0,1.0,0,0,0,0,0,0,935,369,178,93,37,24,2,5,12,12,12,12
2000,60,60,2059,17887672822,17887872722,1789886336353,2026-09-20 14:38:56.353,2026-09-21 02:30:26.711,42690.358,711.505967,1.45,low,10.4576,5000.0,1.0,0,0,0,0,0,0,934,369,178,93,37,24,3,6,13,13,13,13
2000,61,61,2060,17887672922,17887872822,1789886359813,2026-09-20 14:39:19.813,2026-09-21 02:30:55.132,42695.319,711.58865,4.59,mid,10.4584,5000.0,1.0,1,0,0,0,0,0,934,369,178,93,37,24,0,7,14,14,14,14
2000,62,62,2061,17887673022,17887872922,1789886371920,2026-09-20 14:39:31.920,2026-09-21 02:31:11.226,42699.306,711.6551,1.65,low,10.4586,5000.0,1.0,0,0,0,0,0,0,934,369,178,93,37,24,1,8,15,15,15,15
2000,63,63,2062,17887673122,17887873022,1789886382973,2026-09-20 14:39:42.973,2026-09-21 02:31:28.831,42705.858,711.7643,1.88,low,10.459,5000.0,1.0,0,0,0,0,0,0,934,369,178,93,37,24,2,9,16,16,16,16
2000,64,64,2063,17887673222,17887873122,1789886396423,2026-09-20 14:39:56.423,2026-09-21 02:32:04.645,42728.222,712.137033,8.56,mid,10.4626,5000.0,1.0,1,1,0,0,0,0,935,370,178,93,37,24,0,0,17,17,17,17
2000,65,65,2064,17887673322,17887873222,1789886406893,2026-09-20 14:40:06.893,2026-09-21 02:32:23.119,42736.226,712.270433,2.01,mid,10.4631,5000.0,1.0,1,0,0,0,0,0,936,370,178,93,37,24,0,1,18,18,18,18
2000,66,66,2065,17887673422,17887873322,1789886422363,2026-09-20 14:40:22.363,2026-09-21 02:32:40.059,42737.696,712.294933,1.78,low,10.4632,5000.0,1.0,0,0,0,0,0,0,936,370,178,93,37,24,1,2,19,19,19,19
2000,67,67,2066,17887673522,17887873422,1789886436767,2026-09-20 14:40:36.767,2026-09-21 02:33:35.594,42778.827,712.98045,43.32,high,10.4842,5000.0,1.0,1,1,1,1,0,0,937,371,179,94,37,24,0,0,0,0,20,20
2000,68,68,2067,17887673622,17887873522,1789886446860,2026-09-20 14:40:46.860,2026-09-21 02:33:45.733,42778.873,712.981217,1.0,low,10.4842,5000.0,1.0,0,0,0,0,0,0,937,371,179,94,37,24,1,1,1,1,21,21
2000,69,69,2068,17887673722,17887873622,1789886463987,2026-09-20 14:41:03.987,2026-09-21 02:34:12.421,42788.434,713.140567,4.1,mid,10.4853,5000.0,1.0,1,0,0,0,0,0,938,371,179,94,37,24,0,2,2,2,22,22
2000,70,70,2069,17887673822,17887873722,1789886481803,2026-09-20 14:41:21.803,2026-09-21 02:34:24.728,42782.925,713.04875,1.21,low,10.485,5000.0,1.0,0,0,0,0,0,0,938,371,179,94,37,24,1,3,3,3,23,23
2000,71,71,2070,17887673922,17887873822,1789886497590,2026-09-20 14:41:37.590,2026-09-21 02:34:36.036,42778.446,712.9741,1.13,low,10.4847,5000.0,1.0,0,0,0,0,0,0,938,371,179,94,37,24,2,4,4,4,24,24
2000,72,72,2071,17887674022,17887873922,1789886519363,2026-09-20 14:41:59.363,2026-09-21 02:35:02.493,42783.13,713.052167,3.81,mid,10.4853,5000.0,1.0,1,0,0,0,0,0,938,371,179,94,37,24,0,5,5,5,25,25
2000,73,73,2072,17887674122,17887874022,1789886530870,2026-09-20 14:42:10.870,2026-09-21 02:35:16.096,42785.226,713.0871,1.37,low,10.4854,5000.0,1.0,0,0,0,0,0,0,938,371,179,94,37,24,1,6,6,6,26,26
2000,74,74,2073,17887674222,17887874122,1789886545397,2026-09-20 14:42:25.397,2026-09-21 02:35:30.100,42784.703,713.078383,1.35,low,10.4854,5000.0,1.0,0,0,0,0,0,0,938,371,179,94,37,24,2,7,7,7,27,27
2000,75,75,2074,17887674322,17887874222,1789886574123,2026-09-20 14:42:54.123,2026-09-21 02:35:44.122,42769.999,712.833317,1.39,low,10.4837,5000.0,1.0,0,0,0,0,0,0,937,371,179,94,37,24,3,8,8,8,28,28
2000,76,76,2075,17887674422,17887874322,1789886585920,2026-09-20 14:43:05.920,2026-09-21 02:36:01.206,42775.286,712.921433,1.84,low,10.484,5000.0,1.0,0,0,0,0,0,0,937,371,179,94,37,24,4,9,9,9,29,29
2000,77,77,2076,17887674522,17887874422,1789886596003,2026-09-20 14:43:16.003,2026-09-21 02:36:18.058,42782.055,713.03425,1.71,low,10.4844,5000.0,1.0,0,0,0,0,0,0,937,371,179,94,37,24,5,10,10,10,30,30
2000,78,78,2077,17887674622,17887874522,1789886606113,2026-09-20 14:43:26.113,2026-09-21 02:36:30.002,42783.889,713.064817,1.16,low,10.4845,5000.0,1.0,0,0,0,0,0,0,937,371,179,94,37,24,6,11,11,11,31,31
2000,79,79,2078,17887674722,17887874622,1789886639450,2026-09-20 14:43:59.450,2026-09-21 02:36:45.534,42766.084,712.768067,1.57,low,10.4818,5000.0,1.0,0,0,0,0,0,0,936,370,179,94,37,24,7,12,12,12,32,32
2000,80,80,2079,17887674822,17887874722,1789886651846,2026-09-20 14:44:11.846,2026-09-21 02:37:06.506,42774.66,712.911,2.48,mid,10.4824,5000.0,1.0,1,0,0,0,0,0,937,370,179,94,37,24,0,13,13,13,33,33
2000,81,81,2080,17887674922,17887874822,1789886666650,2026-09-20 14:44:26.650,2026-09-21 02:37:31.299,42784.649,713.077483,3.56,mid,10.4835,5000.0,1.0,1,0,0,0,0,0,938,370,179,94,37,24,0,14,14,14,34,34
2000,82,82,2081,17887675022,17887874922,1789886679388,2026-09-20 14:44:39.388,2026-09-21 02:37:50.326,42790.938,713.1823,1.72,low,10.4837,5000.0,1.0,0,0,0,0,0,0,938,370,179,94,37,24,1,15,15,15,35,35
2000,83,83,2082,17887675122,17887875022,1789886690803,2026-09-20 14:44:50.803,2026-09-21 02:38:30.575,42819.772,713.662867,11.67,mid,10.489,5000.0,1.0,1,1,1,0,0,0,939,371,180,94,37,24,0,0,0,16,36,36
2000,84,84,2083,17887675222,17887875122,1789886704343,2026-09-20 14:45:04.343,2026-09-21 02:38:42.711,42818.368,713.639467,1.21,low,10.4889,5000.0,1.0,0,0,0,0,0,0,939,371,180,94,37,24,1,1,1,17,37,37
2000,85,85,2084,17887675322,17887875222,1789886719340,2026-09-20 14:45:19.340,2026-09-21 02:38:54.734,42815.394,713.5899,1.21,low,10.4888,5000.0,1.0,0,0,0,0,0,0,939,371,180,94,37,24,2,2,2,18,38,38
2000,86,86,2085,17887675422,17887875322,1789886742063,2026-09-20 14:45:42.063,2026-09-21 02:39:09.301,42807.238,713.453967,1.44,low,10.488,5000.0,1.0,0,0,0,0,0,0,938,371,180,94,37,24,3,3,3,19,39,39
2000,87,87,2086,17887675522,17887875422,1789886752753,2026-09-20 14:45:52.753,2026-09-21 02:39:20.734,42807.981,713.46635,1.15,low,10.4881,5000.0,1.0,0,0,0,0,0,0,938,371,180,94,37,24,4,4,4,20,40,40
2000,88,88,2087,17887675622,17887875522,1789886772187,2026-09-20 14:46:12.187,2026-09-21 02:39:34.264,42802.077,713.36795,1.31,low,10.4876,5000.0,1.0,0,0,0,0,0,0,937,371,180,94,37,24,5,5,5,21,41,41
2000,89,89,2088,17887675722,17887875622,1789886786680,2026-09-20 14:46:26.680,2026-09-21 02:40:02.965,42816.285,713.60475,4.6,mid,10.4892,5000.0,1.0,1,0,0,0,0,0,938,371,180,94,37,24,0,6,6,22,42,42
2000,90,90,2089,17887675822,17887875722,1789886805647,2026-09-20 14:46:45.647,2026-09-21 02:40:14.366,42808.719,713.47865,1.18,low,10.4888,5000.0,1.0,0,0,0,0,0,0,937,371,180,94,37,24,1,7,7,23,43,43
2000,91,91,2090,17887675922,17887875822,1789886820967,2026-09-20 14:47:00.967,2026-09-21 02:40:30.902,42809.935,713.498917,1.75,low,10.4889,5000.0,1.0,0,0,0,0,0,0,937,371,180,94,37,24,2,8,8,24,44,44
2000,92,92,2091,17887676022,17887875922,1789886835553,2026-09-20 14:47:15.553,2026-09-21 02:40:42.902,42807.349,713.455817,1.17,low,10.4887,5000.0,1.0,0,0,0,0,0,0,937,371,180,94,37,24,3,9,9,25,45,45
2000,93,93,2092,17887676122,17887876022,1789886845657,2026-09-20 14:47:25.657,2026-09-21 02:40:54.872,42809.215,713.486917,1.16,low,10.4888,5000.0,1.0,0,0,0,0,0,0,937,371,180,94,37,24,4,10,10,26,46,46
2000,94,94,2093,17887676222,17887876122,1789886874757,2026-09-20 14:47:54.757,2026-09-21 02:41:06.822,42792.065,713.201083,1.16,low,10.4869,5000.0,1.0,0,0,0,0,0,0,936,371,180,94,37,24,5,11,11,27,47,47
2000,95,95,2094,17887676322,17887876222,1789886890520,2026-09-20 14:48:10.520,2026-09-21 02:41:31.719,42801.199,713.353317,3.45,mid,10.4879,5000.0,1.0,1,0,0,0,0,0,937,371,180,94,37,24,0,12,12,28,48,48
2000,96,96,2095,17887676422,17887876322,1789886923960,2026-09-20 14:48:43.960,2026-09-21 02:41:49.524,42785.564,713.092733,1.93,low,10.4853,5000.0,1.0,0,0,0,0,0,0,936,370,180,94,37,24,1,13,13,29,49,49
2000,97,97,2096,17887676522,17887876422,1789886954983,2026-09-20 14:49:14.983,2026-09-21 02:42:03.004,42768.021,712.80035,1.36,low,10.4832,5000.0,1.0,0,0,0,0,0,0,935,369,180,94,37,24,2,14,14,30,50,50
2000,98,98,2097,17887676622,17887876522,1789886971947,2026-09-20 14:49:31.947,2026-09-21 02:42:13.428,42761.481,712.69135,1.04,low,10.4828,5000.0,1.0,0,0,0,0,0,0,935,369,180,94,37,24,3,15,15,31,51,51
2000,99,99,2098,17887676722,17887876622,1789886986803,2026-09-20 14:49:46.803,2026-09-21 02:42:54.706,42787.903,713.131717,9.82,mid,10.4869,5000.0,1.0,1,1,0,0,0,0,936,370,180,94,37,24,0,0,16,32,52,52
2000,100,100,2099,17887676822,17887876722,1789887008320,2026-09-20 14:50:08.320,2026-09-21 02:43:13.743,42785.423,713.090383,2.12,mid,10.4867,5000.0,1.0,1,0,0,0,0,0,936,370,180,94,37,24,0,1,17,33,53,53
2000,101,101,2100,17887676922,17887876822,1789887026260,2026-09-20 14:50:26.260,2026-09-21 02:43:28.060,42781.8,713.03,1.43,low,10.4865,5000.0,1.0,0,0,0,0,0,0,936,370,180,94,37,24,1,2,18,34,54,54
2000,102,102,2101,17887677022,17887876922,1789887039780,2026-09-20 14:50:39.780,2026-09-21 02:43:51.293,42791.513,713.191883,2.91,mid,10.4872,5000.0,1.0,1,0,0,0,0,0,937,370,180,94,37,24,0,3,19,35,55,55
2000,103,103,2102,17887677122,17887877022,1789887049863,2026-09-20 14:50:49.863,2026-09-21 02:44:14.824,42804.961,713.416017,3.12,mid,10.4883,5000.0,1.0,1,0,0,0,0,0,938,370,180,94,37,24,0,4,20,36,56,56
2000,104,104,2103,17887677222,17887877122,1789887066427,2026-09-20 14:51:06.427,2026-09-21 02:44:33.991,42807.564,713.4594,2.16,mid,10.4885,5000.0,1.0,1,0,0,0,0,0,939,370,180,94,37,24,0,5,21,37,57,57
2000,105,105,2104,17887677322,17887877222,1789887103752,2026-09-20 14:51:43.752,2026-09-21 02:44:44.352,42780.6,713.01,1.01,low,10.4842,5000.0,1.0,0,0,0,0,0,0,938,369,180,94,37,24,1,6,22,38,58,58
2000,106,106,2105,17887677422,17887877322,1789887119110,2026-09-20 14:51:59.110,2026-09-21 02:45:00.428,42781.318,713.021967,1.68,low,10.4843,5000.0,1.0,0,0,0,0,0,0,938,369,180,94,37,24,2,7,23,39,59,59
2000,107,107,2106,17887677522,17887877422,1789887129590,2026-09-20 14:52:09.590,2026-09-21 02:45:16.575,42786.985,713.116417,1.68,low,10.4846,5000.0,1.0,0,0,0,0,0,0,938,369,180,94,37,24,3,8,24,40,60,60
2000,108,108,2107,17887677622,17887877522,1789887139953,2026-09-20 14:52:19.953,2026-09-21 02:45:27.105,42787.152,713.1192,1.0,low,10.4846,5000.0,1.0,0,0,0,0,0,0,938,369,180,94,37,24,4,9,25,41,61,61
2000,109,109,2108,17887677722,17887877622,1789887154027,2026-09-20 14:52:34.027,2026-09-21 02:45:39.539,42785.512,713.091867,1.26,low,10.4845,5000.0,1.0,0,0,0,0,0,0,938,369,180,94,37,24,5,10,26,42,62,62
2000,110,110,2109,17887677822,17887877722,1789887170567,2026-09-20 14:52:50.567,2026-09-21 02:45:49.652,42779.085,712.98475,1.0,low,10.4841,5000.0,1.0,0,0,0,0,0,0,938,369,180,94,37,24,6,11,27,43,63,63
2000,111,111,2110,17887677922,17887877822,1789887182250,2026-09-20 14:53:02.250,2026-09-21 02:45:59.679,42777.429,712.95715,1.0,low,10.4841,5000.0,1.0,0,0,0,0,0,0,938,369,180,94,37,24,7,12,28,44,64,64
2000,112,112,2111,17887678022,17887877922,1789887192367,2026-09-20 14:53:12.367,2026-09-21 02:46:13.508,42781.141,713.019017,1.42,low,10.4843,5000.0,1.0,0,0,0,0,0,0,938,369,180,94,37,24,8,13,29,45,65,65
2000,113,113,2112,17887678122,17887878022,1789887211617,2026-09-20 14:53:31.617,2026-09-21 02:46:25.901,42774.284,712.904733,1.17,low,10.4838,5000.0,1.0,0,0,0,0,0,0,937,369,180,94,37,24,9,14,30,46,66,66
2000,114,114,2113,17887678222,17887878122,1789887247273,2026-09-20 14:54:07.273,2026-09-21 02:46:46.869,42759.596,712.659933,2.44,mid,10.4808,5000.0,1.0,1,0,0,0,0,0,937,368,180,94,37,24,0,15,31,47,67,67
2000,115,115,2114,17887678322,17887878222,1789887282607,2026-09-20 14:54:42.607,2026-09-21 02:47:24.490,42761.883,712.69805,10.03,mid,10.4817,5000.0,1.0,1,1,1,0,0,0,937,368,181,94,37,24,0,0,0,48,68,68
2000,116,116,2115,17887678422,17887878322,1789887369583,2026-09-20 14:56:09.583,2026-09-21 02:47:43.341,42693.758,711.562633,1.77,low,10.1854,5000.0,1.0,0,0,0,0,0,0,936,367,180,93,36,23,1,1,1,49,69,69
2000,117,117,2116,17887678522,17887878422,1789887384387,2026-09-20 14:56:24.387,2026-09-21 02:48:00.326,42695.939,711.598983,1.82,low,10.1855,5000.0,1.0,0,0,0,0,0,0,936,367,180,93,36,23,2,2,2,50,70,70
2000,118,118,2117,17887678622,17887878522,1789887421083,2026-09-20 14:57:01.083,2026-09-21 02:48:17.675,42676.592,711.276533,1.84,low,10.1819,5000.0,1.0,0,0,0,0,0,0,935,366,180,93,36,23,3,3,3,51,71,71
2000,119,119,2118,17887678722,17887878622,1789887443530,2026-09-20 14:57:23.530,2026-09-21 02:48:30.585,42667.055,711.117583,1.3,low,10.1811,5000.0,1.0,0,0,0,0,0,0,934,366,180,93,36,23,4,4,4,52,72,72
2000,120,120,2119,17887678822,17887878722,1789887470440,2026-09-20 14:57:50.440,2026-09-21 02:48:53.325,42662.885,711.048083,2.9,mid,10.1805,5000.0,1.0,1,0,0,0,0,0,934,366,180,93,36,23,0,5,5,53,73,73
2000,121,121,2120,17887678922,17887878822,1789887490660,2026-09-20 14:58:10.660,2026-09-21 02:49:06.707,42656.047,710.934117,1.29,low,10.18,5000.0,1.0,0,0,0,0,0,0,933,366,180,93,36,23,1,6,6,54,74,74
2000,122,122,2121,17887679022,17887878922,1789887503283,2026-09-20 14:58:23.283,2026-09-21 02:49:19.259,42655.976,710.932933,1.22,low,10.18,5000.0,1.0,0,0,0,0,0,0,933,366,180,93,36,23,2,7,7,55,75,75
2000,123,123,2122,17887679122,17887879022,1789887533047,2026-09-20 14:58:53.047,2026-09-21 02:49:29.001,42635.954,710.599233,1.0,low,10.1779,5000.0,1.0,0,0,0,0,0,0,932,365,180,93,36,23,3,8,8,56,76,76
2000,124,124,2123,17887679222,17887879122,1789887552900,2026-09-20 14:59:12.900,2026-09-21 02:49:52.650,42639.75,710.6625,3.03,mid,10.1783,5000.0,1.0,1,0,0,0,0,0,932,365,180,93,36,23,0,9,9,57,77,77
2000,125,125,2124,17887679322,17887879222,1789887568053,2026-09-20 14:59:28.053,2026-09-21 02:50:12.331,42644.278,710.737967,2.28,mid,10.1787,5000.0,1.0,1,0,0,0,0,0,933,365,180,93,36,23,0,10,10,58,78,78
2000,126,126,2125,17887679422,17887879322,1789887602420,2026-09-20 15:00:02.420,2026-09-21 02:50:35.402,42632.982,710.5497,2.9,mid,10.1764,5000.0,1.0,1,0,0,0,0,0,933,364,180,93,36,23,0,11,11,59,79,79
2000,127,127,2126,17887679522,17887879422,1789887612930,2026-09-20 15:00:12.930,2026-09-21 02:51:14.534,42661.604,711.026733,11.46,mid,10.1816,5000.0,1.0,1,1,1,0,0,0,934,365,181,93,36,23,0,0,0,60,80,80
2000,128,128,2127,17887679622,17887879522,1789887625433,2026-09-20 15:00:25.433,2026-09-21 02:51:29.905,42664.472,711.074533,1.48,low,10.1817,5000.0,1.0,0,0,0,0,0,0,934,365,181,93,36,23,1,1,1,61,81,81
2000,129,129,2128,17887679722,17887879622,1789887644780,2026-09-20 15:00:44.780,2026-09-21 02:51:44.071,42659.291,710.988183,1.43,low,10.1813,5000.0,1.0,0,0,0,0,0,0,933,365,181,93,36,23,2,2,2,62,82,82
2000,130,130,2129,17887679822,17887879722,1789887654913,2026-09-20 15:00:54.913,2026-09-21 02:52:38.040,42703.127,711.718783,38.87,high,10.2003,5000.0,1.0,1,1,1,1,0,0,934,366,182,94,36,23,0,0,0,0,83,83
2000,131,131,2130,17887679922,17887879822,1789887667790,2026-09-20 15:01:07.790,2026-09-21 02:53:22.549,42734.759,712.245983,17.58,mid,10.2084,5000.0,1.0,1,1,1,0,0,0,935,367,183,94,36,23,0,0,0,1,84,84
2000,132,132,2131,17887680022,17887879922,1789887687083,2026-09-20 15:01:27.083,2026-09-21 02:53:32.958,42725.875,712.097917,1.0,low,10.2078,5000.0,1.0,0,0,0,0,0,0,934,367,183,94,36,23,1,1,1,2,85,85
2000,133,133,2132,17887680122,17887880022,1789887698960,2026-09-20 15:01:38.960,2026-09-21 02:53:46.372,42727.412,712.123533,1.38,low,10.2079,5000.0,1.0,0,0,0,0,0,0,934,367,183,94,36,23,2,2,2,3,86,86
2000,134,134,2133,17887680222,17887880122,1789887711530,2026-09-20 15:01:51.530,2026-09-21 02:54:17.295,42745.765,712.429417,5.43,mid,10.21,5000.0,1.0,1,1,0,0,0,0,935,368,183,94,36,23,0,0,3,4,87,87
2000,135,135,2134,17887680322,17887880222,1789887764737,2026-09-20 15:02:44.737,2026-09-21 02:54:40.825,42716.088,711.9348,3.2,mid,10.1936,5000.0,1.0,1,0,0,0,0,0,935,367,182,93,36,23,0,1,4,5,88,88
2000,136,136,2135,17887680422,17887880322,1789887782547,2026-09-20 15:03:02.547,2026-09-21 02:54:51.216,42708.669,711.81115,1.02,low,10.1932,5000.0,1.0,0,0,0,0,0,0,935,367,182,93,36,23,1,2,5,6,89,89
2000,137,137,2136,17887680522,17887880422,1789887804740,2026-09-20 15:03:24.740,2026-09-21 02:55:03.200,42698.46,711.641,1.18,low,10.1924,5000.0,1.0,0,0,0,0,0,0,934,367,182,93,36,23,2,3,6,7,90,90
2000,138,138,2137,17887680622,17887880522,1789887818353,2026-09-20 15:03:38.353,2026-09-21 02:55:21.410,42703.057,711.717617,1.97,low,10.1927,5000.0,1.0,0,0,0,0,0,0,934,367,182,93,36,23,3,4,7,8,91,91
2000,139,139,2138,17887680722,17887880622,1789887834930,2026-09-20 15:03:54.930,2026-09-21 02:55:57.708,42722.778,712.0463,8.89,mid,10.1963,5000.0,1.0,1,1,0,0,0,0,935,368,182,93,36,23,0,0,8,9,92,92
2000,140,140,2139,17887680822,17887880722,1789887847500,2026-09-20 15:04:07.500,2026-09-21 02:56:27.865,42740.365,712.339417,5.39,mid,10.1984,5000.0,1.0,1,1,0,0,0,0,936,369,182,93,36,23,0,0,9,10,93,93
2000,141,141,2140,17887680922,17887880822,1789887880753,2026-09-20 15:04:40.753,2026-09-21 02:57:18.927,42758.174,712.636233,22.31,mid,10.2061,5000.0,1.0,1,1,1,1,0,0,936,369,183,94,36,23,0,0,0,0,94,94
2000,142,142,2141,17887681022,17887880922,1789887892257,2026-09-20 15:04:52.257,2026-09-21 02:57:31.551,42759.294,712.6549,1.28,low,10.2062,5000.0,1.0,0,0,0,0,0,0,936,369,183,94,36,23,1,1,1,1,95,95
2000,143,143,2142,17887681122,17887881022,1789887930187,2026-09-20 15:05:30.187,2026-09-21 02:58:23.739,42773.552,712.892533,33.41,high,10.2178,5000.0,1.0,1,1,1,1,0,0,936,369,183,95,36,23,0,0,0,0,96,96
2000,144,144,2143,17887681222,17887881122,1789887979736,2026-09-20 15:06:19.736,2026-09-21 02:59:24.520,42784.784,713.079733,66.04,high,10.2376,5000.0,1.0,1,1,1,1,1,0,936,369,183,95,37,23,0,0,0,0,0,97
2000,145,145,2144,17887681322,17887881222,1789887993750,2026-09-20 15:06:33.750,2026-09-21 02:59:38.739,42784.989,713.08315,1.43,low,10.2376,5000.0,1.0,0,0,0,0,0,0,936,369,183,95,37,23,1,1,1,1,1,98
2000,146,146,2145,17887681422,17887881322,1789888066707,2026-09-20 15:07:46.707,2026-09-21 02:59:48.842,42722.135,712.035583,1.0,low,10.1455,5000.0,1.0,0,0,0,0,0,0,935,368,182,94,36,22,2,2,2,2,2,99
2000,147,147,2146,17887681522,17887881422,1789888112517,2026-09-20 15:08:32.517,2026-09-21 03:00:00.199,42687.682,711.461367,1.12,low,10.1363,5000.0,1.0,0,0,0,0,0,0,934,367,181,94,36,22,3,3,3,3,3,100
2000,148,148,2147,17887681622,17887881522,1789888124643,2026-09-20 15:08:44.643,2026-09-21 03:00:55.359,42730.716,712.1786,42.23,high,10.1568,5000.0,1.0,1,1,1,1,0,0,935,368,182,95,36,22,0,0,0,0,4,101
2000,149,149,2148,17887681722,17887881622,1789888155100,2026-09-20 15:09:15.100,2026-09-21 03:01:09.833,42714.733,711.912217,1.45,low,10.1548,5000.0,1.0,0,0,0,0,0,0,934,367,182,95,36,22,1,1,1,1,5,102
2000,150,150,2149,17887681822,17887881722,1789888209283,2026-09-20 15:10:09.283,2026-09-21 03:01:30.746,42681.463,711.357717,2.49,mid,10.1366,5000.0,1.0,1,0,0,0,0,0,934,366,181,94,36,22,0,2,2,2,6,103
2000,151,151,2150,17887681922,17887881822,1789888230560,2026-09-20 15:10:30.560,2026-09-21 03:01:46.025,42675.465,711.25775,1.53,low,10.1361,5000.0,1.0,0,0,0,0,0,0,933,366,181,94,36,22,1,3,3,3,7,104
2000,152,152,2151,17887682022,17887881922,1789888243787,2026-09-20 15:10:43.787,2026-09-21 03:02:11.502,42687.715,711.461917,3.47,mid,10.1371,5000.0,1.0,1,0,0,0,0,0,934,366,181,94,36,22,0,4,4,4,8,105
2000,153,153,2152,17887682122,17887882022,1789888253903,2026-09-20 15:10:53.903,2026-09-21 03:02:24.023,42690.12,711.502,1.28,low,10.1373,5000.0,1.0,0,0,0,0,0,0,934,366,181,94,36,22,1,5,5,5,9,106
2000,154,154,2153,17887682222,17887882122,1789888264540,2026-09-20 15:11:04.540,2026-09-21 03:02:40.446,42695.906,711.598433,1.66,low,10.1376,5000.0,1.0,0,0,0,0,0,0,934,366,181,94,36,22,2,6,6,6,10,107
2000,155,155,2154,17887682322,17887882222,1789888292663,2026-09-20 15:11:32.663,2026-09-21 03:02:53.773,42681.11,711.351833,1.34,low,10.136,5000.0,1.0,0,0,0,0,0,0,933,366,181,94,36,22,3,7,7,7,11,108
2000,156,156,2155,17887682422,17887882322,1789888306640,2026-09-20 15:11:46.640,2026-09-21 03:03:15.460,42688.82,711.480333,2.69,mid,10.1367,5000.0,1.0,1,0,0,0,0,0,934,366,181,94,36,22,0,8,8,8,12,109
2000,157,157,2156,17887682522,17887882422,1789888324783,2026-09-20 15:12:04.783,2026-09-21 03:03:25.472,42680.689,711.344817,1.0,low,10.1362,5000.0,1.0,0,0,0,0,0,0,934,366,181,94,36,22,1,9,9,9,13,110
2000,158,158,2157,17887682622,17887882522,1789888353970,2026-09-20 15:12:33.970,2026-09-21 03:04:12.469,42698.499,711.64165,20.3,mid,10.1439,5000.0,1.0,1,1,1,1,0,0,934,367,182,95,36,22,0,0,0,0,14,111
2000,159,159,2158,17887682722,17887882622,1789888380397,2026-09-20 15:13:00.397,2026-09-21 03:04:35.492,42695.095,711.584917,3.18,mid,10.1435,5000.0,1.0,1,0,0,0,0,0,934,367,182,95,36,22,0,1,1,1,15,112
2000,160,160,2159,17887682822,17887882722,1789888410370,2026-09-20 15:13:30.370,2026-09-21 03:04:46.250,42675.88,711.264667,1.03,low,10.1417,5000.0,1.0,0,0,0,0,0,0,933,367,182,95,36,22,1,2,2,2,16,113
2000,161,161,2160,17887682922,17887882822,1789888433703,2026-09-20 15:13:53.703,2026-09-21 03:04:56.545,42662.842,711.047367,1.05,low,10.1407,5000.0,1.0,0,0,0,0,0,0,932,367,182,95,36,22,2,3,3,3,17,114
2000,162,162,2161,17887683022,17887882922,1789888450020,2026-09-20 15:14:10.020,2026-09-21 03:05:20.691,42670.671,711.17785,3.18,mid,10.1414,5000.0,1.0,1,0,0,0,0,0,933,367,182,95,36,22,0,4,4,4,18,115
2000,163,163,2162,17887683122,17887883022,1789888470803,2026-09-20 15:14:30.803,2026-09-21 03:05:30.953,42660.15,711.0025,1.0,low,10.1407,5000.0,1.0,0,0,0,0,0,0,932,367,182,95,36,22,1,5,5,5,19,116
2000,164,164,2163,17887683222,17887883122,1789888486740,2026-09-20 15:14:46.740,2026-09-21 03:05:47.943,42661.203,711.02005,1.69,low,10.1407,5000.0,1.0,0,0,0,0,0,0,932,367,182,95,36,22,2,6,6,6,20,117
2000,165,165,2164,17887683322,17887883222,1789888509527,2026-09-20 15:15:09.527,2026-09-21 03:06:46.915,42697.388,711.623133,60.49,high,10.1696,5000.0,1.0,1,1,1,1,1,0,932,368,183,96,37,22,0,0,0,0,0,118
2000,166,166,2165,17887683422,17887883322,1789888533963,2026-09-20 15:15:33.963,2026-09-21 03:07:16.871,42702.908,711.715133,5.0,mid,10.1704,5000.0,1.0,1,1,0,0,0,0,932,369,183,96,37,22,0,0,1,1,1,119
2000,167,167,2166,17887683522,17887883422,1789888550870,2026-09-20 15:15:50.870,2026-09-21 03:07:35.994,42705.124,711.752067,2.09,mid,10.1706,5000.0,1.0,1,0,0,0,0,0,933,369,183,96,37,22,0,1,2,2,2,120
2000,168,168,2167,17887683622,17887883522,1789888594237,2026-09-20 15:16:34.237,2026-09-21 03:07:55.498,42681.261,711.35435,2.26,mid,10.1637,5000.0,1.0,1,0,0,0,0,0,933,368,182,96,37,22,0,2,3,3,3,121
2000,169,169,2168,17887683722,17887883622,1789888615027,2026-09-20 15:16:55.027,2026-09-21 03:08:27.820,42692.793,711.54655,6.29,mid,10.1657,5000.0,1.0,1,1,0,0,0,0,933,369,182,96,37,22,0,0,4,4,4,122
2000,170,170,2169,17887683822,17887883722,1789888626493,2026-09-20 15:17:06.493,2026-09-21 03:08:40.972,42694.479,711.57465,1.33,low,10.1658,5000.0,1.0,0,0,0,0,0,0,933,369,182,96,37,22,1,1,5,5,5,123
2000,171,171,2170,17887683922,17887883822,1789888636600,2026-09-20 15:17:16.600,2026-09-21 03:08:54.016,42697.416,711.6236,1.26,low,10.1659,5000.0,1.0,0,0,0,0,0,0,933,369,182,96,37,22,2,2,6,6,6,124
2000,172,172,2171,17887684022,17887883922,1789888648407,2026-09-20 15:17:28.407,2026-09-21 03:09:06.478,42698.071,711.634517,1.24,low,10.1659,5000.0,1.0,0,0,0,0,0,0,933,369,182,96,37,22,3,3,7,7,7,125
2000,173,173,2172,17887684122,17887884022,1789888665847,2026-09-20 15:17:45.847,2026-09-21 03:09:25.314,42699.467,711.657783,2.11,mid,10.1661,5000.0,1.0,1,0,0,0,0,0,934,369,182,96,37,22,0,4,8,8,8,126
2000,174,174,2173,17887684222,17887884122,1789888686920,2026-09-20 15:18:06.920,2026-09-21 03:09:35.982,42689.062,711.484367,1.0,low,10.1653,5000.0,1.0,0,0,0,0,0,0,933,369,182,96,37,22,1,5,9,9,9,127
2000,175,175,2174,17887684322,17887884222,1789888699080,2026-09-20 15:18:19.080,2026-09-21 03:10:00.972,42701.892,711.6982,3.57,mid,10.1665,5000.0,1.0,1,0,0,0,0,0,934,369,182,96,37,22,0,6,10,10,10,128
2000,176,176,2175,17887684422,17887884322,1789888721360,2026-09-20 15:18:41.360,2026-09-21 03:10:15.390,42694.03,711.567167,1.43,low,10.1658,5000.0,1.0,0,0,0,0,0,0,933,369,182,96,37,22,1,7,11,11,11,129
2000,177,177,2176,17887684522,17887884422,1789888738810,2026-09-20 15:18:58.810,2026-09-21 03:10:27.443,42688.633,711.477217,1.18,low,10.1655,5000.0,1.0,0,0,0,0,0,0,933,369,182,96,37,22,2,8,12,12,12,130
2000,178,178,2177,17887684622,17887884522,1789888819197,2026-09-20 15:20:19.197,2026-09-21 03:10:43.578,42624.381,710.40635,1.68,low,9.995,5000.0,1.0,0,0,0,0,0,0,932,368,181,95,36,21,3,9,13,13,13,131
2000,179,179,2178,17887684722,17887884622,1789888831890,2026-09-20 15:20:31.890,2026-09-21 03:11:03.909,42632.019,710.53365,2.35,mid,9.9955,5000.0,1.0,1,0,0,0,0,0,933,368,181,95,36,21,0,10,14,14,14,132
2000,180,180,2179,17887684822,17887884722,1789888867753,2026-09-20 15:21:07.753,2026-09-21 03:11:13.999,42606.246,710.1041,1.0,low,9.9918,5000.0,1.0,0,0,0,0,0,0,932,367,181,95,36,21,1,11,15,15,15,133
2000,181,181,2180,17887684922,17887884822,1789888877853,2026-09-20 15:21:17.853,2026-09-21 03:11:30.932,42613.079,710.217983,1.79,low,9.9921,5000.0,1.0,0,0,0,0,0,0,932,367,181,95,36,21,2,12,16,16,16,134
2000,182,182,2181,17887685022,17887884922,1789888897333,2026-09-20 15:21:37.333,2026-09-21 03:11:45.032,42607.699,710.128317,1.11,low,9.9916,5000.0,1.0,0,0,0,0,0,0,931,367,181,95,36,21,3,13,17,17,17,135
2000,183,183,2182,17887685122,17887885022,1789888930943,2026-09-20 15:22:10.943,2026-09-21 03:12:04.544,42593.601,709.89335,2.2,mid,9.9892,5000.0,1.0,1,0,0,0,0,0,931,366,181,95,36,21,0,14,18,18,18,136
2000,184,184,2183,17887685222,17887885122,1789888958115,2026-09-20 15:22:38.115,2026-09-21 03:12:15.562,42577.447,709.624117,1.12,low,9.9877,5000.0,1.0,0,0,0,0,0,0,930,366,181,95,36,21,1,15,19,19,19,137
2000,185,185,2184,17887685322,17887885222,1789888969040,2026-09-20 15:22:49.040,2026-09-21 03:12:30.186,42581.146,709.685767,1.39,low,9.9878,5000.0,1.0,0,0,0,0,0,0,930,366,181,95,36,21,2,16,20,20,20,138
2000,186,186,2185,17887685422,17887885322,1789888983477,2026-09-20 15:23:03.477,2026-09-21 03:12:57.552,42594.075,709.90125,4.35,mid,9.9893,5000.0,1.0,1,0,0,0,0,0,931,366,181,95,36,21,0,17,21,21,21,139
2000,187,187,2186,17887685522,17887885422,1789889027033,2026-09-20 15:23:47.033,2026-09-21 03:13:09.839,42562.806,709.3801,1.2,low,9.9818,5000.0,1.0,0,0,0,0,0,0,930,365,180,95,36,21,1,18,22,22,22,140
2000,188,188,2187,17887685622,17887885522,1789889039063,2026-09-20 15:23:59.063,2026-09-21 03:13:27.937,42568.874,709.481233,1.96,low,9.9822,5000.0,1.0,0,0,0,0,0,0,930,365,180,95,36,21,2,19,23,23,23,141
2000,189,189,2188,17887685722,17887885622,1789889068033,2026-09-20 15:24:28.033,2026-09-21 03:13:57.669,42569.636,709.493933,5.18,mid,9.9824,5000.0,1.0,1,1,0,0,0,0,930,366,180,95,36,21,0,0,24,24,24,142
2000,190,190,2189,17887685822,17887885722,1789889100293,2026-09-20 15:25:00.293,2026-09-21 03:14:19.479,42559.186,709.319767,2.7,mid,9.9806,5000.0,1.0,1,0,0,0,0,0,930,365,180,95,36,21,0,1,25,25,25,143
2000,191,191,2190,17887685922,17887885822,1789889120623,2026-09-20 15:25:20.623,2026-09-21 03:14:39.355,42558.732,709.3122,2.26,mid,9.9806,5000.0,1.0,1,0,0,0,0,0,930,365,180,95,36,21,0,2,26,26,26,144
2000,192,192,2191,17887686022,17887885922,1789889144587,2026-09-20 15:25:44.587,2026-09-21 03:14:57.236,42552.649,709.210817,1.88,low,9.9799,5000.0,1.0,0,0,0,0,0,0,929,365,180,95,36,21,1,3,27,27,27,145
2000,193,193,2192,17887686122,17887886022,1789889154710,2026-09-20 15:25:54.710,2026-09-21 03:15:21.569,42566.859,709.44765,3.31,mid,9.9811,5000.0,1.0,1,0,0,0,0,0,930,365,180,95,36,21,0,4,28,28,28,146
2000,194,194,2193,17887686222,17887886122,1789889174350,2026-09-20 15:26:14.350,2026-09-21 03:15:36.609,42562.259,709.370983,1.52,low,9.9807,5000.0,1.0,0,0,0,0,0,0,929,365,180,95,36,21,1,5,29,29,29,147
2000,195,195,2194,17887686322,17887886222,1789889191850,2026-09-20 15:26:31.850,2026-09-21 03:15:57.702,42565.852,709.430867,2.51,mid,9.981,5000.0,1.0,1,0,0,0,0,0,930,365,180,95,36,21,0,6,30,30,30,148
2000,196,196,2195,17887686422,17887886322,1789889205313,2026-09-20 15:26:45.313,2026-09-21 03:16:36.673,42591.36,709.856,11.06,mid,9.9859,5000.0,1.0,1,1,1,0,0,0,931,366,181,95,36,21,0,0,0,31,31,149
2000,197,197,2196,17887686522,17887886422,1789889261040,2026-09-20 15:27:41.040,2026-09-21 03:16:47.673,42546.633,709.11055,1.1,low,9.9643,5000.0,1.0,0,0,0,0,0,0,930,365,180,94,36,21,1,1,1,32,32,150
2000,198,198,2197,17887686622,17887886522,1789889286967,2026-09-20 15:28:06.967,2026-09-21 03:16:58.670,42531.703,708.861717,1.03,low,9.963,5000.0,1.0,0,0,0,0,0,0,929,365,180,94,36,21,2,2,2,33,33,151
2000,199,199,2198,17887686722,17887886622,1789889299513,2026-09-20 15:28:19.513,2026-09-21 03:17:08.637,42529.124,708.818733,1.0,low,9.9629,5000.0,1.0,0,0,0,0,0,0,929,365,180,94,36,21,3,3,3,34,34,152
2000,200,200,2199,17887686822,17887886722,1789889311847,2026-09-20 15:28:31.847,2026-09-21 03:17:27.669,42535.822,708.930367,2.17,mid,9.9633,5000.0,1.0,1,0,0,0,0,0,930,365,180,94,36,21,0,4,4,35,35,153
2000,201,201,2200,17887686922,17887886822,1789889344620,2026-09-20 15:29:04.620,2026-09-21 03:17:49.527,42524.907,708.74845,2.1,mid,9.9611,5000.0,1.0,1,0,0,0,0,0,930,364,180,94,36,21,0,5,5,36,36,154
2000,202,202,2201,17887687022,17887886922,1789889354720,2026-09-20 15:29:14.720,2026-09-21 03:18:09.812,42535.092,708.9182,2.32,mid,9.9618,5000.0,1.0,1,0,0,0,0,0,931,364,180,94,36,21,0,6,6,37,37,155
2000,203,203,2202,17887687122,17887887022,1789889380640,2026-09-20 15:29:40.640,2026-09-21 03:18:22.580,42521.94,708.699,1.3,low,9.9605,5000.0,1.0,0,0,0,0,0,0,930,364,180,94,36,21,1,7,7,38,38,156
2000,204,204,2203,17887687222,17887887122,1789889409010,2026-09-20 15:30:09.010,2026-09-21 03:18:38.869,42509.859,708.49765,1.66,low,9.9591,5000.0,1.0,0,0,0,0,0,0,929,364,180,94,36,21,2,8,8,39,39,157
2000,205,205,2204,17887687322,17887887222,1789889426683,2026-09-20 15:30:26.683,2026-09-21 03:18:52.135,42505.452,708.4242,1.3,low,9.9588,5000.0,1.0,0,0,0,0,0,0,929,364,180,94,36,21,3,9,9,40,40,158
2000,206,206,2205,17887687422,17887887322,1789889446983,2026-09-20 15:30:46.983,2026-09-21 03:19:02.493,42495.51,708.2585,1.01,low,9.9581,5000.0,1.0,0,0,0,0,0,0,928,364,180,94,36,21,4,10,10,41,41,159
2000,207,207,2206,17887687522,17887887422,1789889457623,2026-09-20 15:30:57.623,2026-09-21 03:19:14.358,42496.735,708.278917,1.23,low,9.9582,5000.0,1.0,0,0,0,0,0,0,928,364,180,94,36,21,5,11,11,42,42,160
2000,208,208,2207,17887687622,17887887522,1789889471263,2026-09-20 15:31:11.263,2026-09-21 03:19:29.663,42498.4,708.306667,1.48,low,9.9583,5000.0,1.0,0,0,0,0,0,0,928,364,180,94,36,21,6,12,12,43,43,161
2000,209,209,2208,17887687722,17887887622,1789889486457,2026-09-20 15:31:26.457,2026-09-21 03:20:06.916,42520.459,708.674317,9.88,mid,9.9624,5000.0,1.0,1,1,0,0,0,0,929,365,180,94,36,21,0,0,13,44,44,162
2000,210,210,2209,17887687822,17887887722,1789889496570,2026-09-20 15:31:36.570,2026-09-21 03:20:44.358,42547.788,709.1298,9.93,mid,9.9669,5000.0,1.0,1,1,0,0,0,0,930,366,180,94,36,21,0,0,14,45,45,163
2000,211,211,2210,17887687922,17887887822,1789889509497,2026-09-20 15:31:49.497,2026-09-21 03:20:55.371,42545.874,709.0979,1.02,low,9.9668,5000.0,1.0,0,0,0,0,0,0,930,366,180,94,36,21,1,1,15,46,46,164
2000,212,212,2211,17887688022,17887887922,1789889533527,2026-09-20 15:32:13.527,2026-09-21 03:21:22.846,42549.319,709.155317,4.39,mid,9.9674,5000.0,1.0,1,0,0,0,0,0,930,366,180,94,36,21,0,2,16,47,47,165
2000,213,213,2212,17887688122,17887888022,1789889543623,2026-09-20 15:32:23.623,2026-09-21 03:21:56.788,42573.165,709.55275,7.32,mid,9.9705,5000.0,1.0,1,1,0,0,0,0,931,367,180,94,36,21,0,0,17,48,48,166
2000,214,214,2213,17887688222,17887888122,1789889553747,2026-09-20 15:32:33.747,2026-09-21 03:22:06.918,42573.171,709.55285,1.0,low,9.9705,5000.0,1.0,0,0,0,0,0,0,931,367,180,94,36,21,1,1,18,49,49,167
2000,215,215,2214,17887688322,17887888222,1789889568587,2026-09-20 15:32:48.587,2026-09-21 03:22:18.011,42569.424,709.4904,1.07,low,9.9703,5000.0,1.0,0,0,0,0,0,0,931,367,180,94,36,21,2,2,19,50,50,168
2000,216,216,2215,17887688422,17887888322,1789889600740,2026-09-20 15:33:20.740,2026-09-21 03:22:28.535,42547.795,709.129917,1.04,low,9.9677,5000.0,1.0,0,0,0,0,0,0,930,366,180,94,36,21,3,3,20,51,51,169
2000,217,217,2216,17887688522,17887888422,1789889611910,2026-09-20 15:33:31.910,2026-09-21 03:22:47.082,42555.172,709.252867,2.1,mid,9.9682,5000.0,1.0,1,0,0,0,0,0,931,366,180,94,36,21,0,4,21,52,52,170
2000,218,218,2217,17887688622,17887888522,1789889627660,2026-09-20 15:33:47.660,2026-09-21 03:23:01.087,42553.427,709.223783,1.38,low,9.9681,5000.0,1.0,0,0,0,0,0,0,931,366,180,94,36,21,1,5,22,53,53,171
2000,219,219,2218,17887688722,17887888622,1789889644613,2026-09-20 15:34:04.613,2026-09-21 03:23:30.987,42566.374,709.439567,5.13,mid,9.9698,5000.0,1.0,1,1,0,0,0,0,932,367,180,94,36,21,0,0,23,54,54,172
2000,220,220,2219,17887688822,17887888722,1789889668977,2026-09-20 15:34:28.977,2026-09-21 03:23:48.590,42559.613,709.326883,1.92,low,9.9694,5000.0,1.0,0,0,0,0,0,0,931,367,180,94,36,21,1,1,24,55,55,173
2000,221,221,2220,17887688922,17887888822,1789889688213,2026-09-20 15:34:48.213,2026-09-21 03:24:40.269,42592.056,709.8676,31.74,high,9.9842,5000.0,1.0,1,1,1,1,0,0,931,368,181,95,36,21,0,0,0,0,56,174
2000,222,222,2221,17887689022,17887888922,1789889701633,2026-09-20 15:35:01.633,2026-09-21 03:25:38.322,42636.689,710.611483,53.42,high,10.0103,5000.0,1.0,1,1,1,1,1,0,932,369,182,96,37,21,0,0,0,0,0,175
2000,223,223,2222,17887689122,17887889022,1789889735930,2026-09-20 15:35:35.930,2026-09-21 03:25:48.932,42613.002,710.2167,1.06,low,10.007,5000.0,1.0,0,0,0,0,0,0,931,368,182,96,37,21,1,1,1,1,1,176
2000,224,224,2223,17887689222,17887889122,1789889750770,2026-09-20 15:35:50.770,2026-09-21 03:26:05.933,42615.163,710.252717,1.78,low,10.0072,5000.0,1.0,0,0,0,0,0,0,931,368,182,96,37,21,2,2,2,2,2,177
2000,225,225,2224,17887689322,17887889222,1789889760847,2026-09-20 15:36:00.847,2026-09-21 03:26:36.973,42636.126,710.6021,5.63,mid,10.0095,5000.0,1.0,1,1,0,0,0,0,932,369,182,96,37,21,0,0,3,3,3,178
2000,226,226,2225,17887689422,17887889322,1789889805263,2026-09-20 15:36:45.263,2026-09-21 03:27:00.249,42614.986,710.249767,3.06,mid,10.0024,5000.0,1.0,1,0,0,0,0,0,932,368,181,96,37,21,0,1,4,4,4,179
2000,227,227,2226,17887689522,17887889422,1789889825850,2026-09-20 15:37:05.850,2026-09-21 03:27:28.979,42623.129,710.385483,4.59,mid,10.0035,5000.0,1.0,1,0,0,0,0,0,932,368,181,96,37,21,0,2,5,5,5,180
2000,228,228,2227,17887689622,17887889522,1789889846037,2026-09-20 15:37:26.037,2026-09-21 03:27:38.941,42612.904,710.215067,1.04,low,10.0028,5000.0,1.0,0,0,0,0,0,0,931,368,181,96,37,21,1,3,6,6,6,181
2000,229,229,2228,17887689722,17887889622,1789889861500,2026-09-20 15:37:41.500,2026-09-21 03:28:06.574,42625.074,710.4179,4.29,mid,10.0042,5000.0,1.0,1,0,0,0,0,0,932,368,181,96,37,21,0,4,7,7,7,182
2000,230,230,2229,17887689822,17887889722,1789889891227,2026-09-20 15:38:11.227,2026-09-21 03:28:32.791,42621.564,710.3594,3.87,mid,10.0036,5000.0,1.0,1,0,0,0,0,0,932,367,181,96,37,21,0,5,8,8,8,183
2000,231,231,2230,17887689922,17887889822,1789889905973,2026-09-20 15:38:25.973,2026-09-21 03:29:18.232,42652.259,710.870983,18.55,mid,10.0121,5000.0,1.0,1,1,1,0,0,0,933,368,182,96,37,21,0,0,0,9,9,184
2000,232,232,2231,17887690022,17887889922,1789889944460,2026-09-20 15:39:04.460,2026-09-21 03:29:35.470,42631.01,710.516833,1.88,low,10.0077,5000.0,1.0,0,0,0,0,0,0,932,367,181,96,37,21,1,1,1,10,10,185
2000,233,233,2232,17887690122,17887890022,1789889970937,2026-09-20 15:39:30.937,2026-09-21 03:29:53.350,42622.413,710.37355,1.88,low,10.0067,5000.0,1.0,0,0,0,0,0,0,931,367,181,96,37,21,2,2,2,11,11,186
2000,234,234,2233,17887690222,17887890122,1789889981017,2026-09-20 15:39:41.017,2026-09-21 03:30:23.422,42642.405,710.70675,5.23,mid,10.0088,5000.0,1.0,1,1,0,0,0,0,932,368,181,96,37,21,0,0,3,12,12,187
2000,235,235,2234,17887690322,17887890222,1789889993197,2026-09-20 15:39:53.197,2026-09-21 03:30:52.868,42659.671,710.994517,5.08,mid,10.0108,5000.0,1.0,1,1,0,0,0,0,933,369,181,96,37,21,0,0,4,13,13,188
2000,236,236,2235,17887690422,17887890322,1789890014503,2026-09-20 15:40:14.503,2026-09-21 03:31:05.140,42650.637,710.84395,1.15,low,10.0101,5000.0,1.0,0,0,0,0,0,0,932,369,181,96,37,21,1,1,5,14,14,189
2000,237,237,2236,17887690522,17887890422,1789890029667,2026-09-20 15:40:29.667,2026-09-21 03:31:17.337,42647.67,710.7945,1.28,low,10.0099,5000.0,1.0,0,0,0,0,0,0,932,369,181,96,37,21,2,2,6,15,15,190
2000,238,238,2237,17887690622,17887890522,1789890055180,2026-09-20 15:40:55.180,2026-09-21 03:31:35.330,42640.15,710.669167,1.92,low,10.0091,5000.0,1.0,0,0,0,0,0,0,931,369,181,96,37,21,3,3,7,16,16,191
2000,239,239,2238,17887690722,17887890622,1789890066227,2026-09-20 15:41:06.227,2026-09-21 03:32:24.876,42678.649,711.310817,26.31,high,10.0217,5000.0,1.0,1,1,1,1,0,0,932,370,182,97,37,21,0,0,0,0,17,192
2000,240,240,2239,17887690822,17887890722,1789890087703,2026-09-20 15:41:27.703,2026-09-21 03:32:44.409,42676.706,711.278433,2.19,mid,10.0218,5000.0,1.0,1,0,0,0,0,0,932,370,182,97,37,21,0,1,1,1,18,193
2000,241,241,2240,17887690922,17887890822,1789890103360,2026-09-20 15:41:43.360,2026-09-21 03:32:56.349,42672.989,711.216483,1.18,low,10.0217,5000.0,1.0,0,0,0,0,0,0,932,370,182,97,37,21,1,2,2,2,19,194
2000,242,242,2241,17887691022,17887890922,1789890117967,2026-09-20 15:41:57.967,2026-09-21 03:33:17.371,42679.404,711.3234,2.52,mid,10.0222,5000.0,1.0,1,0,0,0,0,0,933,370,182,97,37,21,0,3,3,3,20,195
2000,243,243,2242,17887691122,17887891022,1789890130943,2026-09-20 15:42:10.943,2026-09-21 03:33:58.849,42707.906,711.798433,13.37,mid,10.0283,5000.0,1.0,1,1,1,0,0,0,934,371,183,97,37,21,0,0,0,4,21,196
2000,244,244,2243,17887691222,17887891122,1789890155847,2026-09-20 15:42:35.847,2026-09-21 03:34:10.136,42694.289,711.571483,1.13,low,10.0271,5000.0,1.0,0,0,0,0,0,0,933,371,183,97,37,21,1,1,1,5,22,197
2000,245,245,2244,17887691322,17887891222,1789890185840,2026-09-20 15:43:05.840,2026-09-21 03:34:34.167,42688.327,711.472117,3.21,mid,10.0261,5000.0,1.0,1,0,0,0,0,0,933,370,183,97,37,21,0,2,2,6,23,198
2000,246,246,2245,17887691422,17887891322,1789890204604,2026-09-20 15:43:24.604,2026-09-21 03:35:03.481,42698.877,711.64795,4.97,mid,10.0276,5000.0,1.0,1,0,0,0,0,0,933,370,183,97,37,21,0,3,3,7,24,199
2000,247,247,2246,17887691522,17887891422,1789890232670,2026-09-20 15:43:52.670,2026-09-21 03:35:16.492,42683.822,711.397033,1.2,low,10.0259,5000.0,1.0,0,0,0,0,0,0,932,370,183,97,37,21,1,4,4,8,25,200
2000,248,248,2247,17887691622,17887891522,1789890246987,2026-09-20 15:44:06.987,2026-09-21 03:35:28.699,42681.712,711.361867,1.27,low,10.0258,5000.0,1.0,0,0,0,0,0,0,932,370,183,97,37,21,2,5,5,9,26,201
2000,249,249,2248,17887691722,17887891622,1789890262500,2026-09-20 15:44:22.500,2026-09-21 03:35:50.311,42687.811,711.463517,2.53,mid,10.0263,5000.0,1.0,1,0,0,0,0,0,933,370,183,97,37,21,0,6,6,10,27,202
2000,250,250,2249,17887691822,17887891722,1789890282260,2026-09-20 15:44:42.260,2026-09-21 03:36:21.340,42699.08,711.651333,5.79,mid,10.0281,5000.0,1.0,1,1,0,0,0,0,933,371,183,97,37,21,0,0,7,11,28,203
2000,251,251,2250,17887691922,17887891822,1789890312507,2026-09-20 15:45:12.507,2026-09-21 03:36:42.373,42689.866,711.497767,2.58,mid,10.0267,5000.0,1.0,1,0,0,0,0,0,933,370,183,97,37,21,0,1,8,12,29,204
2000,252,252,2251,17887692022,17887891922,1789890324007,2026-09-20 15:45:24.007,2026-09-21 03:36:56.153,42692.146,711.535767,1.37,low,10.0268,5000.0,1.0,0,0,0,0,0,0,933,370,183,97,37,21,1,2,9,13,30,205
2000,253,253,2252,17887692122,17887892022,1789890343057,2026-09-20 15:45:43.057,2026-09-21 03:37:10.432,42687.375,711.45625,1.41,low,10.0265,5000.0,1.0,0,0,0,0,0,0,932,370,183,97,37,21,2,3,10,14,31,206
2000,254,254,2253,17887692222,17887892122,1789890353997,2026-09-20 15:45:53.997,2026-09-21 03:37:45.476,42711.479,711.857983,7.84,mid,10.0299,5000.0,1.0,1,1,0,0,0,0,933,371,183,97,37,21,0,0,11,15,32,207
2000,255,255,2254,17887692322,17887892222,1789890370733,2026-09-20 15:46:10.733,2026-09-21 03:37:58.100,42707.367,711.78945,1.21,low,10.0296,5000.0,1.0,0,0,0,0,0,0,933,371,183,97,37,21,1,1,12,16,33,208
2000,256,256,2255,17887692422,17887892322,1789890390480,2026-09-20 15:46:30.480,2026-09-21 03:38:11.064,42700.584,711.6764,1.31,low,10.0291,5000.0,1.0,0,0,0,0,0,0,932,371,183,97,37,21,2,2,13,17,34,209
2000,257,257,2256,17887692522,17887892422,1789890405750,2026-09-20 15:46:45.750,2026-09-21 03:38:40.317,42714.567,711.90945,4.97,mid,10.0308,5000.0,1.0,1,0,0,0,0,0,933,371,183,97,37,21,0,3,14,18,35,210
2000,258,258,2257,17887692622,17887892522,1789890435340,2026-09-20 15:47:15.340,2026-09-21 03:38:57.967,42702.627,711.71045,1.82,low,10.0292,5000.0,1.0,0,0,0,0,0,0,932,370,183,97,37,21,1,4,15,19,36,211
2000,259,259,2258,17887692722,17887892622,1789890456283,2026-09-20 15:47:36.283,2026-09-21 03:39:17.535,42701.252,711.687533,2.26,mid,10.0291,5000.0,1.0,1,0,0,0,0,0,932,370,183,97,37,21,0,5,16,20,37,212
2000,260,260,2259,17887692822,17887892722,1789890483427,2026-09-20 15:48:03.427,2026-09-21 03:39:30.148,42686.721,711.44535,1.24,low,10.0276,5000.0,1.0,0,0,0,0,0,0,931,370,183,97,37,21,1,6,17,21,38,213
2000,261,261,2260,17887692922,17887892822,1789890495337,2026-09-20 15:48:15.337,2026-09-21 03:39:42.952,42687.615,711.46025,1.28,low,10.0277,5000.0,1.0,0,0,0,0,0,0,931,370,183,97,37,21,2,7,18,22,39,214
2000,262,262,2261,17887693022,17887892922,1789890508707,2026-09-20 15:48:28.707,2026-09-21 03:40:10.769,42702.062,711.701033,4.32,mid,10.0292,5000.0,1.0,1,0,0,0,0,0,932,370,183,97,37,21,0,8,19,23,40,215
2000,263,263,2262,17887693122,17887893022,1789890520937,2026-09-20 15:48:40.937,2026-09-21 03:40:56.868,42735.931,712.265517,20.05,mid,10.0386,5000.0,1.0,1,1,1,1,0,0,933,371,184,98,37,21,0,0,0,0,41,216
2000,264,264,2263,17887693222,17887893122,1789890593800,2026-09-20 15:49:53.800,2026-09-21 03:41:10.026,42676.226,711.270433,1.29,low,9.9474,5000.0,1.0,0,0,0,0,0,0,932,370,183,97,36,20,1,1,1,1,42,217
2000,265,265,2264,17887693322,17887893222,1789890626577,2026-09-20 15:50:26.577,2026-09-21 03:41:34.168,42667.591,711.126517,3.27,mid,9.9457,5000.0,1.0,1,0,0,0,0,0,932,369,183,97,36,20,0,2,2,2,43,218
2000,266,266,2265,17887693422,17887893322,1789890643200,2026-09-20 15:50:43.200,2026-09-21 03:41:44.587,42661.387,711.023117,1.02,low,9.9454,5000.0,1.0,0,0,0,0,0,0,932,369,183,97,36,20,1,3,3,3,44,219
2000,267,267,2266,17887693522,17887893422,1789890671327,2026-09-20 15:51:11.327,2026-09-21 03:41:56.478,42645.151,710.752517,1.14,low,9.9437,5000.0,1.0,0,0,0,0,0,0,931,369,183,97,36,20,2,4,4,4,45,220
2000,268,268,2267,17887693622,17887893522,1789890691607,2026-09-20 15:51:31.607,2026-09-21 03:42:16.746,42645.139,710.752317,2.44,mid,9.9437,5000.0,1.0,1,0,0,0,0,0,931,369,183,97,36,20,0,5,5,5,46,221
2000,269,269,2268,17887693722,17887893622,1789890708550,2026-09-20 15:51:48.550,2026-09-21 03:42:52.460,42663.91,711.065167,8.48,mid,9.9471,5000.0,1.0,1,1,0,0,0,0,932,370,183,97,36,20,0,0,6,6,47,222
2000,270,270,2269,17887693822,17887893722,1789890741740,2026-09-20 15:52:21.740,2026-09-21 03:43:29.080,42667.34,711.122333,8.87,mid,9.9481,5000.0,1.0,1,1,0,0,0,0,932,370,183,97,36,20,0,0,7,7,48,223
2000,271,271,2270,17887693922,17887893822,1789890772240,2026-09-20 15:52:52.240,2026-09-21 03:43:59.595,42667.355,711.122583,5.49,mid,9.9481,5000.0,1.0,1,1,0,0,0,0,932,370,183,97,36,20,0,0,8,8,49,224
2000,272,272,2271,17887694022,17887893922,1789890815750,2026-09-20 15:53:35.750,2026-09-21 03:44:22.337,42646.587,710.77645,2.9,mid,9.9415,5000.0,1.0,1,0,0,0,0,0,932,369,182,97,36,20,0,1,9,9,50,225
2000,273,273,2272,17887694122,17887894022,1789890830503,2026-09-20 15:53:50.503,2026-09-21 03:44:44.565,42654.062,710.901033,2.84,mid,9.9422,5000.0,1.0,1,0,0,0,0,0,933,369,182,97,36,20,0,2,10,10,51,226
2000,274,274,2273,17887694222,17887894122,1789890841133,2026-09-20 15:54:01.133,2026-09-21 03:44:58.311,42657.178,710.952967,1.32,low,9.9423,5000.0,1.0,0,0,0,0,0,0,933,369,182,97,36,20,1,3,11,11,52,227
2000,275,275,2274,17887694322,17887894222,1789890923317,2026-09-20 15:55:23.317,2026-09-21 03:45:17.009,42593.692,709.894867,2.01,mid,9.744,5000.0,1.0,1,0,0,0,0,0,933,368,181,96,35,19,0,4,12,12,53,228
2000,276,276,2275,17887694422,17887894322,1789890934770,2026-09-20 15:55:34.770,2026-09-21 03:45:27.194,42592.424,709.873733,1.0,low,9.7439,5000.0,1.0,0,0,0,0,0,0,933,368,181,96,35,19,1,5,13,13,54,229
2000,277,277,2276,17887694522,17887894422,1789890950843,2026-09-20 15:55:50.843,2026-09-21 03:45:37.279,42586.436,709.773933,1.0,low,9.7436,5000.0,1.0,0,0,0,0,0,0,933,368,181,96,35,19,2,6,14,14,55,230
2000,278,278,2277,17887694622,17887894522,1789890964103,2026-09-20 15:56:04.103,2026-09-21 03:45:57.687,42593.584,709.893067,2.5,mid,9.7442,5000.0,1.0,1,0,0,0,0,0,934,368,181,96,35,19,0,7,15,15,56,231
2000,279,279,2278,17887694722,17887894622,1789891000113,2026-09-20 15:56:40.113,2026-09-21 03:46:11.336,42571.223,709.520383,1.27,low,9.7405,5000.0,1.0,0,0,0,0,0,0,933,367,181,96,35,19,1,8,16,16,57,232
2000,280,280,2279,17887694822,17887894722,1789891012913,2026-09-20 15:56:52.913,2026-09-21 03:46:40.116,42587.203,709.786717,4.86,mid,9.7423,5000.0,1.0,1,0,0,0,0,0,934,367,181,96,35,19,0,9,17,17,58,233
2000,281,281,2280,17887694922,17887894822,1789891029603,2026-09-20 15:57:09.603,2026-09-21 03:47:13.581,42603.978,710.0663,6.78,mid,9.7448,5000.0,1.0,1,1,0,0,0,0,935,368,181,96,35,19,0,0,18,18,59,234
2000,282,282,2281,17887695022,17887894922,1789891042777,2026-09-20 15:57:22.777,2026-09-21 03:47:23.212,42600.435,710.00725,1.0,low,9.7447,5000.0,1.0,0,0,0,0,0,0,935,368,181,96,35,19,1,1,19,19,60,235
2000,283,283,2282,17887695122,17887895022,1789891055787,2026-09-20 15:57:35.787,2026-09-21 03:47:43.574,42607.787,710.129783,2.4,mid,9.7453,5000.0,1.0,1,0,0,0,0,0,936,368,181,96,35,19,0,2,20,20,61,236
2000,284,284,2283,17887695222,17887895122,1789891072513,2026-09-20 15:57:52.513,2026-09-21 03:48:06.999,42614.486,710.241433,2.99,mid,9.7459,5000.0,1.0,1,0,0,0,0,0,937,368,181,96,35,19,0,3,21,21,62,237
2000,285,285,2284,17887695322,17887895222,1789891127033,2026-09-20 15:58:47.033,2026-09-21 03:48:25.749,42578.716,709.645267,2.06,mid,9.7269,5000.0,1.0,1,0,0,0,0,0,937,367,180,95,35,19,0,4,22,22,63,238
2000,286,286,2285,17887695422,17887895322,1789891153287,2026-09-20 15:59:13.287,2026-09-21 03:48:40.753,42567.466,709.457767,1.52,low,9.7258,5000.0,1.0,0,0,0,0,0,0,936,367,180,95,35,19,1,5,23,23,64,239
2000,287,287,2286,17887695522,17887895422,1789891164760,2026-09-20 15:59:24.760,2026-09-21 03:48:56.710,42571.95,709.5325,1.64,low,9.726,5000.0,1.0,0,0,0,0,0,0,936,367,180,95,35,19,2,6,24,24,65,240
2000,288,288,2287,17887695622,17887895522,1789891185650,2026-09-20 15:59:45.650,2026-09-21 03:49:12.510,42566.86,709.447667,1.64,low,9.7256,5000.0,1.0,0,0,0,0,0,0,935,367,180,95,35,19,3,7,25,25,66,241
2000,289,289,2288,17887695722,17887895622,1789891200000,2026-09-20 16:00:00.000,2026-09-21 03:49:25.230,42565.23,709.4205,1.21,low,9.7255,5000.0,1.0,0,0,0,0,0,0,935,367,180,95,35,19,4,8,26,26,67,242
2000,290,290,2289,17887695822,17887895722,1789891220327,2026-09-20 16:00:20.327,2026-09-21 03:49:37.224,42556.897,709.281617,1.22,low,9.7249,5000.0,1.0,0,0,0,0,0,0,934,367,180,95,35,19,5,9,27,27,68,243
2000,291,291,2290,17887695922,17887895822,1789891236700,2026-09-20 16:00:36.700,2026-09-21 03:50:17.092,42580.392,709.6732,11.64,mid,9.7299,5000.0,1.0,1,1,1,0,0,0,935,368,181,95,35,19,0,0,0,28,69,244
2000,292,292,2291,17887696022,17887895922,1789891255387,2026-09-20 16:00:55.387,2026-09-21 03:50:31.433,42576.046,709.600767,1.41,low,9.7296,5000.0,1.0,0,0,0,0,0,0,934,368,181,95,35,19,1,1,1,29,70,245
2000,293,293,2292,17887696122,17887896022,1789891265520,2026-09-20 16:01:05.520,2026-09-21 03:51:04.182,42598.662,709.9777,6.86,mid,9.7325,5000.0,1.0,1,1,0,0,0,0,935,369,181,95,35,19,0,0,2,30,71,246
2000,294,294,2293,17887696222,17887896122,1789891327600,2026-09-20 16:02:07.600,2026-09-21 03:51:38.806,42571.206,709.5201,7.39,mid,9.6987,5000.0,1.0,1,1,0,0,0,0,935,369,180,94,34,19,0,0,3,31,72,247
2000,295,295,2294,17887696322,17887896222,1789891345830,2026-09-20 16:02:25.830,2026-09-21 03:51:48.768,42562.938,709.3823,1.04,low,9.6982,5000.0,1.0,0,0,0,0,0,0,935,369,180,94,34,19,1,1,4,32,73,248
2000,296,296,2295,17887696422,17887896322,1789891367602,2026-09-20 16:02:47.602,2026-09-21 03:52:07.897,42560.295,709.33825,2.12,mid,9.698,5000.0,1.0,1,0,0,0,0,0,935,369,180,94,34,19,0,2,5,33,74,249
2000,297,297,2296,17887696522,17887896422,1789891398790,2026-09-20 16:03:18.790,2026-09-21 03:52:26.563,42547.773,709.12955,2.06,mid,9.6961,5000.0,1.0,1,0,0,0,0,0,935,368,180,94,34,19,0,3,6,34,75,250
2000,298,298,2297,17887696622,17887896522,1789891436163,2026-09-20 16:03:56.163,2026-09-21 03:52:41.315,42525.152,708.752533,1.43,low,9.692,5000.0,1.0,0,0,0,0,0,0,934,367,180,94,34,19,1,4,7,35,76,251
2000,299,299,2298,17887696722,17887896622,1789891449050,2026-09-20 16:04:09.050,2026-09-21 03:53:13.881,42544.831,709.080517,6.7,mid,9.6947,5000.0,1.0,1,1,0,0,0,0,935,368,180,94,34,19,0,0,8,36,77,252
2000,300,300,2299,17887696822,17887896722,1789891485087,2026-09-20 16:04:45.087,2026-09-21 03:53:25.025,42519.938,708.665633,1.09,low,9.6909,5000.0,1.0,0,0,0,0,0,0,934,367,180,94,34,19,1,1,9,37,78,253
2000,301,301,2300,17887696922,17887896822,1789891500813,2026-09-20 16:05:00.813,2026-09-21 03:54:03.889,42543.076,709.051267,10.83,mid,9.6955,5000.0,1.0,1,1,1,0,0,0,935,368,181,94,34,19,0,0,0,38,79,254
2000,302,302,2301,17887697022,17887896922,1789891525647,2026-09-20 16:05:25.647,2026-09-21 03:54:24.487,42538.84,708.980667,2.43,mid,9.695,5000.0,1.0,1,0,0,0,0,0,935,368,181,94,34,19,0,1,1,39,80,255
2000,303,303,2302,17887697122,17887897022,1789891550627,2026-09-20 16:05:50.627,2026-09-21 03:54:46.948,42536.321,708.938683,2.78,mid,9.6947,5000.0,1.0,1,0,0,0,0,0,935,368,181,94,34,19,0,2,2,40,81,256
2000,304,304,2303,17887697222,17887897122,1789891561930,2026-09-20 16:06:01.930,2026-09-21 03:55:11.820,42549.89,709.164833,3.4,mid,9.6959,5000.0,1.0,1,0,0,0,0,0,936,368,181,94,34,19,0,3,3,41,82,257
2000,305,305,2304,17887697322,17887897222,1789891581340,2026-09-20 16:06:21.340,2026-09-21 03:55:28.821,42547.481,709.124683,1.85,low,9.6957,5000.0,1.0,0,0,0,0,0,0,935,368,181,94,34,19,1,4,4,42,83,258
2000,306,306,2305,17887697422,17887897322,1789891605960,2026-09-20 16:06:45.960,2026-09-21 03:55:43.880,42537.92,708.965333,1.5,low,9.6948,5000.0,1.0,0,0,0,0,0,0,934,368,181,94,34,19,2,5,5,43,84,259
2000,307,307,2306,17887697522,17887897422,1789891616073,2026-09-20 16:06:56.073,2026-09-21 03:55:58.261,42542.188,709.036467,1.4,low,9.695,5000.0,1.0,0,0,0,0,0,0,934,368,181,94,34,19,3,6,6,44,85,260
2000,308,308,2307,17887697622,17887897522,1789891628400,2026-09-20 16:07:08.400,2026-09-21 03:56:15.904,42547.504,709.125067,1.87,low,9.6953,5000.0,1.0,0,0,0,0,0,0,934,368,181,94,34,19,4,7,7,45,86,261
2000,309,309,2308,17887697722,17887897622,1789891657213,2026-09-20 16:07:37.213,2026-09-21 03:56:30.868,42533.655,708.89425,1.59,low,9.6937,5000.0,1.0,0,0,0,0,0,0,933,368,181,94,34,19,5,8,8,46,87,262
2000,310,310,2309,17887697822,17887897722,1789891679163,2026-09-20 16:07:59.163,2026-09-21 03:56:41.739,42522.576,708.7096,1.05,low,9.6929,5000.0,1.0,0,0,0,0,0,0,932,368,181,94,34,19,6,9,9,47,88,263
2000,311,311,2310,17887697922,17887897822,1789891692070,2026-09-20 16:08:12.070,2026-09-21 03:58:02.907,42590.837,709.847283,366.53,extra,9.8755,5000.0,1.0,1,1,1,1,1,1,933,369,182,95,35,20,0,0,0,0,0,0
2000,312,312,2311,17887698022,17887897922,1789891734107,2026-09-20 16:08:54.107,2026-09-21 03:58:28.366,42574.259,709.570983,3.6,mid,9.8702,5000.0,1.0,1,0,0,0,0,0,933,368,181,95,35,20,0,1,1,1,1,1
2000,313,313,2312,17887698122,17887898022,1789891748413,2026-09-20 16:09:08.413,2026-09-21 03:58:45.130,42576.717,709.61195,1.78,low,9.8704,5000.0,1.0,0,0,0,0,0,0,933,368,181,95,35,20,1,2,2,2,2,2
2000,314,314,2313,17887698222,17887898122,1789891766247,2026-09-20 16:09:26.247,2026-09-21 03:58:59.154,42572.907,709.54845,1.39,low,9.8701,5000.0,1.0,0,0,0,0,0,0,933,368,181,95,35,20,2,3,3,3,3,3
2000,315,315,2314,17887698322,17887898222,1789891776590,2026-09-20 16:09:36.590,2026-09-21 03:59:13.020,42576.43,709.607167,1.38,low,9.8703,5000.0,1.0,0,0,0,0,0,0,933,368,181,95,35,20,3,4,4,4,4,4
2000,316,316,2315,17887698422,17887898322,1789891794800,2026-09-20 16:09:54.800,2026-09-21 03:59:23.194,42568.394,709.473233,1.0,low,9.8698,5000.0,1.0,0,0,0,0,0,0,933,368,181,95,35,20,4,5,5,5,5,5
2000,317,317,2316,17887698522,17887898422,1789891820247,2026-09-20 16:10:20.247,2026-09-21 03:59:35.956,42555.709,709.261817,1.25,low,9.8686,5000.0,1.0,0,0,0,0,0,0,932,368,181,95,35,20,5,6,6,6,6,6
2000,318,318,2317,17887698622,17887898522,1789891873280,2026-09-20 16:11:13.280,2026-09-21 03:59:53.589,42520.309,708.671817,1.88,low,9.8519,5000.0,1.0,0,0,0,0,0,0,931,367,180,94,35,20,6,7,7,7,7,7
2000,319,319,2318,17887698722,17887898622,1789891893753,2026-09-20 16:11:33.753,2026-09-21 04:00:08.659,42514.906,708.581767,1.52,low,9.8514,5000.0,1.0,0,0,0,0,0,0,930,367,180,94,35,20,7,8,8,8,8,8
2000,320,320,2319,17887698822,17887898722,1789891905180,2026-09-20 16:11:45.180,2026-09-21 04:00:37.098,42531.918,708.8653,4.45,mid,9.8531,5000.0,1.0,1,0,0,0,0,0,931,367,180,94,35,20,0,9,9,9,9,9
2000,321,321,2320,17887698922,17887898822,1789891940163,2026-09-20 16:12:20.163,2026-09-21 04:00:54.949,42514.786,708.579767,1.93,low,9.8501,5000.0,1.0,0,0,0,0,0,0,930,366,180,94,35,20,1,10,10,10,10,10
2000,322,322,2321,17887699022,17887898922,1789891955930,2026-09-20 16:12:35.930,2026-09-21 04:01:43.509,42547.579,709.126317,25.42,high,9.862,5000.0,1.0,1,1,1,1,0,0,931,367,181,95,35,20,0,0,0,0,11,11
2000,323,323,2322,17887699122,17887899022,1789891979850,2026-09-20 16:12:59.850,2026-09-21 04:02:11.632,42551.782,709.196367,4.49,mid,9.8627,5000.0,1.0,1,0,0,0,0,0,931,367,181,95,35,20,0,1,1,1,12,12
2000,324,324,2323,17887699222,17887899122,1789891997763,2026-09-20 16:13:17.763,2026-09-21 04:02:27.763,42550.0,709.166667,1.68,low,9.8625,5000.0,1.0,0,0,0,0,0,0,931,367,181,95,35,20,1,2,2,2,13,13
2000,325,325,2324,17887699322,17887899222,1789892016653,2026-09-20 16:13:36.653,2026-09-21 04:03:00.452,42563.799,709.39665,6.43,mid,9.8647,5000.0,1.0,1,1,0,0,0,0,931,368,181,95,35,20,0,0,3,3,14,14
2000,326,326,2325,17887699422,17887899322,1789892046737,2026-09-20 16:14:06.737,2026-09-21 04:03:24.829,42558.092,709.301533,3.29,mid,9.8637,5000.0,1.0,1,0,0,0,0,0,931,367,181,95,35,20,0,1,4,4,15,15
2000,327,327,2326,17887699522,17887899422,1789892060230,2026-09-20 16:14:20.230,2026-09-21 04:04:08.378,42588.148,709.802467,16.01,mid,9.8711,5000.0,1.0,1,1,1,0,0,0,932,368,182,95,35,20,0,0,0,5,16,16
2000,328,328,2327,17887699622,17887899522,1789892094577,2026-09-20 16:14:54.577,2026-09-21 04:04:21.720,42567.143,709.452383,1.29,low,9.8679,5000.0,1.0,0,0,0,0,0,0,931,367,182,95,35,20,1,1,1,6,17,17
2000,329,329,2328,17887699722,17887899622,1789892106173,2026-09-20 16:15:06.173,2026-09-21 04:04:38.478,42572.305,709.538417,1.8,low,9.8683,5000.0,1.0,0,0,0,0,0,0,931,367,182,95,35,20,2,2,2,7,18,18
2000,330,330,2329,17887699822,17887899722,1789892122590,2026-09-20 16:15:22.590,2026-09-21 04:04:50.776,42568.186,709.469767,1.22,low,9.868,5000.0,1.0,0,0,0,0,0,0,931,367,182,95,35,20,3,3,3,8,19,19
2000,331,331,2330,17887699922,17887899822,1789892133637,2026-09-20 16:15:33.637,2026-09-21 04:05:16.710,42583.073,709.717883,3.64,mid,9.8693,5000.0,1.0,1,0,0,0,0,0,932,367,182,95,35,20,0,4,4,9,20,20
2000,332,332,2331,17887700022,17887899922,1789892145000,2026-09-20 16:15:45.000,2026-09-21 04:05:40.010,42595.01,709.916833,2.88,mid,9.8702,5000.0,1.0,1,0,0,0,0,0,933,367,182,95,35,20,0,5,5,10,21,21
2000,333,333,2332,17887700122,17887900022,1789892173597,2026-09-20 16:16:13.597,2026-09-21 04:06:13.867,42600.27,710.0045,6.83,mid,9.8713,5000.0,1.0,1,1,0,0,0,0,933,368,182,95,35,20,0,0,6,11,22,22
2000,334,334,2333,17887700222,17887900122,1789892183683,2026-09-20 16:16:23.683,2026-09-21 04:06:27.892,42604.209,710.07015,1.45,low,9.8715,5000.0,1.0,0,0,0,0,0,0,933,368,182,95,35,20,1,1,7,12,23,23
2000,335,335,2334,17887700322,17887900222,1789892201943,2026-09-20 16:16:41.943,2026-09-21 04:06:58.837,42616.894,710.281567,5.73,mid,9.8734,5000.0,1.0,1,1,0,0,0,0,934,369,182,95,35,20,0,0,8,13,24,24
2000,336,336,2335,17887700422,17887900322,1789892261373,2026-09-20 16:17:41.373,2026-09-21 04:07:14.171,42572.798,709.546633,1.57,low,9.8441,5000.0,1.0,0,0,0,0,0,0,933,368,181,94,34,20,1,1,9,14,25,25
2000,337,337,2336,17887700522,17887900422,1789892274357,2026-09-20 16:17:54.357,2026-09-21 04:07:36.701,42582.344,709.705733,2.83,mid,9.8449,5000.0,1.0,1,0,0,0,0,0,934,368,181,94,34,20,0,2,10,15,26,26
2000,338,338,2337,17887700622,17887900522,1789892287983,2026-09-20 16:18:07.983,2026-09-21 04:07:51.577,42583.594,709.726567,1.46,low,9.8449,5000.0,1.0,0,0,0,0,0,0,934,368,181,94,34,20,1,3,11,16,27,27
2000,339,339,2338,17887700722,17887900622,1789892305307,2026-09-20 16:18:25.307,2026-09-21 04:08:28.950,42603.643,710.060717,9.91,mid,9.849,5000.0,1.0,1,1,0,0,0,0,935,369,181,94,34,20,0,0,12,17,28,28
2000,340,340,2339,17887700822,17887900722,1789892339637,2026-09-20 16:18:59.637,2026-09-21 04:08:43.890,42584.253,709.73755,1.45,low,9.8459,5000.0,1.0,0,0,0,0,0,0,934,368,181,94,34,20,1,1,13,18,29,29
2000,341,341,2340,17887700922,17887900822,1789892359377,2026-09-20 16:19:19.377,2026-09-21 04:09:11.319,42591.942,709.8657,4.24,mid,9.8469,5000.0,1.0,1,0,0,0,0,0,934,368,181,94,34,20,0,2,14,19,30,30
2000,342,342,2341,17887701022,17887900922,1789892371270,2026-09-20 16:19:31.270,2026-09-21 04:09:24.299,42593.029,709.883817,1.34,low,9.847,5000.0,1.0,0,0,0,0,0,0,934,368,181,94,34,20,1,3,15,20,31,31
2000,343,343,2342,17887701122,17887901022,1789892384440,2026-09-20 16:19:44.440,2026-09-21 04:09:36.468,42592.028,709.867133,1.21,low,9.847,5000.0,1.0,0,0,0,0,0,0,934,368,181,94,34,20,2,4,16,21,32,32
2000,344,344,2343,17887701222,17887901122,1789892396237,2026-09-20 16:19:56.237,2026-09-21 04:09:57.057,42600.82,710.013667,2.37,mid,9.8476,5000.0,1.0,1,0,0,0,0,0,935,368,181,94,34,20,0,5,17,22,33,33
2000,345,345,2344,17887701322,17887901222,1789892411133,2026-09-20 16:20:11.133,2026-09-21 04:10:07.273,42596.14,709.935667,1.0,low,9.8473,5000.0,1.0,0,0,0,0,0,0,935,368,181,94,34,20,1,6,18,23,34,34
2000,346,346,2345,17887701422,17887901322,1789892451567,2026-09-20 16:20:51.567,2026-09-21 04:10:25.704,42574.137,709.56895,2.03,mid,9.8421,5000.0,1.0,1,0,0,0,0,0,935,367,180,94,34,20,0,7,19,24,35,35
2000,347,347,2346,17887701522,17887901422,1789892471163,2026-09-20 16:21:11.163,2026-09-21 04:10:56.863,42585.7,709.761667,4.95,mid,9.8435,5000.0,1.0,1,0,0,0,0,0,935,367,180,94,34,20,0,8,20,25,36,36
2000,348,348,2347,17887701622,17887901522,1789892517567,2026-09-20 16:21:57.567,2026-09-21 04:11:14.205,42556.638,709.2773,1.84,low,9.8342,5000.0,1.0,0,0,0,0,0,0,934,366,179,93,34,20,1,9,21,26,37,37
2000,349,349,2348,17887701722,17887901622,1789892529560,2026-09-20 16:22:09.560,2026-09-21 04:11:36.627,42567.067,709.451117,2.8,mid,9.835,5000.0,1.0,1,0,0,0,0,0,935,366,179,93,34,20,0,10,22,27,38,38
2000,350,350,2349,17887701822,17887901722,1789892548970,2026-09-20 16:22:28.970,2026-09-21 04:11:54.818,42565.848,709.4308,1.98,low,9.8349,5000.0,1.0,0,0,0,0,0,0,934,366,179,93,34,20,1,11,23,28,39,39
2000,351,351,2350,17887701922,17887901822,1789892563893,2026-09-20 16:22:43.893,2026-09-21 04:12:05.099,42561.206,709.353433,1.01,low,9.8346,5000.0,1.0,0,0,0,0,0,0,934,366,179,93,34,20,2,12,24,29,40,40
2000,352,352,2351,17887702022,17887901922,1789892583570,2026-09-20 16:23:03.570,2026-09-21 04:12:44.116,42580.546,709.675767,11.21,mid,9.8391,5000.0,1.0,1,1,1,0,0,0,934,367,180,93,34,20,0,0,0,30,41,41
2000,353,353,2352,17887702122,17887902022,1789892594727,2026-09-20 16:23:14.727,2026-09-21 04:13:02.438,42587.711,709.795183,2.03,mid,9.8396,5000.0,1.0,1,0,0,0,0,0,935,367,180,93,34,20,0,1,1,31,42,42
2000,354,354,2353,17887702222,17887902122,1789892616693,2026-09-20 16:23:36.693,2026-09-21 04:13:12.620,42575.927,709.598783,1.0,low,9.8387,5000.0,1.0,0,0,0,0,0,0,934,367,180,93,34,20,1,2,2,32,43,43
2000,355,355,2354,17887702322,17887902222,1789892629770,2026-09-20 16:23:49.770,2026-09-21 04:13:29.498,42579.728,709.662133,1.78,low,9.839,5000.0,1.0,0,0,0,0,0,0,934,367,180,93,34,20,2,3,3,33,44,44
2000,356,356,2355,17887702422,17887902322,1789892639860,2026-09-20 16:23:59.860,2026-09-21 04:14:28.358,42628.498,710.474967,55.14,high,9.8661,5000.0,1.0,1,1,1,1,1,0,935,368,181,94,35,20,0,0,0,0,0,45
2000,357,357,2356,17887702522,17887902422,1789892680763,2026-09-20 16:24:40.763,2026-09-21 04:14:47.362,42606.599,710.109983,2.17,mid,9.8606,5000.0,1.0,1,0,0,0,0,0,935,367,180,94,35,20,0,1,1,1,1,46
2000,358,358,2357,17887702622,17887902522,1789892699337,2026-09-20 16:24:59.337,2026-09-21 04:15:14.488,42615.151,710.252517,4.06,mid,9.8617,5000.0,1.0,1,0,0,0,0,0,935,367,180,94,35,20,0,2,2,2,2,47
2000,359,359,2358,17887702722,17887902622,1789892722180,2026-09-20 16:25:22.180,2026-09-21 04:15:59.853,42637.673,710.627883,15.44,mid,9.8679,5000.0,1.0,1,1,1,0,0,0,935,368,181,94,35,20,0,0,0,3,3,48
2000,360,360,2359,17887702822,17887902722,1789892758917,2026-09-20 16:25:58.917,2026-09-21 04:16:10.213,42611.296,710.188267,1.03,low,9.8638,5000.0,1.0,0,0,0,0,0,0,934,367,181,94,35,20,1,1,1,4,4,49
2000,361,361,2360,17887702922,17887902822,1789892780522,2026-09-20 16:26:20.522,2026-09-21 04:16:34.862,42614.34,710.239,3.42,mid,9.8642,5000.0,1.0,1,0,0,0,0,0,934,367,181,94,35,20,0,2,2,5,5,50
2000,362,362,2361,17887703022,17887902922,1789892801269,2026-09-20 16:26:41.269,2026-09-21 04:16:45.186,42603.917,710.065283,1.03,low,9.8635,5000.0,1.0,0,0,0,0,0,0,933,367,181,94,35,20,1,3,3,6,6,51
2000,363,363,2362,17887703122,17887903022,1789892812958,2026-09-20 16:26:52.958,2026-09-21 04:16:58.688,42605.73,710.0955,1.32,low,9.8636,5000.0,1.0,0,0,0,0,0,0,933,367,181,94,35,20,2,4,4,7,7,52
2000,364,364,2363,17887703222,17887903122,1789892832403,2026-09-20 16:27:12.403,2026-09-21 04:17:15.924,42603.521,710.058683,1.83,low,9.8635,5000.0,1.0,0,0,0,0,0,0,932,367,181,94,35,20,3,5,5,8,8,53
2000,365,365,2364,17887703322,17887903222,1789892911133,2026-09-20 16:28:31.133,2026-09-21 04:17:30.528,42539.395,708.989917,1.45,low,9.7147,5000.0,1.0,0,0,0,0,0,0,931,366,180,93,34,19,4,6,6,9,9,54
2000,366,366,2365,17887703422,17887903322,1789892924603,2026-09-20 16:28:44.603,2026-09-21 04:17:51.335,42546.732,709.1122,2.48,mid,9.7153,5000.0,1.0,1,0,0,0,0,0,932,366,180,93,34,19,0,7,7,10,10,55
2000,367,367,2366,17887703522,17887903422,1789892945243,2026-09-20 16:29:05.243,2026-09-21 04:18:07.726,42542.483,709.041383,1.71,low,9.715,5000.0,1.0,0,0,0,0,0,0,931,366,180,93,34,19,1,8,8,11,11,56
2000,368,368,2367,17887703622,17887903522,1789892960063,2026-09-20 16:29:20.063,2026-09-21 04:18:18.130,42538.067,708.967783,1.0,low,9.7147,5000.0,1.0,0,0,0,0,0,0,931,366,180,93,34,19,2,9,9,12,12,57
2000,369,369,2368,17887703722,17887903622,1789892970197,2026-09-20 16:29:30.197,2026-09-21 04:18:57.847,42567.65,709.460833,11.6,mid,9.72,5000.0,1.0,1,1,1,0,0,0,932,367,181,93,34,19,0,0,0,13,13,58
2000,370,370,2369,17887703822,17887903722,1789892992337,2026-09-20 16:29:52.337,2026-09-21 04:19:31.269,42578.932,709.648867,7.06,mid,9.7222,5000.0,1.0,1,1,0,0,0,0,932,368,181,93,34,19,0,0,1,14,14,59
2000,371,371,2370,17887703922,17887903822,1789893027807,2026-09-20 16:30:27.807,2026-09-21 04:19:41.346,42553.539,709.22565,1.0,low,9.7186,5000.0,1.0,0,0,0,0,0,0,931,367,181,93,34,19,1,1,2,15,15,60
2000,372,372,2371,17887704022,17887903922,1789893049157,2026-09-20 16:30:49.157,2026-09-21 04:20:23.435,42574.278,709.5713,14.5,mid,9.7245,5000.0,1.0,1,1,1,0,0,0,931,368,182,93,34,19,0,0,0,16,16,61
2000,373,373,2372,17887704122,17887904022,1789893062820,2026-09-20 16:31:02.820,2026-09-21 04:20:44.646,42581.826,709.6971,2.1,mid,9.7249,5000.0,1.0,1,0,0,0,0,0,932,368,182,93,34,19,0,1,1,17,17,62
2000,374,374,2373,17887704222,17887904122,1789893078723,2026-09-20 16:31:18.723,2026-09-21 04:21:24.354,42605.631,710.09385,11.76,mid,9.73,5000.0,1.0,1,1,1,0,0,0,933,369,183,93,34,19,0,0,0,18,18,63
2000,375,375,2374,17887704322,17887904222,1789893100243,2026-09-20 16:31:40.243,2026-09-21 04:22:01.343,42621.1,710.351667,9.64,mid,9.7335,5000.0,1.0,1,1,0,0,0,0,933,370,183,93,34,19,0,0,1,19,19,64
2000,376,376,2375,17887704422,17887904322,1789893158973,2026-09-20 16:32:38.973,2026-09-21 04:22:26.041,42587.068,709.784467,3.36,mid,9.7067,5000.0,1.0,1,0,0,0,0,0,933,369,182,92,33,19,0,1,2,20,20,65
2000,377,377,2376,17887704522,17887904422,1789893169460,2026-09-20 16:32:49.460,2026-09-21 04:22:37.286,42587.826,709.7971,1.05,low,9.7067,5000.0,1.0,0,0,0,0,0,0,933,369,182,92,33,19,1,2,3,21,21,66
2000,378,378,2377,17887704622,17887904522,1789893183107,2026-09-20 16:33:03.107,2026-09-21 04:23:01.381,42598.274,709.971233,3.27,mid,9.7077,5000.0,1.0,1,0,0,0,0,0,934,369,182,92,33,19,0,3,4,22,22,67
2000,379,379,2378,17887704722,17887904622,1789893202643,2026-09-20 16:33:22.643,2026-09-21 04:23:14.113,42591.47,709.857833,1.29,low,9.7072,5000.0,1.0,0,0,0,0,0,0,933,369,182,92,33,19,1,4,5,23,23,68
2000,380,380,2379,17887704822,17887904722,1789893213457,2026-09-20 16:33:33.457,2026-09-21 04:23:41.527,42608.07,710.1345,4.08,mid,9.7088,5000.0,1.0,1,0,0,0,0,0,934,369,182,92,33,19,0,5,6,24,24,69
2000,381,381,2380,17887704922,17887904822,1789893239117,2026-09-20 16:33:59.117,2026-09-21 04:24:04.470,42605.353,710.089217,2.99,mid,9.7084,5000.0,1.0,1,0,0,0,0,0,934,369,182,92,33,19,0,6,7,25,25,70
2000,382,382,2381,17887705022,17887904922,1789893253733,2026-09-20 16:34:13.733,2026-09-21 04:24:27.613,42613.88,710.231333,2.93,mid,9.7091,5000.0,1.0,1,0,0,0,0,0,935,369,182,92,33,19,0,7,8,26,26,71
2000,383,383,2382,17887705122,17887905022,1789893281523,2026-09-20 16:34:41.523,2026-09-21 04:25:11.788,42630.265,710.504417,17.41,mid,9.7157,5000.0,1.0,1,1,1,0,0,0,935,370,183,92,33,19,0,0,0,27,27,72
2000,384,384,2383,17887705222,17887905122,1789893345303,2026-09-20 16:35:45.303,2026-09-21 04:25:24.271,42578.968,709.649467,1.24,low,9.6731,5000.0,1.0,0,0,0,0,0,0,934,369,182,91,32,19,1,1,1,28,28,73
2000,385,385,2384,17887705322,17887905222,1789893366517,2026-09-20 16:36:06.517,2026-09-21 04:25:51.705,42585.188,709.753133,4.22,mid,9.6739,5000.0,1.0,1,0,0,0,0,0,934,369,182,91,32,19,0,2,2,29,29,74
2000,386,386,2385,17887705422,17887905322,1789893385410,2026-09-20 16:36:25.410,2026-09-21 04:26:03.810,42578.4,709.64,1.23,low,9.6735,5000.0,1.0,0,0,0,0,0,0,933,369,182,91,32,19,1,3,3,30,30,75
2000,387,387,2386,17887705522,17887905422,1789893433353,2026-09-20 16:37:13.353,2026-09-21 04:26:21.979,42548.626,709.143767,1.91,low,9.6628,5000.0,1.0,0,0,0,0,0,0,932,368,181,90,32,19,2,4,4,31,31,76
2000,388,388,2387,17887705622,17887905522,1789893480730,2026-09-20 16:38:00.730,2026-09-21 04:27:43.576,42582.846,709.7141,373.19,extra,9.8383,5000.0,1.0,1,1,1,1,1,1,932,368,181,90,33,20,0,0,0,0,0,0
2000,389,389,2388,17887705722,17887905622,1789893504893,2026-09-20 16:38:24.893,2026-09-21 04:27:58.463,42573.57,709.5595,1.54,low,9.8375,5000.0,1.0,0,0,0,0,0,0,931,368,181,90,33,20,1,1,1,1,1,1
2000,390,390,2389,17887705822,17887905722,1789893533970,2026-09-20 16:38:53.970,2026-09-21 04:28:08.890,42554.92,709.248667,1.0,low,9.8355,5000.0,1.0,0,0,0,0,0,0,930,368,181,90,33,20,2,2,2,2,2,2
2000,391,391,2390,17887705922,17887905822,1789893573787,2026-09-20 16:39:33.787,2026-09-21 04:28:26.603,42532.816,708.880267,1.97,low,9.8306,5000.0,1.0,0,0,0,0,0,0,929,367,180,90,33,20,3,3,3,3,3,3
2000,392,392,2391,17887706022,17887905922,1789893590850,2026-09-20 16:39:50.850,2026-09-21 04:28:45.949,42535.099,708.918317,2.18,mid,9.8308,5000.0,1.0,1,0,0,0,0,0,930,367,180,90,33,20,0,4,4,4,4,4
2000,393,393,2392,17887706122,17887906022,1789893609293,2026-09-20 16:40:09.293,2026-09-21 04:29:16.050,42546.757,709.112617,5.14,mid,9.8324,5000.0,1.0,1,1,0,0,0,0,930,368,180,90,33,20,0,0,5,5,5,5
2000,394,394,2393,17887706222,17887906122,1789893634107,2026-09-20 16:40:34.107,2026-09-21 04:29:33.237,42539.13,708.9855,1.84,low,9.8316,5000.0,1.0,0,0,0,0,0,0,929,368,180,90,33,20,1,1,6,6,6,6
2000,395,395,2394,17887706322,17887906222,1789893652697,2026-09-20 16:40:52.697,2026-09-21 04:29:44.546,42531.849,708.86415,1.12,low,9.8311,5000.0,1.0,0,0,0,0,0,0,928,368,180,90,33,20,2,2,7,7,7,7
2000,396,396,2395,17887706422,17887906322,1789893669485,2026-09-20 16:41:09.485,2026-09-21 04:30:28.517,42559.032,709.3172,16.88,mid,9.8387,5000.0,1.0,1,1,1,0,0,0,929,369,181,90,33,20,0,0,0,8,8,8
2000,397,397,2396,17887706522,17887906422,1789893681110,2026-09-20 16:41:21.110,2026-09-21 04:31:10.924,42589.814,709.830233,11.67,mid,9.844,5000.0,1.0,1,1,1,0,0,0,930,370,182,90,33,20,0,0,0,9,9,9
2000,398,398,2397,17887706622,17887906522,1789893705287,2026-09-20 16:41:45.287,2026-09-21 04:31:30.338,42585.051,709.75085,2.12,mid,9.8434,5000.0,1.0,1,0,0,0,0,0,930,370,182,90,33,20,0,1,1,10,10,10
2000,399,399,2398,17887706722,17887906622,1789893721877,2026-09-20 16:42:01.877,2026-09-21 04:31:41.306,42579.429,709.65715,1.12,low,9.8431,5000.0,1.0,0,0,0,0,0,0,930,370,182,90,33,20,1,2,2,11,11,11
2000,400,400,2399,17887706822,17887906722,1789893760217,2026-09-20 16:42:40.217,2026-09-21 04:31:52.034,42551.817,709.19695,1.01,low,9.8384,5000.0,1.0,0,0,0,0,0,0,929,369,181,90,33,20,2,3,3,12,12,12
2000,401,401,2400,17887706922,17887906822,1789893770353,2026-09-20 16:42:50.353,2026-09-21 04:32:02.220,42551.867,709.197783,1.05,low,9.8384,5000.0,1.0,0,0,0,0,0,0,929,369,181,90,33,20,3,4,4,13,13,13
2000,402,402,2401,17887707022,17887906922,1789893807107,2026-09-20 16:43:27.107,2026-09-21 04:32:15.134,42528.027,708.80045,1.24,low,9.8344,5000.0,1.0,0,0,0,0,0,0,928,368,181,90,33,20,4,5,5,14,14,14
2000,403,403,2402,17887707122,17887907022,1789893823160,2026-09-20 16:43:43.160,2026-09-21 04:32:31.646,42528.486,708.8081,1.77,low,9.8345,5000.0,1.0,0,0,0,0,0,0,928,368,181,90,33,20,5,6,6,15,15,15
2000,404,404,2403,17887707222,17887907122,1789893845630,2026-09-20 16:44:05.630,2026-09-21 04:32:45.312,42519.682,708.661367,1.34,low,9.8338,5000.0,1.0,0,0,0,0,0,0,927,368,181,90,33,20,6,7,7,16,16,16
2000,405,405,2404,17887707322,17887907222,1789893859380,2026-09-20 16:44:19.380,2026-09-21 04:33:30.682,42551.302,709.188367,18.5,mid,9.8423,5000.0,1.0,1,1,1,0,0,0,928,369,182,90,33,20,0,0,0,17,17,17
2000,406,406,2405,17887707422,17887907322,1789893876950,2026-09-20 16:44:36.950,2026-09-21 04:33:59.643,42562.693,709.378217,4.94,mid,9.8439,5000.0,1.0,1,0,0,0,0,0,929,369,182,90,33,20,0,1,1,18,18,18
2000,407,407,2406,17887707522,17887907422,1789893894110,2026-09-20 16:44:54.110,2026-09-21 04:34:17.085,42562.975,709.382917,1.84,low,9.8439,5000.0,1.0,0,0,0,0,0,0,929,369,182,90,33,20,1,2,2,19,19,19
2000,408,408,2407,17887707622,17887907522,1789893918047,2026-09-20 16:45:18.047,2026-09-21 04:34:37.772,42559.725,709.32875,2.47,mid,9.8435,5000.0,1.0,1,0,0,0,0,0,929,369,182,90,33,20,0,3,3,20,20,20
2000,409,409,2408,17887707722,17887907622,1789893938573,2026-09-20 16:45:38.573,2026-09-21 04:35:00.064,42561.491,709.358183,2.77,mid,9.8437,5000.0,1.0,1,0,0,0,0,0,929,369,182,90,33,20,0,4,4,21,21,21
2000,410,410,2409,17887707822,17887907722,1789893952510,2026-09-20 16:45:52.510,2026-09-21 04:35:16.897,42564.387,709.40645,1.7,low,9.8439,5000.0,1.0,0,0,0,0,0,0,929,369,182,90,33,20,1,5,5,22,22,22
2000,411,411,2410,17887707922,17887907822,1789893977820,2026-09-20 16:46:17.820,2026-09-21 04:35:26.959,42549.139,709.152317,1.0,low,9.8426,5000.0,1.0,0,0,0,0,0,0,928,369,182,90,33,20,2,6,6,23,23,23
2000,412,412,2411,17887708022,17887907922,1789893995140,2026-09-20 16:46:35.140,2026-09-21 04:35:43.337,42548.197,709.136617,1.7,low,9.8426,5000.0,1.0,0,0,0,0,0,0,928,369,182,90,33,20,3,7,7,24,24,24
2000,413,413,2412,17887708122,17887908022,1789894030150,2026-09-20 16:47:10.150,2026-09-21 04:36:09.285,42539.135,708.985583,3.64,mid,9.8404,5000.0,1.0,1,0,0,0,0,0,928,368,182,90,33,20,0,8,8,25,25,25
2000,414,414,2413,17887708222,17887908122,1789894063483,2026-09-20 16:47:43.483,2026-09-21 04:36:27.325,42523.842,708.7307,2.08,mid,9.838,5000.0,1.0,1,0,0,0,0,0,928,367,182,90,33,20,0,9,9,26,26,26
2000,415,415,2414,17887708322,17887908222,1789894083397,2026-09-20 16:48:03.397,2026-09-21 04:36:50.302,42526.905,708.78175,2.9,mid,9.8383,5000.0,1.0,1,0,0,0,0,0,928,367,182,90,33,20,0,10,10,27,27,27
2000,416,416,2415,17887708422,17887908322,1789894093497,2026-09-20 16:48:13.497,2026-09-21 04:37:14.045,42540.548,709.009133,3.03,mid,9.8393,5000.0,1.0,1,0,0,0,0,0,929,367,182,90,33,20,0,11,11,28,28,28
2000,417,417,2416,17887708522,17887908422,1789894116467,2026-09-20 16:48:36.467,2026-09-21 04:37:42.449,42545.982,709.0997,4.76,mid,9.8402,5000.0,1.0,1,0,0,0,0,0,929,367,182,90,33,20,0,12,12,29,29,29
2000,418,418,2417,17887708622,17887908522,1789894126593,2026-09-20 16:48:46.593,2026-09-21 04:38:03.032,42556.439,709.273983,2.36,mid,9.8409,5000.0,1.0,1,0,0,0,0,0,930,367,182,90,33,20,0,13,13,30,30,30
2000,419,419,2418,17887708722,17887908622,1789894138100,2026-09-20 16:48:58.100,2026-09-21 04:38:21.079,42562.979,709.382983,1.95,low,9.8413,5000.0,1.0,0,0,0,0,0,0,930,367,182,90,33,20,1,14,14,31,31,31
2000,420,420,2419,17887708822,17887908722,1789894155893,2026-09-20 16:49:15.893,2026-09-21 04:38:36.891,42560.998,709.349967,1.62,low,9.8412,5000.0,1.0,0,0,0,0,0,0,930,367,182,90,33,20,2,15,15,32,32,32
2000,421,421,2420,17887708922,17887908822,1789894169190,2026-09-20 16:49:29.190,2026-09-21 04:39:00.942,42571.752,709.5292,3.21,mid,9.8421,5000.0,1.0,1,0,0,0,0,0,931,367,182,90,33,20,0,16,16,33,33,33
2000,422,422,2421,17887709022,17887908922,1789894184780,2026-09-20 16:49:44.780,2026-09-21 04:39:18.676,42573.896,709.564933,1.9,low,9.8423,5000.0,1.0,0,0,0,0,0,0,931,367,182,90,33,20,1,17,17,34,34,34
2000,423,423,2422,17887709122,17887909022,1789894196373,2026-09-20 16:49:56.373,2026-09-21 04:39:37.147,42580.774,709.679567,2.02,mid,9.8427,5000.0,1.0,1,0,0,0,0,0,932,367,182,90,33,20,0,18,18,35,35,35
2000,424,424,2423,17887709222,17887909122,1789894240760,2026-09-20 16:50:40.760,2026-09-21 04:39:52.349,42551.589,709.19315,1.54,low,9.8348,5000.0,1.0,0,0,0,0,0,0,931,366,181,90,33,20,1,19,19,36,36,36
2000,425,425,2424,17887709322,17887909222,1789894322870,2026-09-20 16:52:02.870,2026-09-21 04:40:03.151,42480.281,708.004683,1.06,low,9.6374,5000.0,1.0,0,0,0,0,0,0,930,365,180,89,32,19,2,20,20,37,37,37
2000,426,426,2425,17887709422,17887909322,1789894355143,2026-09-20 16:52:35.143,2026-09-21 04:40:17.476,42462.333,707.70555,1.42,low,9.6349,5000.0,1.0,0,0,0,0,0,0,929,364,180,89,32,19,3,21,21,38,38,38
2000,427,427,2426,17887709522,17887909422,1789894385753,2026-09-20 16:53:05.753,2026-09-21 04:40:46.266,42460.513,707.675217,4.76,mid,9.6346,5000.0,1.0,1,0,0,0,0,0,929,363,180,89,32,19,0,22,22,39,39,39
2000,428,428,2427,17887709622,17887909522,1789894429367,2026-09-20 16:53:49.367,2026-09-21 04:41:08.900,42439.533,707.32555,2.37,mid,9.6276,5000.0,1.0,1,0,0,0,0,0,929,362,179,89,32,19,0,23,23,40,40,40
2000,429,429,2428,17887709722,17887909622,1789894450760,2026-09-20 16:54:10.760,2026-09-21 04:41:40.972,42450.212,707.503533,6.51,mid,9.6296,5000.0,1.0,1,1,0,0,0,0,929,363,179,89,32,19,0,0,24,41,41,41
2000,430,430,2429,17887709822,17887909722,1789894462583,2026-09-20 16:54:22.583,2026-09-21 04:41:51.627,42449.044,707.484067,1.07,low,9.6295,5000.0,1.0,0,0,0,0,0,0,929,363,179,89,32,19,1,1,25,42,42,42
2000,431,431,2430,17887709922,17887909822,1789894489270,2026-09-20 16:54:49.270,2026-09-21 04:42:03.986,42434.716,707.245267,1.17,low,9.6281,5000.0,1.0,0,0,0,0,0,0,928,363,179,89,32,19,2,2,26,43,43,43
2000,432,432,2431,17887710022,17887909922,1789894526620,2026-09-20 16:55:26.620,2026-09-21 04:42:25.953,42419.333,706.988883,2.7,mid,9.6247,5000.0,1.0,1,0,0,0,0,0,928,362,179,89,32,19,0,3,27,44,44,44
2000,433,433,2432,17887710122,17887910022,1789894539507,2026-09-20 16:55:39.507,2026-09-21 04:42:49.235,42429.728,707.162133,3.15,mid,9.6256,5000.0,1.0,1,0,0,0,0,0,929,362,179,89,32,19,0,4,28,45,45,45
2000,434,434,2433,17887710222,17887910122,1789894565007,2026-09-20 16:56:05.007,2026-09-21 04:42:59.431,42414.424,706.907067,1.0,low,9.6243,5000.0,1.0,0,0,0,0,0,0,928,362,179,89,32,19,1,5,29,46,46,46
2000,435,435,2434,17887710322,17887910222,1789894575643,2026-09-20 16:56:15.643,2026-09-21 04:43:30.042,42434.399,707.239983,5.53,mid,9.6265,5000.0,1.0,1,1,0,0,0,0,929,363,179,89,32,19,0,0,30,47,47,47
2000,436,436,2435,17887710422,17887910322,1789894607337,2026-09-20 16:56:47.337,2026-09-21 04:43:54.045,42426.708,707.1118,3.19,mid,9.6251,5000.0,1.0,1,0,0,0,0,0,929,362,179,89,32,19,0,1,31,48,48,48
2000,437,437,2436,17887710522,17887910422,1789894657947,2026-09-20 16:57:37.947,2026-09-21 04:44:18.034,42400.087,706.668117,3.17,mid,9.6122,5000.0,1.0,1,0,0,0,0,0,929,361,178,88,32,19,0,2,32,49,49,49
2000,438,438,2437,17887710622,17887910522,1789894681123,2026-09-20 16:58:01.123,2026-09-21 04:44:28.426,42387.303,706.45505,1.06,low,9.6113,5000.0,1.0,0,0,0,0,0,0,928,361,178,88,32,19,1,3,33,50,50,50
2000,439,439,2438,17887710722,17887910622,1789894701773,2026-09-20 16:58:21.773,2026-09-21 04:44:39.332,42377.559,706.29265,1.06,low,9.6106,5000.0,1.0,0,0,0,0,0,0,927,361,178,88,32,19,2,4,34,51,51,51
2000,440,440,2439,17887710822,17887910722,1789894714193,2026-09-20 16:58:34.193,2026-09-21 04:45:10.187,42395.994,706.5999,5.46,mid,9.6127,5000.0,1.0,1,1,0,0,0,0,928,362,178,88,32,19,0,0,35,52,52,52
2000,441,441,2440,17887710922,17887910822,1789894725033,2026-09-20 16:58:45.033,2026-09-21 04:45:27.949,42402.916,706.715267,1.94,low,9.6131,5000.0,1.0,0,0,0,0,0,0,928,362,178,88,32,19,1,1,36,53,53,53
2000,442,442,2441,17887711022,17887910922,1789894763927,2026-09-20 16:59:23.927,2026-09-21 04:45:44.661,42380.734,706.345567,1.78,low,9.6085,5000.0,1.0,0,0,0,0,0,0,927,361,177,88,32,19,2,2,37,54,54,54
2000,443,443,2442,17887711122,17887911022,1789894774287,2026-09-20 16:59:34.287,2026-09-21 04:45:58.799,42384.512,706.408533,1.41,low,9.6087,5000.0,1.0,0,0,0,0,0,0,927,361,177,88,32,19,3,3,38,55,55,55
2000,444,444,2443,17887711222,17887911122,1789894793507,2026-09-20 16:59:53.507,2026-09-21 04:46:22.298,42388.791,706.47985,3.13,mid,9.6092,5000.0,1.0,1,0,0,0,0,0,927,361,177,88,32,19,0,4,39,56,56,56
2000,445,445,2444,17887711322,17887911222,1789894812517,2026-09-20 17:00:12.517,2026-09-21 04:46:44.014,42391.497,706.52495,2.55,mid,9.6094,5000.0,1.0,1,0,0,0,0,0,927,361,177,88,32,19,0,5,40,57,57,57
2000,446,446,2445,17887711422,17887911322,1789894835180,2026-09-20 17:00:35.180,2026-09-21 04:46:53.943,42378.763,706.312717,1.0,low,9.6085,5000.0,1.0,0,0,0,0,0,0,926,361,177,88,32,19,1,6,41,58,58,58
2000,447,447,2446,17887711522,17887911422,1789894847187,2026-09-20 17:00:47.187,2026-09-21 04:47:08.212,42381.025,706.350417,1.4,low,9.6086,5000.0,1.0,0,0,0,0,0,0,926,361,177,88,32,19,2,7,42,59,59,59
2000,448,448,2447,17887711622,17887911522,1789894868520,2026-09-20 17:01:08.520,2026-09-21 04:47:38.928,42390.408,706.5068,5.8,mid,9.6103,5000.0,1.0,1,1,0,0,0,0,926,362,177,88,32,19,0,0,43,60,60,60
2000,449,449,2448,17887711722,17887911622,1789894880680,2026-09-20 17:01:20.680,2026-09-21 04:48:07.036,42406.356,706.7726,4.48,mid,9.6119,5000.0,1.0,1,0,0,0,0,0,927,362,177,88,32,19,0,1,44,61,61,61
2000,450,450,2449,17887711822,17887911722,1789894902940,2026-09-20 17:01:42.940,2026-09-21 04:49:10.264,42447.324,707.4554,78.39,high,9.6497,5000.0,1.0,1,1,1,1,1,0,927,363,178,89,33,19,0,0,0,0,0,62
2000,451,451,2450,17887711922,17887911822,1789894937900,2026-09-20 17:02:17.900,2026-09-21 04:49:20.271,42422.371,707.039517,1.04,low,9.6463,5000.0,1.0,0,0,0,0,0,0,926,362,178,89,33,19,1,1,1,1,1,63
2000,452,452,2451,17887712022,17887911922,1789894978867,2026-09-20 17:02:58.867,2026-09-21 04:49:35.067,42396.2,706.603333,1.47,low,9.6405,5000.0,1.0,0,0,0,0,0,0,925,361,177,89,33,19,2,2,2,2,2,64
2000,453,453,2452,17887712122,17887912022,1789894997247,2026-09-20 17:03:17.247,2026-09-21 04:49:57.208,42399.961,706.666017,2.73,mid,9.6409,5000.0,1.0,1,0,0,0,0,0,925,361,177,89,33,19,0,3,3,3,3,65
2000,454,454,2453,17887712222,17887912122,1789895035023,2026-09-20 17:03:55.023,2026-09-21 04:50:23.136,42388.113,706.46855,3.87,mid,9.6378,5000.0,1.0,1,0,0,0,0,0,925,360,176,89,33,19,0,4,4,4,4,66
2000,455,455,2454,17887712322,17887912222,1789895067240,2026-09-20 17:04:27.240,2026-09-21 04:50:33.481,42366.241,706.104017,1.0,low,9.6352,5000.0,1.0,0,0,0,0,0,0,924,359,176,89,33,19,1,5,5,5,5,67
2000,456,456,2455,17887712422,17887912322,1789895090037,2026-09-20 17:04:50.037,2026-09-21 04:50:53.402,42363.365,706.056083,2.28,mid,9.6349,5000.0,1.0,1,0,0,0,0,0,924,359,176,89,33,19,0,6,6,6,6,68
2000,457,457,2456,17887712522,17887912422,1789895104790,2026-09-20 17:05:04.790,2026-09-21 04:51:04.207,42359.417,705.990283,1.04,low,9.6346,5000.0,1.0,0,0,0,0,0,0,924,359,176,89,33,19,1,7,7,7,7,69
2000,458,458,2457,17887712622,17887912522,1789895115060,2026-09-20 17:05:15.060,2026-09-21 04:51:18.726,42363.666,706.0611,1.48,low,9.6349,5000.0,1.0,0,0,0,0,0,0,924,359,176,89,33,19,2,8,8,8,8,70
2000,459,459,2458,17887712722,17887912622,1789895127700,2026-09-20 17:05:27.700,2026-09-21 04:51:41.645,42373.945,706.232417,2.85,mid,9.6357,5000.0,1.0,1,0,0,0,0,0,925,359,176,89,33,19,0,9,9,9,9,71
2000,460,460,2459,17887712822,17887912722,1789895152800,2026-09-20 17:05:52.800,2026-09-21 04:51:58.375,42365.575,706.092917,1.75,low,9.6348,5000.0,1.0,0,0,0,0,0,0,924,359,176,89,33,19,1,10,10,10,10,72
2000,461,461,2460,17887712922,17887912822,1789895167890,2026-09-20 17:06:07.890,2026-09-21 04:52:08.140,42360.25,706.004167,1.0,low,9.6345,5000.0,1.0,0,0,0,0,0,0,924,359,176,89,33,19,2,11,11,11,11,73
2000,462,462,2461,17887713022,17887912922,1789895186290,2026-09-20 17:06:26.290,2026-09-21 04:52:21.021,42354.731,705.912183,1.25,low,9.6342,5000.0,1.0,0,0,0,0,0,0,923,359,176,89,33,19,3,12,12,12,12,74
2000,463,463,2462,17887713122,17887913022,1789895200873,2026-09-20 17:06:40.873,2026-09-21 04:52:50.671,42369.798,706.1633,5.06,mid,9.636,5000.0,1.0,1,1,0,0,0,0,924,360,176,89,33,19,0,0,13,13,13,75
2000,464,464,2463,17887713222,17887913122,1789895214453,2026-09-20 17:06:54.453,2026-09-21 04:53:00.263,42365.81,706.096833,1.0,low,9.6358,5000.0,1.0,0,0,0,0,0,0,924,360,176,89,33,19,1,1,14,14,14,76
2000,465,465,2464,17887713322,17887913222,1789895248803,2026-09-20 17:07:28.803,2026-09-21 04:53:18.907,42350.104,705.835067,2.04,mid,9.633,5000.0,1.0,1,0,0,0,0,0,924,359,176,89,33,19,0,2,15,15,15,77
2000,466,466,2465,17887713422,17887913322,1789895262960,2026-09-20 17:07:42.960,2026-09-21 04:53:34.871,42351.911,705.865183,1.65,low,9.6332,5000.0,1.0,0,0,0,0,0,0,924,359,176,89,33,19,1,3,16,16,16,78
2000,467,467,2466,17887713522,17887913422,1789895302627,2026-09-20 17:08:22.627,2026-09-21 04:54:04.759,42342.132,705.7022,5.1,mid,9.6298,5000.0,1.0,1,1,0,0,0,0,924,359,175,89,33,19,0,0,17,17,17,79
2000,468,468,2467,17887713622,17887913522,1789895330397,2026-09-20 17:08:50.397,2026-09-21 04:54:34.646,42344.249,705.737483,5.2,mid,9.6303,5000.0,1.0,1,1,0,0,0,0,924,360,175,89,33,19,0,0,18,18,18,80
2000,469,469,2468,17887713722,17887913622,1789895346187,2026-09-20 17:09:06.187,2026-09-21 04:54:46.659,42340.472,705.674533,1.17,low,9.63,5000.0,1.0,0,0,0,0,0,0,924,360,175,89,33,19,1,1,19,19,19,81
2000,470,470,2469,17887713822,17887913722,1789895363693,2026-09-20 17:09:23.693,2026-09-21 04:55:12.211,42348.518,705.808633,3.7,mid,9.631,5000.0,1.0,1,0,0,0,0,0,925,360,175,89,33,19,0,2,20,20,20,82
2000,471,471,2470,17887713922,17887913822,1789895382067,2026-09-20 17:09:42.067,2026-09-21 04:56:03.419,42381.352,706.355867,30.78,high,9.6454,5000.0,1.0,1,1,1,1,0,0,925,361,176,90,33,19,0,0,0,0,21,83
2000,472,472,2471,17887714022,17887913922,1789895405720,2026-09-20 17:10:05.720,2026-09-21 04:56:13.967,42368.247,706.13745,1.04,low,9.6443,5000.0,1.0,0,0,0,0,0,0,924,361,176,90,33,19,1,1,1,1,22,84
2000,473,473,2472,17887714122,17887914022,1789895417923,2026-09-20 17:10:17.923,2026-09-21 04:56:33.296,42375.373,706.256217,2.15,mid,9.6448,5000.0,1.0,1,0,0,0,0,0,925,361,176,90,33,19,0,2,2,2,23,85
2000,474,474,2473,17887714222,17887914122,1789895494110,2026-09-20 17:11:34.110,2026-09-21 04:56:45.029,42310.919,705.181983,1.15,low,9.5243,5000.0,1.0,0,0,0,0,0,0,924,360,175,89,32,18,1,3,3,3,24,86
2000,475,475,2474,17887714322,17887914222,1789895519213,2026-09-20 17:11:59.213,2026-09-21 04:56:57.312,42298.099,704.968317,1.24,low,9.5232,5000.0,1.0,0,0,0,0,0,0,923,360,175,89,32,18,2,4,4,4,25,87
2000,476,476,2475,17887714422,17887914322,1789895531440,2026-09-20 17:12:11.440,2026-09-21 04:57:37.168,42325.728,705.4288,11.49,mid,9.5283,5000.0,1.0,1,1,1,0,0,0,924,361,176,89,32,18,0,0,0,5,26,88
2000,477,477,2476,17887714522,17887914422,1789895588500,2026-09-20 17:13:08.500,2026-09-21 04:57:48.055,42279.555,704.65925,1.06,low,9.504,5000.0,1.0,0,0,0,0,0,0,923,360,175,88,32,18,1,1,1,6,27,89
2000,478,478,2477,17887714622,17887914522,1789895608287,2026-09-20 17:13:28.287,2026-09-21 04:58:16.066,42287.779,704.796317,4.6,mid,9.5052,5000.0,1.0,1,0,0,0,0,0,923,360,175,88,32,18,0,2,2,7,28,90
2000,479,479,2478,17887714722,17887914622,1789895648020,2026-09-20 17:14:08.020,2026-09-21 04:58:42.664,42274.644,704.5774,3.85,mid,9.5013,5000.0,1.0,1,0,0,0,0,0,923,359,174,88,32,18,0,3,3,8,29,91
2000,480,480,2479,17887714822,17887914722,1789895658153,2026-09-20 17:14:18.153,2026-09-21 04:58:59.991,42281.838,704.6973,1.9,low,9.5017,5000.0,1.0,0,0,0,0,0,0,923,359,174,88,32,18,1,4,4,9,30,92
2000,481,481,2480,17887714922,17887914822,1789895669197,2026-09-20 17:14:29.197,2026-09-21 04:59:26.480,42297.283,704.954717,3.91,mid,9.5031,5000.0,1.0,1,0,0,0,0,0,924,359,174,88,32,18,0,5,5,10,31,93
2000,482,482,2481,17887715022,17887914922,1789895686137,2026-09-20 17:14:46.137,2026-09-21 04:59:43.967,42297.83,704.963833,1.8,low,9.5031,5000.0,1.0,0,0,0,0,0,0,924,359,174,88,32,18,1,6,6,11,32,94
2000,483,483,2482,17887715122,17887915022,1789895697157,2026-09-20 17:14:57.157,2026-09-21 04:59:55.572,42298.415,704.973583,1.17,low,9.5032,5000.0,1.0,0,0,0,0,0,0,924,359,174,88,32,18,2,7,7,12,33,95
2000,484,484,2483,17887715222,17887915122,1789895732053,2026-09-20 17:15:32.053,2026-09-21 05:00:05.596,42273.543,704.55905,1.0,low,9.4998,5000.0,1.0,0,0,0,0,0,0,923,358,174,88,32,18,3,8,8,13,34,96
2000,485,485,2484,17887715322,17887915222,1789895742453,2026-09-20 17:15:42.453,2026-09-21 05:00:26.556,42284.103,704.73505,2.48,mid,9.5005,5000.0,1.0,1,0,0,0,0,0,924,358,174,88,32,18,0,9,9,14,35,97
2000,486,486,2485,17887715422,17887915322,1789895764467,2026-09-20 17:16:04.467,2026-09-21 05:00:50.684,42286.217,704.770283,3.19,mid,9.5007,5000.0,1.0,1,0,0,0,0,0,924,358,174,88,32,18,0,10,10,15,36,98
2000,487,487,2486,17887715522,17887915422,1789895794610,2026-09-20 17:16:34.610,2026-09-21 05:01:04.902,42270.292,704.504867,1.43,low,9.4988,5000.0,1.0,0,0,0,0,0,0,923,357,174,88,32,18,1,11,11,16,37,99
2000,488,488,2487,17887715622,17887915522,1789895816683,2026-09-20 17:16:56.683,2026-09-21 05:01:25.517,42268.834,704.480567,2.34,mid,9.4986,5000.0,1.0,1,0,0,0,0,0,923,357,174,88,32,18,0,12,12,17,38,100
2000,489,489,2488,17887715722,17887915622,1789895835793,2026-09-20 17:17:15.793,2026-09-21 05:01:38.311,42262.518,704.3753,1.34,low,9.4982,5000.0,1.0,0,0,0,0,0,0,922,357,174,88,32,18,1,13,13,18,39,101
2000,490,490,2489,17887715822,17887915722,1789895848610,2026-09-20 17:17:28.610,2026-09-21 05:01:52.136,42263.526,704.3921,1.37,low,9.4983,5000.0,1.0,0,0,0,0,0,0,922,357,174,88,32,18,2,14,14,19,40,102
2000,491,491,2490,17887715922,17887915822,1789895872500,2026-09-20 17:17:52.500,2026-09-21 05:02:14.194,42261.694,704.361567,2.67,mid,9.498,5000.0,1.0,1,0,0,0,0,0,922,357,174,88,32,18,0,15,15,20,41,103
2000,492,492,2491,17887716022,17887915922,1789895887690,2026-09-20 17:18:07.690,2026-09-21 05:03:00.161,42292.471,704.874517,19.13,mid,9.5068,5000.0,1.0,1,1,1,0,0,0,923,358,175,88,32,18,0,0,0,21,42,104
2000,493,493,2492,17887716122,17887916022,1789895909293,2026-09-20 17:18:29.293,2026-09-21 05:03:10.133,42280.84,704.680667,1.0,low,9.506,5000.0,1.0,0,0,0,0,0,0,922,358,175,88,32,18,1,1,1,22,43,105
2000,494,494,2493,17887716222,17887916122,1789895927983,2026-09-20 17:18:47.983,2026-09-21 05:03:24.232,42276.249,704.60415,1.47,low,9.5057,5000.0,1.0,0,0,0,0,0,0,921,358,175,88,32,18,2,2,2,23,44,106
2000,495,495,2494,17887716322,17887916222,1789895941017,2026-09-20 17:19:01.017,2026-09-21 05:04:01.829,42300.812,705.013533,9.65,mid,9.5099,5000.0,1.0,1,1,0,0,0,0,922,359,175,88,32,18,0,0,3,24,45,107
2000,496,496,2495,17887716422,17887916322,1789895952643,2026-09-20 17:19:12.643,2026-09-21 05:04:16.503,42303.86,705.064333,1.45,low,9.5101,5000.0,1.0,0,0,0,0,0,0,922,359,175,88,32,18,1,1,4,25,46,108
2000,497,497,2496,17887716522,17887916422,1789895969497,2026-09-20 17:19:29.497,2026-09-21 05:04:26.570,42297.073,704.951217,1.0,low,9.5097,5000.0,1.0,0,0,0,0,0,0,922,359,175,88,32,18,2,2,5,26,47,109
2000,498,498,2497,17887716622,17887916522,1789895981930,2026-09-20 17:19:41.930,2026-09-21 05:04:41.669,42299.739,704.99565,1.57,low,9.5099,5000.0,1.0,0,0,0,0,0,0,922,359,175,88,32,18,3,3,6,27,48,110
2000,499,499,2498,17887716722,17887916622,1789895999223,2026-09-20 17:19:59.223,2026-09-21 05:04:57.491,42298.268,704.971133,1.62,low,9.5098,5000.0,1.0,0,0,0,0,0,0,922,359,175,88,32,18,4,4,7,28,49,111
2000,500,500,2499,17887716822,17887916722,1789896055663,2026-09-20 17:20:55.663,2026-09-21 05:05:11.531,42255.868,704.264467,1.35,low,9.487,5000.0,1.0,0,0,0,0,0,0,921,358,174,87,32,18,5,5,8,29,50,112
2000,501,501,2500,17887716922,17887916822,1789896066057,2026-09-20 17:21:06.057,2026-09-21 05:05:58.399,42292.342,704.872367,21.9,mid,9.4974,5000.0,1.0,1,1,1,1,0,0,922,359,175,88,32,18,0,0,0,0,51,113
2000,502,502,2501,17887717022,17887916922,1789896078360,2026-09-20 17:21:18.360,2026-09-21 05:06:24.476,42306.116,705.101933,3.78,mid,9.4987,5000.0,1.0,1,0,0,0,0,0,923,359,175,88,32,18,0,1,1,1,52,114
2000,503,503,2502,17887717122,17887917022,1789896089087,2026-09-20 17:21:29.087,2026-09-21 05:07:19.824,42350.737,705.845617,42.39,high,9.5194,5000.0,1.0,1,1,1,1,0,0,924,360,176,89,32,18,0,0,0,0,53,115
2000,504,504,2503,17887717222,17887917122,1789896117473,2026-09-20 17:21:57.473,2026-09-21 05:07:30.427,42332.954,705.549233,1.08,low,9.5176,5000.0,1.0,0,0,0,0,0,0,923,360,176,89,32,18,1,1,1,1,54,116
2000,505,505,2504,17887717322,17887917222,1789896141553,2026-09-20 17:22:21.553,2026-09-21 05:07:42.233,42320.68,705.344667,1.14,low,9.5166,5000.0,1.0,0,0,0,0,0,0,922,360,176,89,32,18,2,2,2,2,55,117
2000,506,506,2505,17887717422,17887917322,1789896151667,2026-09-20 17:22:31.667,2026-09-21 05:08:35.028,42363.361,706.056017,34.79,high,9.5335,5000.0,1.0,1,1,1,1,0,0,923,361,177,90,32,18,0,0,0,0,56,118
2000,507,507,2506,17887717522,17887917422,1789896163070,2026-09-20 17:22:43.070,2026-09-21 05:08:50.353,42367.283,706.121383,1.54,low,9.5337,5000.0,1.0,0,0,0,0,0,0,923,361,177,90,32,18,1,1,1,1,57,119
2000,508,508,2507,17887717622,17887917522,1789896175590,2026-09-20 17:22:55.590,2026-09-21 05:09:24.309,42388.719,706.47865,7.15,mid,9.5367,5000.0,1.0,1,1,0,0,0,0,924,362,177,90,32,18,0,0,2,2,58,120
2000,509,509,2508,17887717722,17887917622,1789896204697,2026-09-20 17:23:24.697,2026-09-21 05:09:48.113,42383.416,706.390267,3.03,mid,9.5357,5000.0,1.0,1,0,0,0,0,0,924,362,177,90,32,18,0,1,3,3,59,121
2000,510,510,2509,17887717822,17887917722,1789896229170,2026-09-20 17:23:49.170,2026-09-21 05:10:14.025,42384.855,706.41425,3.82,mid,9.536,5000.0,1.0,1,0,0,0,0,0,924,362,177,90,32,18,0,2,4,4,60,122
2000,511,511,2510,17887717922,17887917822,1789896245770,2026-09-20 17:24:05.770,2026-09-21 05:10:51.478,42405.708,706.7618,10.02,mid,9.5401,5000.0,1.0,1,1,1,0,0,0,925,363,178,90,32,18,0,0,0,5,61,123
2000,512,512,2511,17887718022,17887917922,1789896259857,2026-09-20 17:24:19.857,2026-09-21 05:11:06.942,42407.085,706.78475,1.47,low,9.5402,5000.0,1.0,0,0,0,0,0,0,925,363,178,90,32,18,1,1,1,6,62,124
2000,513,513,2512,17887718122,17887918022,1789896278738,2026-09-20 17:24:38.738,2026-09-21 05:11:28.575,42409.837,706.830617,2.79,mid,9.5405,5000.0,1.0,1,0,0,0,0,0,925,363,178,90,32,18,0,2,2,7,63,125
2000,514,514,2513,17887718222,17887918122,1789896291327,2026-09-20 17:24:51.327,2026-09-21 05:11:53.409,42422.082,707.0347,3.44,mid,9.5416,5000.0,1.0,1,0,0,0,0,0,926,363,178,90,32,18,0,3,3,8,64,126
2000,515,515,2514,17887718322,17887918222,1789896302797,2026-09-20 17:25:02.797,2026-09-21 05:12:34.905,42452.108,707.535133,13.42,mid,9.5478,5000.0,1.0,1,1,1,0,0,0,927,364,179,90,32,18,0,0,0,9,65,127
2000,516,516,2515,17887718422,17887918322,1789896321963,2026-09-20 17:25:21.963,2026-09-21 05:12:48.969,42447.006,707.4501,1.4,low,9.5474,5000.0,1.0,0,0,0,0,0,0,926,364,179,90,32,18,1,1,1,10,66,128
2000,517,517,2516,17887718522,17887918422,1789896340071,2026-09-20 17:25:40.071,2026-09-21 05:13:18.371,42458.3,707.638333,4.95,mid,9.5489,5000.0,1.0,1,0,0,0,0,0,927,364,179,90,32,18,0,2,2,11,67,129
2000,518,518,2517,17887718622,17887918522,1789896353538,2026-09-20 17:25:53.538,2026-09-21 05:13:41.282,42467.744,707.795733,2.94,mid,9.5497,5000.0,1.0,1,0,0,0,0,0,928,364,179,90,32,18,0,3,3,12,68,130
2000,519,519,2518,17887718722,17887918622,1789896379333,2026-09-20 17:26:19.333,2026-09-21 05:14:06.317,42466.984,707.783067,3.45,mid,9.5496,5000.0,1.0,1,0,0,0,0,0,928,364,179,90,32,18,0,4,4,13,69,131
2000,520,520,2519,17887718822,17887918722,1789896390740,2026-09-20 17:26:30.740,2026-09-21 05:14:31.092,42480.352,708.005867,3.43,mid,9.5507,5000.0,1.0,1,0,0,0,0,0,929,364,179,90,32,18,0,5,5,14,70,132
2000,521,521,2520,17887718922,17887918822,1789896413290,2026-09-20 17:26:53.290,2026-09-21 05:14:59.535,42486.245,708.104083,4.57,mid,9.5516,5000.0,1.0,1,0,0,0,0,0,929,364,179,90,32,18,0,6,6,15,71,133
2000,522,522,2521,17887719022,17887918922,1789896427053,2026-09-20 17:27:07.053,2026-09-21 05:15:19.836,42492.783,708.21305,2.42,mid,9.5521,5000.0,1.0,1,0,0,0,0,0,930,364,179,90,32,18,0,7,7,16,72,134
2000,523,523,2522,17887719122,17887919022,1789896448083,2026-09-20 17:27:28.083,2026-09-21 05:15:32.675,42484.592,708.076533,1.23,low,9.5517,5000.0,1.0,0,0,0,0,0,0,929,364,179,90,32,18,1,8,8,17,73,135
2000,524,524,2523,17887719222,17887919122,1789896462380,2026-09-20 17:27:42.380,2026-09-21 05:15:49.905,42487.525,708.125417,1.8,low,9.5519,5000.0,1.0,0,0,0,0,0,0,929,364,179,90,32,18,2,9,9,18,74,136
2000,525,525,2524,17887719322,17887919222,1789896499397,2026-09-20 17:28:19.397,2026-09-21 05:16:05.983,42466.586,707.776433,1.7,low,9.5481,5000.0,1.0,0,0,0,0,0,0,928,363,179,90,32,18,3,10,10,19,75,137
2000,526,526,2525,17887719422,17887919322,1789896509513,2026-09-20 17:28:29.513,2026-09-21 05:16:22.066,42472.553,707.875883,1.63,low,9.5484,5000.0,1.0,0,0,0,0,0,0,928,363,179,90,32,18,4,11,11,20,76,138
2000,527,527,2526,17887719522,17887919422,1789896521750,2026-09-20 17:28:41.750,2026-09-21 05:16:38.407,42476.657,707.944283,1.69,low,9.5486,5000.0,1.0,0,0,0,0,0,0,928,363,179,90,32,18,5,12,12,21,77,139
2000,528,528,2527,17887719622,17887919522,1789896533220,2026-09-20 17:28:53.220,2026-09-21 05:16:53.122,42479.902,707.998367,1.49,low,9.5488,5000.0,1.0,0,0,0,0,0,0,928,363,179,90,32,18,6,13,13,22,78,140
2000,529,529,2528,17887719722,17887919622,1789896554407,2026-09-20 17:29:14.407,2026-09-21 05:17:17.811,42483.404,708.056733,3.44,mid,9.5493,5000.0,1.0,1,0,0,0,0,0,928,363,179,90,32,18,0,14,14,23,79,141
2000,530,530,2529,17887719822,17887919722,1789896575707,2026-09-20 17:29:35.707,2026-09-21 05:17:29.896,42474.189,707.90315,1.19,low,9.5486,5000.0,1.0,0,0,0,0,0,0,927,363,179,90,32,18,1,15,15,24,80,142
2000,531,531,2530,17887719922,17887919822,1789896587497,2026-09-20 17:29:47.497,2026-09-21 05:17:41.897,42474.4,707.906667,1.17,low,9.5486,5000.0,1.0,0,0,0,0,0,0,927,363,179,90,32,18,2,16,16,25,81,143
2000,532,532,2531,17887720022,17887919922,1789896605903,2026-09-20 17:30:05.903,2026-09-21 05:18:04.996,42479.093,707.984883,2.96,mid,9.5491,5000.0,1.0,1,0,0,0,0,0,927,363,179,90,32,18,0,17,17,26,82,144
2000,533,533,2532,17887720122,17887920022,1789896621220,2026-09-20 17:30:21.220,2026-09-21 05:18:16.888,42475.668,707.9278,1.14,low,9.5488,5000.0,1.0,0,0,0,0,0,0,927,363,179,90,32,18,1,18,18,27,83,145
2000,534,534,2533,17887720222,17887920122,1789896693750,2026-09-20 17:31:33.750,2026-09-21 05:18:33.789,42420.039,707.00065,1.8,low,9.4602,5000.0,1.0,0,0,0,0,0,0,926,362,178,89,31,17,2,19,19,28,84,146
2000,535,535,2534,17887720322,17887920222,1789896707550,2026-09-20 17:31:47.550,2026-09-21 05:18:49.345,42421.795,707.029917,1.57,low,9.4603,5000.0,1.0,0,0,0,0,0,0,926,362,178,89,31,17,3,20,20,29,85,147
2000,536,536,2535,17887720422,17887920322,1789896724160,2026-09-20 17:32:04.160,2026-09-21 05:19:39.450,42455.29,707.588167,29.0,high,9.474,5000.0,1.0,1,1,1,1,0,0,927,363,179,90,31,17,0,0,0,0,86,148
2000,537,537,2536,17887720522,17887920422,1789896741827,2026-09-20 17:32:21.827,2026-09-21 05:19:56.030,42454.203,707.57005,1.71,low,9.4739,5000.0,1.0,0,0,0,0,0,0,927,363,179,90,31,17,1,1,1,1,87,149
2000,538,538,2537,17887720622,17887920522,1789896779960,2026-09-20 17:32:59.960,2026-09-21 05:20:08.131,42428.171,707.136183,1.19,low,9.4693,5000.0,1.0,0,0,0,0,0,0,926,362,178,90,31,17,2,2,2,2,88,150
2000,539,539,2538,17887720722,17887920622,1789896790330,2026-09-20 17:33:10.330,2026-09-21 05:20:18.571,42428.241,707.13735,1.0,low,9.4693,5000.0,1.0,0,0,0,0,0,0,926,362,178,90,31,17,3,3,3,3,89,151
2000,540,540,2539,17887720822,17887920722,1789896801500,2026-09-20 17:33:21.500,2026-09-21 05:20:37.904,42436.404,707.2734,2.21,mid,9.4699,5000.0,1.0,1,0,0,0,0,0,927,362,178,90,31,17,0,4,4,4,90,152
2000,541,541,2540,17887720922,17887920822,1789896811583,2026-09-20 17:33:31.583,2026-09-21 05:20:55.931,42444.348,707.4058,1.85,low,9.4703,5000.0,1.0,0,0,0,0,0,0,927,362,178,90,31,17,1,5,5,5,91,153
2000,542,542,2541,17887721022,17887920922,1789896821713,2026-09-20 17:33:41.713,2026-09-21 05:21:23.424,42461.711,707.695183,4.34,mid,9.472,5000.0,1.0,1,0,0,0,0,0,928,362,178,90,31,17,0,6,6,6,92,154
2000,543,543,2542,17887721122,17887921022,1789896855090,2026-09-20 17:34:15.090,2026-09-21 05:21:45.308,42450.218,707.503633,2.77,mid,9.4699,5000.0,1.0,1,0,0,0,0,0,928,361,178,90,31,17,0,7,7,7,93,155
2000,544,544,2543,17887721222,17887921122,1789896865945,2026-09-20 17:34:25.945,2026-09-21 05:21:58.219,42452.274,707.5379,1.31,low,9.47,5000.0,1.0,0,0,0,0,0,0,928,361,178,90,31,17,1,8,8,8,94,156
2000,545,545,2544,17887721322,17887921222,1789896876223,2026-09-20 17:34:36.223,2026-09-21 05:22:20.954,42464.731,707.745517,2.77,mid,9.4709,5000.0,1.0,1,0,0,0,0,0,929,361,178,90,31,17,0,9,9,9,95,157
2000,546,546,2545,17887721422,17887921322,1789896901270,2026-09-20 17:35:01.270,2026-09-21 05:22:44.713,42463.443,707.72405,3.24,mid,9.4707,5000.0,1.0,1,0,0,0,0,0,929,361,178,90,31,17,0,10,10,10,96,158
2000,547,547,2546,17887721522,17887921422,1789896933613,2026-09-20 17:35:33.613,2026-09-21 05:23:08.072,42454.459,707.574317,3.01,mid,9.4691,5000.0,1.0,1,0,0,0,0,0,929,360,178,90,31,17,0,11,11,11,97,159
2000,548,548,2547,17887721622,17887921522,1789896956137,2026-09-20 17:35:56.137,2026-09-21 05:23:31.926,42455.789,707.596483,3.11,mid,9.4692,5000.0,1.0,1,0,0,0,0,0,929,360,178,90,31,17,0,12,12,12,98,160
2000,549,549,2548,17887721722,17887921622,1789896976147,2026-09-20 17:36:16.147,2026-09-21 05:23:57.479,42461.332,707.688867,3.62,mid,9.4699,5000.0,1.0,1,0,0,0,0,0,929,360,178,90,31,17,0,13,13,13,99,161
2000,550,550,2549,17887721822,17887921722,1789896993260,2026-09-20 17:36:33.260,2026-09-21 05:24:10.500,42457.24,707.620667,1.33,low,9.4696,5000.0,1.0,0,0,0,0,0,0,929,360,178,90,31,17,1,14,14,14,100,162
2000,551,551,2550,17887721922,17887921822,1789897014310,2026-09-20 17:36:54.310,2026-09-21 05:24:34.835,42460.525,707.675417,3.24,mid,9.47,5000.0,1.0,1,0,0,0,0,0,929,360,178,90,31,17,0,15,15,15,101,163
2000,552,552,2551,17887722022,17887921922,1789897064347,2026-09-20 17:37:44.347,2026-09-21 05:25:13.167,42448.82,707.480333,10.26,mid,9.4613,5000.0,1.0,1,1,1,0,0,0,929,360,178,89,31,17,0,0,0,16,102,164
2000,553,553,2552,17887722122,17887922022,1789897076043,2026-09-20 17:37:56.043,2026-09-21 05:26:44.776,42528.733,708.812217,873.13,extra,9.8973,5000.0,1.0,1,1,1,1,1,1,930,361,179,90,32,18,0,0,0,0,0,0
2000,554,554,2553,17887722222,17887922122,1789897090693,2026-09-20 17:38:10.693,2026-09-21 05:27:04.291,42533.598,708.8933,2.15,mid,9.8976,5000.0,1.0,1,0,0,0,0,0,931,361,179,90,32,18,0,1,1,1,1,1
2000,555,555,2554,17887722322,17887922222,1789897108520,2026-09-20 17:38:28.520,2026-09-21 05:27:19.022,42530.502,708.8417,1.55,low,9.8975,5000.0,1.0,0,0,0,0,0,0,931,361,179,90,32,18,1,2,2,2,2,2
2000,556,556,2555,17887722422,17887922322,1789897124387,2026-09-20 17:38:44.387,2026-09-21 05:27:51.846,42547.459,709.124317,6.53,mid,9.8999,5000.0,1.0,1,1,0,0,0,0,932,362,179,90,32,18,0,0,3,3,3,3
2000,557,557,2556,17887722522,17887922422,1789897169110,2026-09-20 17:39:29.110,2026-09-21 05:28:05.243,42516.133,708.602217,1.34,low,9.8917,5000.0,1.0,0,0,0,0,0,0,931,361,178,90,32,18,1,1,4,4,4,4
2000,558,558,2557,17887722622,17887922522,1789897179200,2026-09-20 17:39:39.200,2026-09-21 05:28:33.011,42533.811,708.89685,4.45,mid,9.8934,5000.0,1.0,1,0,0,0,0,0,932,361,178,90,32,18,0,2,5,5,5,5
2000,559,559,2558,17887722722,17887922622,1789897194577,2026-09-20 17:39:54.577,2026-09-21 05:28:49.314,42534.737,708.912283,1.66,low,9.8934,5000.0,1.0,0,0,0,0,0,0,932,361,178,90,32,18,1,3,6,6,6,6
2000,560,560,2559,17887722822,17887922722,1789897232287,2026-09-20 17:40:32.287,2026-09-21 05:29:13.361,42521.074,708.684567,3.2,mid,9.8901,5000.0,1.0,1,0,0,0,0,0,932,360,178,90,32,18,0,4,7,7,7,7
2000,561,561,2560,17887722922,17887922822,1789897245180,2026-09-20 17:40:45.180,2026-09-21 05:29:46.100,42540.92,709.015333,6.57,mid,9.8927,5000.0,1.0,1,1,0,0,0,0,933,361,178,90,32,18,0,0,8,8,8,8
2000,562,562,2561,17887723022,17887922922,1789897258913,2026-09-20 17:40:58.913,2026-09-21 05:29:58.129,42539.216,708.986933,1.17,low,9.8926,5000.0,1.0,0,0,0,0,0,0,933,361,178,90,32,18,1,1,9,9,9,9
2000,563,563,2562,17887723122,17887923022,1789897293573,2026-09-20 17:41:33.573,2026-09-21 05:30:30.399,42536.826,708.9471,6.39,mid,9.892,5000.0,1.0,1,1,0,0,0,0,933,361,178,90,32,18,0,0,10,10,10,10
2000,564,564,2563,17887723222,17887923122,1789897321540,2026-09-20 17:42:01.540,2026-09-21 05:31:08.935,42547.395,709.12325,10.95,mid,9.8952,5000.0,1.0,1,1,1,0,0,0,933,362,179,90,32,18,0,0,0,11,11,11
2000,565,565,2564,17887723322,17887923222,1789897336287,2026-09-20 17:42:16.287,2026-09-21 05:31:41.569,42565.282,709.421367,6.37,mid,9.8977,5000.0,1.0,1,1,0,0,0,0,934,363,179,90,32,18,0,0,1,12,12,12
2000,566,566,2565,17887723422,17887923322,1789897353087,2026-09-20 17:42:33.087,2026-09-21 05:32:06.256,42573.169,709.552817,3.38,mid,9.8985,5000.0,1.0,1,0,0,0,0,0,935,363,179,90,32,18,0,1,2,13,13,13
2000,567,567,2566,17887723522,17887923422,1789897371150,2026-09-20 17:42:51.150,2026-09-21 05:32:16.352,42565.202,709.420033,1.0,low,9.898,5000.0,1.0,0,0,0,0,0,0,935,363,179,90,32,18,1,2,3,14,14,14
2000,568,568,2567,17887723622,17887923522,1789897400887,2026-09-20 17:43:20.887,2026-09-21 05:32:26.446,42545.559,709.09265,1.0,low,9.8959,5000.0,1.0,0,0,0,0,0,0,934,362,179,90,32,18,2,3,4,15,15,15
2000,569,569,2568,17887723722,17887923622,1789897414463,2026-09-20 17:43:34.463,2026-09-21 05:33:16.470,42582.007,709.700117,27.54,high,9.909,5000.0,1.0,1,1,1,1,0,0,935,363,180,91,32,18,0,0,0,0,16,16
2000,570,570,2569,17887723822,17887923722,1789897427750,2026-09-20 17:43:47.750,2026-09-21 05:33:30.937,42583.187,709.719783,1.44,low,9.9091,5000.0,1.0,0,0,0,0,0,0,935,363,180,91,32,18,1,1,1,1,17,17
2000,571,571,2570,17887723922,17887923822,1789897437877,2026-09-20 17:43:57.877,2026-09-21 05:33:41.328,42583.451,709.724183,1.03,low,9.9091,5000.0,1.0,0,0,0,0,0,0,935,363,180,91,32,18,2,2,2,2,18,18
2000,572,572,2571,17887724022,17887923922,1789897457113,2026-09-20 17:44:17.113,2026-09-21 05:33:58.238,42581.125,709.685417,1.75,low,9.9089,5000.0,1.0,0,0,0,0,0,0,934,363,180,91,32,18,3,3,3,3,19,19
2000,573,573,2572,17887724122,17887924022,1789897471130,2026-09-20 17:44:31.130,2026-09-21 05:34:08.463,42577.333,709.622217,1.0,low,9.9087,5000.0,1.0,0,0,0,0,0,0,934,363,180,91,32,18,4,4,4,4,20,20
2000,574,574,2573,17887724222,17887924122,1789897512479,2026-09-20 17:45:12.479,2026-09-21 05:34:36.706,42564.227,709.403783,4.53,mid,9.9042,5000.0,1.0,1,0,0,0,0,0,934,362,179,91,32,18,0,5,5,5,21,21
2000,575,575,2574,17887724322,17887924222,1789897522740,2026-09-20 17:45:22.740,2026-09-21 05:34:48.925,42566.185,709.436417,1.24,low,9.9043,5000.0,1.0,0,0,0,0,0,0,934,362,179,91,32,18,1,6,6,6,22,22
2000,576,576,2575,17887724422,17887924322,1789897543803,2026-09-20 17:45:43.803,2026-09-21 05:35:30.623,42586.82,709.780333,13.9,mid,9.91,5000.0,1.0,1,1,1,0,0,0,934,363,180,91,32,18,0,0,0,7,23,23
2000,577,577,2576,17887724522,17887924422,1789897565570,2026-09-20 17:46:05.570,2026-09-21 05:35:58.762,42593.192,709.886533,4.51,mid,9.911,5000.0,1.0,1,0,0,0,0,0,934,363,180,91,32,18,0,1,1,8,24,24
2000,578,578,2577,17887724622,17887924522,1789897585593,2026-09-20 17:46:25.593,2026-09-21 05:36:21.926,42596.333,709.938883,2.98,mid,9.9113,5000.0,1.0,1,0,0,0,0,0,934,363,180,91,32,18,0,2,2,9,25,25
2000,579,579,2578,17887724722,17887924622,1789897607570,2026-09-20 17:46:47.570,2026-09-21 05:37:13.816,42626.246,710.437433,32.31,high,9.9261,5000.0,1.0,1,1,1,1,0,0,934,364,181,92,32,18,0,0,0,0,26,26
2000,580,580,2579,17887724822,17887924722,1789897622633,2026-09-20 17:47:02.633,2026-09-21 05:37:36.035,42633.402,710.5567,2.82,mid,9.9268,5000.0,1.0,1,0,0,0,0,0,935,364,181,92,32,18,0,1,1,1,27,27
2000,581,581,2580,17887724922,17887924822,1789897637217,2026-09-20 17:47:17.217,2026-09-21 05:37:49.831,42632.614,710.543567,1.35,low,9.9267,5000.0,1.0,0,0,0,0,0,0,935,364,181,92,32,18,1,2,2,2,28,28
2000,582,582,2581,17887725022,17887924922,1789897655053,2026-09-20 17:47:35.053,2026-09-21 05:38:02.144,42627.091,710.451517,1.22,low,9.9264,5000.0,1.0,0,0,0,0,0,0,935,364,181,92,32,18,2,3,3,3,29,29
2000,583,583,2582,17887725122,17887925022,1789897673060,2026-09-20 17:47:53.060,2026-09-21 05:38:27.257,42634.197,710.56995,3.43,mid,9.9271,5000.0,1.0,1,0,0,0,0,0,936,364,181,92,32,18,0,4,4,4,30,30
2000,584,584,2583,17887725222,17887925122,1789897698343,2026-09-20 17:48:18.343,2026-09-21 05:38:40.163,42621.82,710.363667,1.31,low,9.926,5000.0,1.0,0,0,0,0,0,0,935,364,181,92,32,18,1,5,5,5,31,31
2000,585,585,2584,17887725322,17887925222,1789897737593,2026-09-20 17:48:57.593,2026-09-21 05:39:07.282,42609.689,710.161483,4.16,mid,9.9224,5000.0,1.0,1,0,0,0,0,0,935,363,180,92,32,18,0,6,6,6,32,32
2000,586,586,2585,17887725422,17887925322,1789897771460,2026-09-20 17:49:31.460,2026-09-21 05:39:19.525,42588.065,709.801083,1.12,low,9.9194,5000.0,1.0,0,0,0,0,0,0,934,362,180,92,32,18,1,7,7,7,33,33
2000,587,587,2586,17887725522,17887925422,1789897787850,2026-09-20 17:49:47.850,2026-09-21 05:39:35.996,42588.146,709.802433,1.78,low,9.9194,5000.0,1.0,0,0,0,0,0,0,934,362,180,92,32,18,2,8,8,8,34,34
2000,588,588,2587,17887725622,17887925522,1789897824753,2026-09-20 17:50:24.753,2026-09-21 05:39:58.992,42574.239,709.57065,2.94,mid,9.9162,5000.0,1.0,1,0,0,0,0,0,934,361,180,92,32,18,0,9,9,9,35,35
2000,589,589,2588,17887725722,17887925622,1789897849080,2026-09-20 17:50:49.080,2026-09-21 05:40:13.175,42564.095,709.401583,1.42,low,9.9153,5000.0,1.0,0,0,0,0,0,0,933,361,180,92,32,18,1,10,10,10,36,36
2000,590,590,2589,17887725822,17887925722,1789897862997,2026-09-20 17:51:02.997,2026-09-21 05:40:38.480,42575.483,709.591383,3.62,mid,9.9164,5000.0,1.0,1,0,0,0,0,0,934,361,180,92,32,18,0,11,11,11,37,37
2000,591,591,2590,17887725922,17887925822,1789897892103,2026-09-20 17:51:32.103,2026-09-21 05:40:53.952,42561.849,709.36415,1.55,low,9.9148,5000.0,1.0,0,0,0,0,0,0,933,361,180,92,32,18,1,12,12,12,38,38
2000,592,592,2591,17887726022,17887925922,1789897917080,2026-09-20 17:51:57.080,2026-09-21 05:41:06.330,42549.25,709.154167,1.23,low,9.9136,5000.0,1.0,0,0,0,0,0,0,932,361,180,92,32,18,2,13,13,13,39,39
2000,593,593,2592,17887726122,17887926022,1789897928690,2026-09-20 17:52:08.690,2026-09-21 05:41:47.524,42578.834,709.647233,13.21,mid,9.9197,5000.0,1.0,1,1,1,0,0,0,933,362,181,92,32,18,0,0,0,14,40,40
2000,594,594,2593,17887726222,17887926122,1789897979593,2026-09-20 17:52:59.593,2026-09-21 05:41:58.825,42539.232,708.9872,1.13,low,9.9054,5000.0,1.0,0,0,0,0,0,0,932,361,180,91,32,18,1,1,1,15,41,41
2000,595,595,2594,17887726322,17887926222,1789897991173,2026-09-20 17:53:11.173,2026-09-21 05:43:04.654,42593.481,709.89135,101.86,extra,9.9557,5000.0,1.0,1,1,1,1,1,1,933,362,181,92,33,19,0,0,0,0,0,0
2000,596,596,2595,17887726422,17887926322,1789898013960,2026-09-20 17:53:33.960,2026-09-21 05:43:17.792,42583.832,709.730533,1.26,low,9.9549,5000.0,1.0,0,0,0,0,0,0,932,362,181,92,33,19,1,1,1,1,1,1
2000,597,597,2596,17887726522,17887926422,1789898034643,2026-09-20 17:53:54.643,2026-09-21 05:43:27.899,42573.256,709.554267,1.03,low,9.9542,5000.0,1.0,0,0,0,0,0,0,931,362,181,92,33,19,2,2,2,2,2,2
2000,598,598,2597,17887726622,17887926522,1789898053470,2026-09-20 17:54:13.470,2026-09-21 05:43:51.056,42577.586,709.626433,3.0,mid,9.9547,5000.0,1.0,1,0,0,0,0,0,931,362,181,92,33,19,0,3,3,3,3,3
2000,599,599,2598,17887726722,17887926622,1789898081057,2026-09-20 17:54:41.057,2026-09-21 05:44:20.965,42579.908,709.665133,4.99,mid,9.955,5000.0,1.0,1,0,0,0,0,0,931,362,181,92,33,19,0,4,4,4,4,4
2000,600,600,2599,17887726822,17887926722,1789898091197,2026-09-20 17:54:51.197,2026-09-21 05:44:36.484,42585.287,709.754783,1.67,low,9.9554,5000.0,1.0,0,0,0,0,0,0,931,362,181,92,33,19,1,5,5,5,5,5
2000,601,601,2600,17887726922,17887926822,1789898147737,2026-09-20 17:55:47.737,2026-09-21 05:44:54.212,42546.475,709.107917,1.89,low,9.9326,5000.0,1.0,0,0,0,0,0,0,930,361,180,91,33,19,2,6,6,6,6,6
2000,602,602,2601,17887727022,17887926922,1789898158590,2026-09-20 17:55:58.590,2026-09-21 05:45:10.362,42551.772,709.1962,1.65,low,9.9329,5000.0,1.0,0,0,0,0,0,0,930,361,180,91,33,19,3,7,7,7,7,7
2000,603,603,2602,17887727122,17887927022,1789898206563,2026-09-20 17:56:46.563,2026-09-21 05:45:36.881,42530.318,708.838633,4.05,mid,9.9233,5000.0,1.0,1,0,0,0,0,0,930,360,179,90,33,19,0,8,8,8,8,8
2000,604,604,2603,17887727222,17887927122,1789898233633,2026-09-20 17:57:13.633,2026-09-21 05:45:52.236,42518.603,708.643383,1.51,low,9.922,5000.0,1.0,0,0,0,0,0,0,929,360,179,90,33,19,1,9,9,9,9,9
2000,605,605,2604,17887727322,17887927222,1789898249663,2026-09-20 17:57:29.663,2026-09-21 05:46:06.482,42516.819,708.61365,1.41,low,9.9219,5000.0,1.0,0,0,0,0,0,0,929,360,179,90,33,19,2,10,10,10,10,10
2000,606,606,2605,17887727422,17887927322,1789898282829,2026-09-20 17:58:02.829,2026-09-21 05:46:37.394,42514.565,708.576083,5.81,mid,9.9214,5000.0,1.0,1,1,0,0,0,0,929,360,179,90,33,19,0,0,11,11,11,11
2000,607,607,2606,17887727522,17887927422,1789898300424,2026-09-20 17:58:20.424,2026-09-21 05:46:47.742,42507.318,708.4553,1.0,low,9.9209,5000.0,1.0,0,0,0,0,0,0,929,360,179,90,33,19,1,1,12,12,12,12
2000,608,608,2607,17887727622,17887927522,1789898312573,2026-09-20 17:58:32.573,2026-09-21 05:47:00.578,42508.005,708.46675,1.27,low,9.921,5000.0,1.0,0,0,0,0,0,0,929,360,179,90,33,19,2,2,13,13,13,13
2000,609,609,2608,17887727722,17887927622,1789898329290,2026-09-20 17:58:49.290,2026-09-21 05:47:29.541,42520.251,708.67085,4.93,mid,9.9226,5000.0,1.0,1,0,0,0,0,0,930,360,179,90,33,19,0,3,14,14,14,14
2000,610,610,2609,17887727822,17887927722,1789898348833,2026-09-20 17:59:08.833,2026-09-21 05:48:01.979,42533.146,708.885767,6.31,mid,9.9246,5000.0,1.0,1,1,0,0,0,0,930,361,179,90,33,19,0,0,15,15,15,15
2000,611,611,2610,17887727922,17887927822,1789898368153,2026-09-20 17:59:28.153,2026-09-21 05:48:12.223,42524.07,708.7345,1.05,low,9.9241,5000.0,1.0,0,0,0,0,0,0,929,361,179,90,33,19,1,1,16,16,16,16
2000,612,612,2611,17887728022,17887927922,1789898383907,2026-09-20 17:59:43.907,2026-09-21 05:48:46.356,42542.449,709.040817,7.4,mid,9.927,5000.0,1.0,1,1,0,0,0,0,930,362,179,90,33,19,0,0,17,17,17,17
2000,613,613,2612,17887728122,17887928022,1789898394610,2026-09-20 17:59:54.610,2026-09-21 05:48:56.923,42542.313,709.03855,1.0,low,9.9269,5000.0,1.0,0,0,0,0,0,0,930,362,179,90,33,19,1,1,18,18,18,18
2000,614,614,2613,17887728222,17887928122,1789898404693,2026-09-20 18:00:04.693,2026-09-21 05:49:16.498,42551.805,709.19675,2.29,mid,9.9276,5000.0,1.0,1,0,0,0,0,0,931,362,179,90,33,19,0,2,19,19,19,19
2000,615,615,2614,17887728322,17887928222,1789898426193,2026-09-20 18:00:26.193,2026-09-21 05:50:00.698,42574.505,709.575083,16.86,mid,9.9347,5000.0,1.0,1,1,1,0,0,0,931,363,180,90,33,19,0,0,0,20,20,20
2000,616,616,2615,17887728422,17887928322,1789898442837,2026-09-20 18:00:42.837,2026-09-21 05:50:40.945,42598.108,709.968467,12.56,mid,9.9401,5000.0,1.0,1,1,1,0,0,0,932,364,181,90,33,19,0,0,0,21,21,21
2000,617,617,2616,17887728522,17887928422,1789898463953,2026-09-20 18:01:03.953,2026-09-21 05:50:54.290,42590.337,709.83895,1.29,low,9.9395,5000.0,1.0,0,0,0,0,0,0,931,364,181,90,33,19,1,1,1,22,22,22
2000,618,618,2617,17887728622,17887928522,1789898475650,2026-09-20 18:01:15.650,2026-09-21 05:51:07.411,42591.761,709.862683,1.3,low,9.9396,5000.0,1.0,0,0,0,0,0,0,931,364,181,90,33,19,2,2,2,23,23,23
2000,619,619,2618,17887728722,17887928622,1789898511647,2026-09-20 18:01:51.647,2026-09-21 05:51:46.569,42594.922,709.915367,11.18,mid,9.9409,5000.0,1.0,1,1,1,0,0,0,931,364,182,90,33,19,0,0,0,24,24,24
2000,620,620,2619,17887728822,17887928722,1789898540800,2026-09-20 18:02:20.800,2026-09-21 05:52:03.313,42582.513,709.70855,1.81,low,9.9393,5000.0,1.0,0,0,0,0,0,0,930,364,182,90,33,19,1,1,1,25,25,25
2000,621,621,2620,17887728922,17887928822,1789898563073,2026-09-20 18:02:43.073,2026-09-21 05:52:15.152,42572.079,709.53465,1.14,low,9.9385,5000.0,1.0,0,0,0,0,0,0,929,364,182,90,33,19,2,2,2,26,26,26
2000,622,622,2621,17887729022,17887928922,1789898586273,2026-09-20 18:03:06.273,2026-09-21 05:52:40.287,42574.014,709.5669,3.47,mid,9.9388,5000.0,1.0,1,0,0,0,0,0,929,364,182,90,33,19,0,3,3,27,27,27
2000,623,623,2622,17887729122,17887929022,1789898612593,2026-09-20 18:03:32.593,2026-09-21 05:52:57.480,42564.887,709.414783,1.8,low,9.9377,5000.0,1.0,0,0,0,0,0,0,928,364,182,90,33,19,1,4,4,28,28,28
2000,624,624,2623,17887729222,17887929122,1789898638930,2026-09-20 18:03:58.930,2026-09-21 05:53:07.517,42548.587,709.143117,1.02,low,9.9363,5000.0,1.0,0,0,0,0,0,0,927,364,182,90,33,19,2,5,5,29,29,29
2000,625,625,2624,17887729322,17887929222,1789898652303,2026-09-20 18:04:12.303,2026-09-21 05:54:30.244,42617.941,710.299017,412.66,extra,10.142,5000.0,1.0,1,1,1,1,1,1,928,365,183,91,34,20,0,0,0,0,0,0
2000,626,626,2625,17887729422,17887929322,1789898667847,2026-09-20 18:04:27.847,2026-09-21 05:54:43.865,42616.018,710.266967,1.34,low,10.1419,5000.0,1.0,0,0,0,0,0,0,928,365,183,91,34,20,1,1,1,1,1,1
2000,627,627,2626,17887729522,17887929422,1789898690680,2026-09-20 18:04:50.680,2026-09-21 05:55:24.135,42633.455,710.557583,12.47,mid,10.1466,5000.0,1.0,1,1,1,0,0,0,928,366,184,91,34,20,0,0,0,2,2,2
2000,628,628,2627,17887729622,17887929522,1789898724107,2026-09-20 18:05:24.107,2026-09-21 05:55:34.368,42610.261,710.171017,1.0,low,10.1437,5000.0,1.0,0,0,0,0,0,0,927,365,184,91,34,20,1,1,1,3,3,3
2000,629,629,2628,17887729722,17887929622,1789898740840,2026-09-20 18:05:40.840,2026-09-21 05:55:49.032,42608.192,710.136533,1.5,low,10.1435,5000.0,1.0,0,0,0,0,0,0,927,365,184,91,34,20,2,2,2,4,4,4
2000,630,630,2629,17887729822,17887929722,1789898802113,2026-09-20 18:06:42.113,2026-09-21 05:56:01.751,42559.638,709.3273,1.27,low,10.1091,5000.0,1.0,0,0,0,0,0,0,926,364,183,90,33,20,3,3,3,5,5,5
2000,631,631,2630,17887729922,17887929822,1789898818690,2026-09-20 18:06:58.690,2026-09-21 05:56:21.675,42562.985,709.383083,2.17,mid,10.1093,5000.0,1.0,1,0,0,0,0,0,927,364,183,90,33,20,0,4,4,6,6,6
2000,632,632,2631,17887730022,17887929922,1789898832547,2026-09-20 18:07:12.547,2026-09-21 05:57:43.989,42631.442,710.524033,413.64,extra,10.3154,5000.0,1.0,1,1,1,1,1,1,928,365,184,91,34,21,0,0,0,0,0,0
2000,633,633,2632,17887730122,17887930022,1789898845223,2026-09-20 18:07:25.223,2026-09-21 05:57:55.752,42630.529,710.508817,1.14,low,10.3154,5000.0,1.0,0,0,0,0,0,0,928,365,184,91,34,21,1,1,1,1,1,1
2000,634,634,2633,17887730222,17887930122,1789898861500,2026-09-20 18:07:41.500,2026-09-21 05:58:11.475,42629.975,710.499583,1.58,low,10.3153,5000.0,1.0,0,0,0,0,0,0,928,365,184,91,34,21,2,2,2,2,2,2
2000,635,635,2634,17887730322,17887930222,1789898886093,2026-09-20 18:08:06.093,2026-09-21 05:58:23.705,42617.612,710.293533,1.24,low,10.3143,5000.0,1.0,0,0,0,0,0,0,927,365,184,91,34,21,3,3,3,3,3,3
2000,636,636,2635,17887730422,17887930322,1789898901330,2026-09-20 18:08:21.330,2026-09-21 05:58:35.606,42614.276,710.237933,1.18,low,10.3141,5000.0,1.0,0,0,0,0,0,0,927,365,184,91,34,21,4,4,4,4,4,4
2000,637,637,2636,17887730522,17887930422,1789898917150,2026-09-20 18:08:37.150,2026-09-21 05:58:53.459,42616.309,710.271817,1.9,low,10.3142,5000.0,1.0,0,0,0,0,0,0,927,365,184,91,34,21,5,5,5,5,5,5
2000,638,638,2637,17887730622,17887930522,1789898966690,2026-09-20 18:09:26.690,2026-09-21 05:59:10.302,42583.612,709.726867,1.8,low,10.3018,5000.0,1.0,0,0,0,0,0,0,926,364,183,90,34,21,6,6,6,6,6,6
2000,639,639,2638,17887730722,17887930622,1789899012183,2026-09-20 18:10:12.183,2026-09-21 05:59:34.468,42562.285,709.371417,3.22,mid,10.2939,5000.0,1.0,1,0,0,0,0,0,926,363,182,90,34,21,0,7,7,7,7,7
2000,640,640,2639,17887730822,17887930722,1789899032400,2026-09-20 18:10:32.400,2026-09-21 05:59:52.696,42560.296,709.338267,1.85,low,10.2937,5000.0,1.0,0,0,0,0,0,0,925,363,182,90,34,21,1,8,8,8,8,8
2000,641,641,2640,17887730922,17887930822,1789899052450,2026-09-20 18:10:52.450,2026-09-21 06:00:02.250,42549.8,709.163333,1.02,low,10.293,5000.0,1.0,0,0,0,0,0,0,924,363,182,90,34,21,2,9,9,9,9,9
2000,642,642,2641,17887731022,17887930922,1789899081350,2026-09-20 18:11:21.350,2026-09-21 06:00:15.639,42534.289,708.904817,1.32,low,10.2913,5000.0,1.0,0,0,0,0,0,0,923,363,182,90,34,21,3,10,10,10,10,10
2000,643,643,2642,17887731122,17887931022,1789899092823,2026-09-20 18:11:32.823,2026-09-21 06:00:50.321,42557.498,709.291633,7.89,mid,10.2947,5000.0,1.0,1,1,0,0,0,0,924,364,182,90,34,21,0,0,11,11,11,11
2000,644,644,2643,17887731222,17887931122,1789899108900,2026-09-20 18:11:48.900,2026-09-21 06:01:07.970,42559.07,709.317833,1.79,low,10.2948,5000.0,1.0,0,0,0,0,0,0,924,364,182,90,34,21,1,1,12,12,12,12
2000,645,645,2644,17887731322,17887931222,1789899121120,2026-09-20 18:12:01.120,2026-09-21 06:01:19.769,42558.649,709.310817,1.19,low,10.2947,5000.0,1.0,0,0,0,0,0,0,924,364,182,90,34,21,2,2,13,13,13,13
2000,646,646,2645,17887731422,17887931322,1789899141493,2026-09-20 18:12:21.493,2026-09-21 06:01:34.214,42552.721,709.212017,1.41,low,10.2943,5000.0,1.0,0,0,0,0,0,0,923,364,182,90,34,21,3,3,14,14,14,14
2000,647,647,2646,17887731522,17887931422,1789899167420,2026-09-20 18:12:47.420,2026-09-21 06:01:47.313,42539.893,708.998217,1.33,low,10.2931,5000.0,1.0,0,0,0,0,0,0,922,364,182,90,34,21,4,4,15,15,15,15
2000,648,648,2647,17887731622,17887931522,1789899212483,2026-09-20 18:13:32.483,2026-09-21 06:01:58.304,42505.821,708.43035,1.05,low,10.2844,5000.0,1.0,0,0,0,0,0,0,921,363,181,90,34,21,5,5,16,16,16,16
2000,649,649,2648,17887731722,17887931622,1789899236113,2026-09-20 18:13:56.113,2026-09-21 06:02:09.171,42493.058,708.217633,1.11,low,10.2835,5000.0,1.0,0,0,0,0,0,0,920,363,181,90,34,21,6,6,17,17,17,17
2000,650,650,2649,17887731822,17887931722,1789899250600,2026-09-20 18:14:10.600,2026-09-21 06:02:39.065,42508.465,708.474417,5.24,mid,10.2853,5000.0,1.0,1,1,0,0,0,0,921,364,181,90,34,21,0,0,18,18,18,18
2000,651,651,2650,17887731922,17887931822,1789899262820,2026-09-20 18:14:22.820,2026-09-21 06:02:53.025,42510.205,708.503417,1.39,low,10.2854,5000.0,1.0,0,0,0,0,0,0,921,364,181,90,34,21,1,1,19,19,19,19
2000,652,652,2651,17887732022,17887931922,1789899275350,2026-09-20 18:14:35.350,2026-09-21 06:03:03.682,42508.332,708.4722,1.07,low,10.2854,5000.0,1.0,0,0,0,0,0,0,921,364,181,90,34,21,2,2,20,20,20,20
2000,653,653,2652,17887732122,17887932022,1789899294757,2026-09-20 18:14:54.757,2026-09-21 06:03:58.900,42544.143,709.06905,41.47,high,10.305,5000.0,1.0,1,1,1,1,0,0,921,365,182,91,34,21,0,0,0,0,21,21
2000,654,654,2653,17887732222,17887932122,1789899305483,2026-09-20 18:15:05.483,2026-09-21 06:04:17.976,42552.493,709.208217,2.13,mid,10.3055,5000.0,1.0,1,0,0,0,0,0,922,365,182,91,34,21,0,1,1,1,22,22
2000,655,655,2654,17887732322,17887932222,1789899320103,2026-09-20 18:15:20.103,2026-09-21 06:04:31.614,42551.511,709.19185,1.35,low,10.3055,5000.0,1.0,0,0,0,0,0,0,922,365,182,91,34,21,1,2,2,2,23,23
2000,656,656,2655,17887732422,17887932322,1789899330687,2026-09-20 18:15:30.687,2026-09-21 06:04:47.959,42557.272,709.287867,1.69,low,10.3058,5000.0,1.0,0,0,0,0,0,0,922,365,182,91,34,21,2,3,3,3,24,24
2000,657,657,2656,17887732522,17887932422,1789899363840,2026-09-20 18:16:03.840,2026-09-21 06:05:19.124,42555.284,709.254733,5.95,mid,10.3054,5000.0,1.0,1,1,0,0,0,0,922,365,182,91,34,21,0,0,4,4,25,25
2000,658,658,2657,17887732622,17887932522,1789899384660,2026-09-20 18:16:24.660,2026-09-21 06:05:31.128,42546.468,709.1078,1.18,low,10.3047,5000.0,1.0,0,0,0,0,0,0,921,365,182,91,34,21,1,1,5,5,26,26
2000,659,659,2658,17887732722,17887932622,1789899407453,2026-09-20 18:16:47.453,2026-09-21 06:06:35.042,42587.589,709.79315,87.58,high,10.3471,5000.0,1.0,1,1,1,1,1,0,921,366,183,92,35,21,0,0,0,0,0,27
2000,660,660,2659,17887732822,17887932722,1789899417553,2026-09-20 18:16:57.553,2026-09-21 06:06:55.488,42597.935,709.965583,2.37,mid,10.3478,5000.0,1.0,1,0,0,0,0,0,922,366,183,92,35,21,0,1,1,1,1,28
2000,661,661,2660,17887732922,17887932822,1789899432550,2026-09-20 18:17:12.550,2026-09-21 06:07:06.249,42593.699,709.894983,1.05,low,10.3475,5000.0,1.0,0,0,0,0,0,0,922,366,183,92,35,21,1,2,2,2,2,29
2000,662,662,2661,17887733022,17887932922,1789899452257,2026-09-20 18:17:32.257,2026-09-21 06:07:23.953,42591.696,709.8616,1.87,low,10.3474,5000.0,1.0,0,0,0,0,0,0,921,366,183,92,35,21,2,3,3,3,3,30
2000,663,663,2662,17887733122,17887933022,1789899462367,2026-09-20 18:17:42.367,2026-09-21 06:07:38.717,42596.35,709.939167,1.47,low,10.3476,5000.0,1.0,0,0,0,0,0,0,921,366,183,92,35,21,3,4,4,4,4,31
2000,664,664,2663,17887733222,17887933122,1789899475647,2026-09-20 18:17:55.647,2026-09-21 06:07:58.426,42602.779,710.046317,2.25,mid,10.3481,5000.0,1.0,1,0,0,0,0,0,922,366,183,92,35,21,0,5,5,5,5,32
2000,665,665,2664,17887733322,17887933222,1789899492687,2026-09-20 18:18:12.687,2026-09-21 06:08:16.137,42603.45,710.0575,1.89,low,10.3481,5000.0,1.0,0,0,0,0,0,0,922,366,183,92,35,21,1,6,6,6,6,33
2000,666,666,2665,17887733422,17887933322,1789899523537,2026-09-20 18:18:43.537,2026-09-21 06:08:44.114,42600.577,710.009617,4.45,mid,10.3475,5000.0,1.0,1,0,0,0,0,0,922,365,183,92,35,21,0,7,7,7,7,34
2000,667,667,2666,17887733522,17887933422,1789899554350,2026-09-20 18:19:14.350,2026-09-21 06:09:10.820,42596.47,709.941167,4.13,mid,10.3468,5000.0,1.0,1,0,0,0,0,0,922,364,183,92,35,21,0,8,8,8,8,35
2000,668,668,2667,17887733622,17887933522,1789899567900,2026-09-20 18:19:27.900,2026-09-21 06:09:48.631,42620.731,710.345517,9.68,mid,10.351,5000.0,1.0,1,1,0,0,0,0,923,365,183,92,35,21,0,0,9,9,9,36
2000,669,669,2668,17887733722,17887933622,1789899590400,2026-09-20 18:19:50.400,2026-09-21 06:10:00.697,42610.297,710.171617,1.22,low,10.3502,5000.0,1.0,0,0,0,0,0,0,922,365,183,92,35,21,1,1,10,10,10,37
2000,670,670,2669,17887733822,17887933722,1789899617120,2026-09-20 18:20:17.120,2026-09-21 06:10:32.764,42615.644,710.260733,5.95,mid,10.3511,5000.0,1.0,1,1,0,0,0,0,922,366,183,92,35,21,0,0,11,11,11,38
2000,671,671,2670,17887733922,17887933822,1789899643677,2026-09-20 18:20:43.677,2026-09-21 06:10:42.845,42599.168,709.986133,1.07,low,10.3497,5000.0,1.0,0,0,0,0,0,0,921,366,183,92,35,21,1,1,12,12,12,39
2000,672,672,2671,17887734022,17887933922,1789899664223,2026-09-20 18:21:04.223,2026-09-21 06:10:58.842,42594.619,709.910317,1.59,low,10.3493,5000.0,1.0,0,0,0,0,0,0,920,366,183,92,35,21,2,2,13,13,13,40
2000,673,673,2672,17887734122,17887934022,1789899688103,2026-09-20 18:21:28.103,2026-09-21 06:11:12.665,42584.562,709.7427,1.41,low,10.3484,5000.0,1.0,0,0,0,0,0,0,919,366,183,92,35,21,3,3,14,14,14,41
2000,674,674,2673,17887734222,17887934122,1789899706317,2026-09-20 18:21:46.317,2026-09-21 06:11:41.275,42594.958,709.915967,4.6,mid,10.3497,5000.0,1.0,1,0,0,0,0,0,920,366,183,92,35,21,0,4,15,15,15,42
2000,675,675,2674,17887734322,17887934222,1789899718123,2026-09-20 18:21:58.123,2026-09-21 06:11:56.862,42598.739,709.978983,1.57,low,10.3499,5000.0,1.0,0,0,0,0,0,0,920,366,183,92,35,21,1,5,16,16,16,43
2000,676,676,2675,17887734422,17887934322,1789899739750,2026-09-20 18:22:19.750,2026-09-21 06:12:08.793,42589.043,709.817383,1.2,low,10.3492,5000.0,1.0,0,0,0,0,0,0,919,366,183,92,35,21,2,6,17,17,17,44
2000,677,677,2676,17887734522,17887934422,1789899784770,2026-09-20 18:23:04.770,2026-09-21 06:12:30.784,42566.014,709.433567,2.66,mid,10.3414,5000.0,1.0,1,0,0,0,0,0,919,365,182,92,35,21,0,7,18,18,18,45
2000,678,678,2677,17887734622,17887934522,1789899798823,2026-09-20 18:23:18.823,2026-09-21 06:13:11.858,42593.035,709.883917,13.41,mid,10.3474,5000.0,1.0,1,1,1,0,0,0,920,366,183,92,35,21,0,0,0,19,19,46
2000,679,679,2678,17887734722,17887934622,1789899836360,2026-09-20 18:23:56.360,2026-09-21 06:13:32.547,42576.187,709.603117,2.37,mid,10.3437,5000.0,1.0,1,0,0,0,0,0,920,365,183,92,35,21,0,1,1,20,20,47
2000,680,680,2679,17887734822,17887934722,1789899851813,2026-09-20 18:24:11.813,2026-09-21 06:13:54.975,42583.162,709.719367,2.87,mid,10.3444,5000.0,1.0,1,0,0,0,0,0,921,365,183,92,35,21,0,2,2,21,21,48
2000,681,681,2680,17887734922,17887934822,1789899881100,2026-09-20 18:24:41.100,2026-09-21 06:14:16.937,42575.837,709.597283,2.65,mid,10.3432,5000.0,1.0,1,0,0,0,0,0,921,365,183,92,35,21,0,3,3,22,22,49
2000,682,682,2681,17887735022,17887934922,1789899891197,2026-09-20 18:24:51.197,2026-09-21 06:14:41.076,42589.879,709.831317,3.23,mid,10.3444,5000.0,1.0,1,0,0,0,0,0,922,365,183,92,35,21,0,4,4,23,23,50
2000,683,683,2682,17887735122,17887935022,1789899906863,2026-09-20 18:25:06.863,2026-09-21 06:15:18.076,42611.213,710.186883,9.34,mid,10.3482,5000.0,1.0,1,1,0,0,0,0,923,366,183,92,35,21,0,0,5,24,24,51
2000,684,684,2683,17887735222,17887935122,1789899919190,2026-09-20 18:25:19.190,2026-09-21 06:15:33.397,42614.207,710.236783,1.61,low,10.3484,5000.0,1.0,0,0,0,0,0,0,923,366,183,92,35,21,1,1,6,25,25,52
2000,685,685,2684,17887735322,17887935222,1789899935023,2026-09-20 18:25:35.023,2026-09-21 06:16:13.286,42638.263,710.637717,11.38,mid,10.3533,5000.0,1.0,1,1,1,0,0,0,924,367,184,92,35,21,0,0,0,26,26,53
2000,686,686,2685,17887735422,17887935322,1789899954993,2026-09-20 18:25:54.993,2026-09-21 06:16:31.879,42636.886,710.614767,2.13,mid,10.3532,5000.0,1.0,1,0,0,0,0,0,924,367,184,92,35,21,0,1,1,27,27,54
2000,687,687,2686,17887735522,17887935422,1789899977710,2026-09-20 18:26:17.710,2026-09-21 06:16:54.075,42636.365,710.606083,2.75,mid,10.3532,5000.0,1.0,1,0,0,0,0,0,924,367,184,92,35,21,0,2,2,28,28,55
2000,688,688,2687,17887735622,17887935522,1789899993053,2026-09-20 18:26:33.053,2026-09-21 06:17:20.399,42647.346,710.7891,3.83,mid,10.3543,5000.0,1.0,1,0,0,0,0,0,925,367,184,92,35,21,0,3,3,29,29,56
2000,689,689,2688,17887735722,17887935622,1789900010823,2026-09-20 18:26:50.823,2026-09-21 06:17:49.701,42658.878,710.9813,4.93,mid,10.3558,5000.0,1.0,1,0,0,0,0,0,926,367,184,92,35,21,0,4,4,30,30,57
2000,690,690,2689,17887735822,17887935722,1789900054530,2026-09-20 18:27:34.530,2026-09-21 06:18:13.621,42639.091,710.651517,3.23,mid,10.3493,5000.0,1.0,1,0,0,0,0,0,926,366,183,92,35,21,0,5,5,31,31,58
2000,691,691,2690,17887735922,17887935822,1789900064643,2026-09-20 18:27:44.643,2026-09-21 06:18:25.630,42640.987,710.683117,1.14,low,10.3493,5000.0,1.0,0,0,0,0,0,0,926,366,183,92,35,21,1,6,6,32,32,59
2000,692,692,2691,17887736022,17887935922,1789900077757,2026-09-20 18:27:57.757,2026-09-21 06:18:39.432,42641.675,710.694583,1.36,low,10.3494,5000.0,1.0,0,0,0,0,0,0,926,366,183,92,35,21,2,7,7,33,33,60
2000,693,693,2692,17887736122,17887936022,1789900093380,2026-09-20 18:28:13.380,2026-09-21 06:19:41.618,42688.238,711.470633,75.52,high,10.3863,5000.0,1.0,1,1,1,1,1,0,927,367,184,93,36,21,0,0,0,0,0,61
2000,694,694,2693,17887736222,17887936122,1789900112263,2026-09-20 18:28:32.263,2026-09-21 06:19:52.998,42680.735,711.345583,1.15,low,10.3859,5000.0,1.0,0,0,0,0,0,0,926,367,184,93,36,21,1,1,1,1,1,62
2000,695,695,2694,17887736322,17887936222,1789900138960,2026-09-20 18:28:58.960,2026-09-21 06:20:17.599,42678.639,711.31065,3.28,mid,10.3855,5000.0,1.0,1,0,0,0,0,0,926,367,184,93,36,21,0,2,2,2,2,63
2000,696,696,2695,17887736422,17887936322,1789900151840,2026-09-20 18:29:11.840,2026-09-21 06:20:27.555,42675.715,711.261917,1.0,low,10.3854,5000.0,1.0,0,0,0,0,0,0,926,367,184,93,36,21,1,3,3,3,3,64
2000,697,697,2696,17887736522,17887936422,1789900182788,2026-09-20 18:29:42.788,2026-09-21 06:20:50.739,42667.951,711.132517,3.05,mid,10.3841,5000.0,1.0,1,0,0,0,0,0,926,366,184,93,36,21,0,4,4,4,4,65
2000,698,698,2697,17887736622,17887936522,1789900197990,2026-09-20 18:29:57.990,2026-09-21 06:21:01.053,42663.063,711.05105,1.0,low,10.3838,5000.0,1.0,0,0,0,0,0,0,926,366,184,93,36,21,1,5,5,5,5,66
2000,699,699,2698,17887736722,17887936622,1789900214454,2026-09-20 18:30:14.454,2026-09-21 06:21:19.041,42664.587,711.07645,1.97,low,10.3839,5000.0,1.0,0,0,0,0,0,0,926,366,184,93,36,21,2,6,6,6,6,67
2000,700,700,2699,17887736822,17887936722,1789900231866,2026-09-20 18:30:31.866,2026-09-21 06:21:34.750,42662.884,711.048067,1.61,low,10.3838,5000.0,1.0,0,0,0,0,0,0,926,366,184,93,36,21,3,7,7,7,7,68
2000,701,701,2700,17887736922,17887936822,1789900247377,2026-09-20 18:30:47.377,2026-09-21 06:21:50.470,42663.093,711.05155,1.64,low,10.3838,5000.0,1.0,0,0,0,0,0,0,926,366,184,93,36,21,4,8,8,8,8,69
2000,702,702,2701,17887737022,17887936922,1789900259773,2026-09-20 18:30:59.773,2026-09-21 06:22:01.831,42662.058,711.0343,1.06,low,10.3838,5000.0,1.0,0,0,0,0,0,0,926,366,184,93,36,21,5,9,9,9,9,70
2000,703,703,2702,17887737122,17887937022,1789900278184,2026-09-20 18:31:18.184,2026-09-21 06:22:14.632,42656.448,710.9408,1.33,low,10.3834,5000.0,1.0,0,0,0,0,0,0,925,366,184,93,36,21,6,10,10,10,10,71
2000,704,704,2703,17887737222,17887937122,1789900309951,2026-09-20 18:31:49.951,2026-09-21 06:22:52.001,42662.05,711.034167,9.04,mid,10.3849,5000.0,1.0,1,1,0,0,0,0,925,366,184,93,36,21,0,0,11,11,11,72
2000,705,705,2704,17887737322,17887937222,1789900320070,2026-09-20 18:32:00.070,2026-09-21 06:23:34.903,42694.833,711.58055,15.97,mid,10.3924,5000.0,1.0,1,1,1,0,0,0,926,367,185,93,36,21,0,0,0,12,12,73
2000,706,706,2705,17887737422,17887937322,1789900333163,2026-09-20 18:32:13.163,2026-09-21 06:23:48.294,42695.131,711.585517,1.36,low,10.3924,5000.0,1.0,0,0,0,0,0,0,926,367,185,93,36,21,1,1,1,13,13,74
2000,707,707,2706,17887737522,17887937422,1789900374423,2026-09-20 18:32:54.423,2026-09-21 06:24:02.077,42667.654,711.127567,1.29,low,10.3864,5000.0,1.0,0,0,0,0,0,0,925,366,184,93,36,21,2,2,2,14,14,75
2000,708,708,2707,17887737622,17887937522,1789900385713,2026-09-20 18:33:05.713,2026-09-21 06:24:32.998,42687.285,711.45475,5.86,mid,10.3887,5000.0,1.0,1,1,0,0,0,0,926,367,184,93,36,21,0,0,3,15,15,76
2000,709,709,2708,17887737722,17887937622,1789900407127,2026-09-20 18:33:27.127,2026-09-21 06:24:55.393,42688.266,711.4711,2.8,mid,10.3889,5000.0,1.0,1,0,0,0,0,0,926,367,184,93,36,21,0,1,4,16,16,77
2000,710,710,2709,17887737822,17887937722,1789900440210,2026-09-20 18:34:00.210,2026-09-21 06:25:06.792,42666.582,711.1097,1.13,low,10.386,5000.0,1.0,0,0,0,0,0,0,925,366,184,93,36,21,1,2,5,17,17,78
2000,711,711,2710,17887737922,17887937822,1789900471180,2026-09-20 18:34:31.180,2026-09-21 06:25:20.183,42649.003,710.816717,1.31,low,10.3839,5000.0,1.0,0,0,0,0,0,0,924,365,184,93,36,21,2,3,6,18,18,79
2000,712,712,2711,17887738022,17887937922,1789900486183,2026-09-20 18:34:46.183,2026-09-21 06:25:30.452,42644.269,710.737817,1.05,low,10.3836,5000.0,1.0,0,0,0,0,0,0,924,365,184,93,36,21,3,4,7,19,19,80
2000,713,713,2712,17887738122,17887938022,1789900520610,2026-09-20 18:35:20.610,2026-09-21 06:25:49.812,42629.202,710.4867,2.12,mid,10.3809,5000.0,1.0,1,0,0,0,0,0,924,364,184,93,36,21,0,5,8,20,20,81
2000,714,714,2713,17887738222,17887938122,1789900552990,2026-09-20 18:35:52.990,2026-09-21 06:26:05.828,42612.838,710.213967,1.64,low,10.3785,5000.0,1.0,0,0,0,0,0,0,923,363,184,93,36,21,1,6,9,21,21,82
2000,715,715,2714,17887738322,17887938222,1789900563597,2026-09-20 18:36:03.597,2026-09-21 06:26:24.739,42621.142,710.352367,2.14,mid,10.379,5000.0,1.0,1,0,0,0,0,0,924,363,184,93,36,21,0,7,10,22,22,83
2000,716,716,2715,17887738422,17887938322,1789900587667,2026-09-20 18:36:27.667,2026-09-21 06:26:38.555,42610.888,710.181467,1.39,low,10.3781,5000.0,1.0,0,0,0,0,0,0,923,363,184,93,36,21,1,8,11,23,23,84
2000,717,717,2716,17887738522,17887938422,1789900598377,2026-09-20 18:36:38.377,2026-09-21 06:27:02.100,42623.723,710.395383,3.04,mid,10.3791,5000.0,1.0,1,0,0,0,0,0,924,363,184,93,36,21,0,9,12,24,24,85
2000,718,718,2717,17887738622,17887938522,1789900608717,2026-09-20 18:36:48.717,2026-09-21 06:27:12.362,42623.645,710.394083,1.0,low,10.3791,5000.0,1.0,0,0,0,0,0,0,924,363,184,93,36,21,1,10,13,25,25,86
2000,719,719,2718,17887738722,17887938622,1789900618813,2026-09-20 18:36:58.813,2026-09-21 06:27:25.417,42626.604,710.4434,1.33,low,10.3793,5000.0,1.0,0,0,0,0,0,0,924,363,184,93,36,21,2,11,14,26,26,87
2000,720,720,2719,17887738822,17887938722,1789900634263,2026-09-20 18:37:14.263,2026-09-21 06:27:48.682,42634.419,710.57365,2.95,mid,10.38,5000.0,1.0,1,0,0,0,0,0,925,363,184,93,36,21,0,12,15,27,27,88
2000,721,721,2720,17887738922,17887938822,1789900656783,2026-09-20 18:37:36.783,2026-09-21 06:28:16.452,42639.669,710.66115,4.33,mid,10.3807,5000.0,1.0,1,0,0,0,0,0,925,363,184,93,36,21,0,13,16,28,28,89
2000,722,722,2721,17887739022,17887938922,1789900671367,2026-09-20 18:37:51.367,2026-09-21 06:28:27.159,42635.792,710.596533,1.09,low,10.3805,5000.0,1.0,0,0,0,0,0,0,925,363,184,93,36,21,1,14,17,29,29,90
2000,723,723,2722,17887739122,17887939022,1789900688450,2026-09-20 18:38:08.450,2026-09-21 06:28:55.082,42646.632,710.7772,4.36,mid,10.3818,5000.0,1.0,1,0,0,0,0,0,926,363,184,93,36,21,0,15,18,30,30,91
2000,724,724,2723,17887739222,17887939122,1789900700597,2026-09-20 18:38:20.597,2026-09-21 06:29:08.988,42648.391,710.806517,1.38,low,10.3819,5000.0,1.0,0,0,0,0,0,0,926,363,184,93,36,21,1,16,19,31,31,92
2000,725,725,2724,17887739322,17887939222,1789900720760,2026-09-20 18:38:40.760,2026-09-21 06:29:20.335,42639.575,710.659583,1.1,low,10.3813,5000.0,1.0,0,0,0,0,0,0,925,363,184,93,36,21,2,17,20,32,32,93
2000,726,726,2725,17887739422,17887939322,1789900739713,2026-09-20 18:38:59.713,2026-09-21 06:29:45.565,42645.852,710.7642,3.59,mid,10.3821,5000.0,1.0,1,0,0,0,0,0,925,363,184,93,36,21,0,18,21,33,33,94
2000,727,727,2726,17887739522,17887939422,1789900762040,2026-09-20 18:39:22.040,2026-09-21 06:30:06.602,42644.562,710.7427,2.52,mid,10.3819,5000.0,1.0,1,0,0,0,0,0,925,363,184,93,36,21,0,19,22,34,34,95
2000,728,728,2727,17887739622,17887939522,1789900772120,2026-09-20 18:39:32.120,2026-09-21 06:30:21.173,42649.053,710.81755,1.47,low,10.3822,5000.0,1.0,0,0,0,0,0,0,925,363,184,93,36,21,1,20,23,35,35,96
2000,729,729,2728,17887739722,17887939622,1789900795590,2026-09-20 18:39:55.590,2026-09-21 06:31:01.020,42665.43,711.0905,11.73,mid,10.3865,5000.0,1.0,1,1,1,0,0,0,925,364,185,93,36,21,0,0,0,36,36,97
2000,730,730,2729,17887739822,17887939722,1789900824773,2026-09-20 18:40:24.773,2026-09-21 06:31:23.209,42658.436,710.973933,2.76,mid,10.3854,5000.0,1.0,1,0,0,0,0,0,925,364,185,93,36,21,0,1,1,37,37,98
2000,731,731,2730,17887739922,17887939822,1789900877681,2026-09-20 18:41:17.681,2026-09-21 06:31:36.951,42619.27,710.321167,1.37,low,10.3685,5000.0,1.0,0,0,0,0,0,0,924,363,184,92,36,21,1,2,2,38,38,99
2000,732,732,2731,17887740022,17887939922,1789900888620,2026-09-20 18:41:28.620,2026-09-21 06:31:48.603,42619.983,710.33305,1.12,low,10.3685,5000.0,1.0,0,0,0,0,0,0,924,363,184,92,36,21,2,3,3,39,39,100
2000,733,733,2732,17887740122,17887940022,1789900915243,2026-09-20 18:41:55.243,2026-09-21 06:31:58.272,42603.029,710.050483,1.0,low,10.367,5000.0,1.0,0,0,0,0,0,0,923,363,184,92,36,21,3,4,4,40,40,101
2000,734,734,2733,17887740222,17887940122,1789900945207,2026-09-20 18:42:25.207,2026-09-21 06:32:52.787,42627.58,710.459667,38.94,high,10.3839,5000.0,1.0,1,1,1,1,0,0,923,363,185,93,36,21,0,0,0,0,41,102
2000,735,735,2734,17887740322,17887940222,1789900962913,2026-09-20 18:42:42.913,2026-09-21 06:33:10.820,42627.907,710.465117,1.93,low,10.3839,5000.0,1.0,0,0,0,0,0,0,923,363,185,93,36,21,1,1,1,1,42,103
2000,736,736,2735,17887740422,17887940322,1789900975317,2026-09-20 18:42:55.317,2026-09-21 06:33:20.533,42625.216,710.420267,1.0,low,10.3838,5000.0,1.0,0,0,0,0,0,0,923,363,185,93,36,21,2,2,2,2,43,104
2000,737,737,2736,17887740522,17887940422,1789901005760,2026-09-20 18:43:25.760,2026-09-21 06:33:55.114,42629.354,710.489233,7.64,mid,10.3849,5000.0,1.0,1,1,0,0,0,0,923,363,185,93,36,21,0,0,3,3,44,105
2000,738,738,2737,17887740622,17887940522,1789901024117,2026-09-20 18:43:44.117,2026-09-21 06:34:09.044,42624.927,710.41545,1.42,low,10.3846,5000.0,1.0,0,0,0,0,0,0,922,363,185,93,36,21,1,1,4,4,45,106
2000,739,739,2738,17887740722,17887940622,1789901035370,2026-09-20 18:43:55.370,2026-09-21 06:34:25.843,42630.473,710.507883,1.75,low,10.3849,5000.0,1.0,0,0,0,0,0,0,922,363,185,93,36,21,2,2,5,5,46,107
2000,740,740,2739,17887740822,17887940722,1789901054770,2026-09-20 18:44:14.770,2026-09-21 06:34:48.520,42633.75,710.5625,2.77,mid,10.3852,5000.0,1.0,1,0,0,0,0,0,922,363,185,93,36,21,0,3,6,6,47,108
2000,741,741,2740,17887740922,17887940822,1789901065140,2026-09-20 18:44:25.140,2026-09-21 06:35:01.025,42635.885,710.598083,1.26,low,10.3853,5000.0,1.0,0,0,0,0,0,0,922,363,185,93,36,21,1,4,7,7,48,109
2000,742,742,2741,17887741022,17887940922,1789901077133,2026-09-20 18:44:37.133,2026-09-21 06:35:15.643,42638.51,710.641833,1.46,low,10.3855,5000.0,1.0,0,0,0,0,0,0,922,363,185,93,36,21,2,5,8,8,49,110
2000,743,743,2742,17887741122,17887941022,1789901089630,2026-09-20 18:44:49.630,2026-09-21 06:35:46.265,42656.635,710.943917,5.5,mid,10.3876,5000.0,1.0,1,1,0,0,0,0,923,364,185,93,36,21,0,0,9,9,50,111
2000,744,744,2743,17887741222,17887941122,1789901107773,2026-09-20 18:45:07.773,2026-09-21 06:35:58.652,42650.879,710.847983,1.21,low,10.3872,5000.0,1.0,0,0,0,0,0,0,923,364,185,93,36,21,1,1,10,10,51,112
2000,745,745,2744,17887741322,17887941222,1789901119810,2026-09-20 18:45:19.810,2026-09-21 06:36:52.160,42692.35,711.539167,36.34,high,10.4048,5000.0,1.0,1,1,1,1,0,0,924,365,186,94,36,21,0,0,0,0,52,113
2000,746,746,2745,17887741422,17887941322,1789901129890,2026-09-20 18:45:29.890,2026-09-21 06:37:03.892,42694.002,711.5667,1.21,low,10.4049,5000.0,1.0,0,0,0,0,0,0,924,365,186,94,36,21,1,1,1,1,53,114
2000,747,747,2746,17887741522,17887941422,1789901150793,2026-09-20 18:45:50.793,2026-09-21 06:37:21.346,42690.553,711.509217,1.84,low,10.4046,5000.0,1.0,0,0,0,0,0,0,923,365,186,94,36,21,2,2,2,2,54,115
2000,748,748,2747,17887741622,17887941522,1789901190967,2026-09-20 18:46:30.967,2026-09-21 06:37:41.610,42670.643,711.177383,2.32,mid,10.3997,5000.0,1.0,1,0,0,0,0,0,923,364,185,94,36,21,0,3,3,3,55,116
2000,749,749,2748,17887741722,17887941622,1789901205943,2026-09-20 18:46:45.943,2026-09-21 06:38:07.303,42681.36,711.356,3.57,mid,10.4007,5000.0,1.0,1,0,0,0,0,0,924,364,185,94,36,21,0,4,4,4,56,117
2000,750,750,2749,17887741822,17887941722,1789901239693,2026-09-20 18:47:19.693,2026-09-21 06:38:17.119,42657.426,710.9571,1.0,low,10.3976,5000.0,1.0,0,0,0,0,0,0,923,363,185,94,36,21,1,5,5,5,57,118
2000,751,751,2750,17887741922,17887941822,1789901251273,2026-09-20 18:47:31.273,2026-09-21 06:38:46.071,42674.798,711.246633,4.93,mid,10.3995,5000.0,1.0,1,0,0,0,0,0,924,363,185,94,36,21,0,6,6,6,58,119
2000,752,752,2751,17887742022,17887941922,1789901265863,2026-09-20 18:47:45.863,2026-09-21 06:38:57.223,42671.36,711.189333,1.07,low,10.3993,5000.0,1.0,0,0,0,0,0,0,924,363,185,94,36,21,1,7,7,7,59,120
2000,753,753,2752,17887742122,17887942022,1789901277550,2026-09-20 18:47:57.550,2026-09-21 06:39:23.143,42685.593,711.42655,3.66,mid,10.4006,5000.0,1.0,1,0,0,0,0,0,925,363,185,94,36,21,0,8,8,8,60,121
2000,754,754,2753,17887742222,17887942122,1789901313477,2026-09-20 18:48:33.477,2026-09-21 06:39:44.365,42670.888,711.181467,2.64,mid,10.3976,5000.0,1.0,1,0,0,0,0,0,925,362,185,94,36,21,0,9,9,9,61,122
2000,755,755,2754,17887742322,17887942222,1789901336143,2026-09-20 18:48:56.143,2026-09-21 06:40:39.160,42703.017,711.71695,40.56,high,10.4165,5000.0,1.0,1,1,1,1,0,0,925,363,186,95,36,21,0,0,0,0,62,123
2000,756,756,2755,17887742422,17887942322,1789901347557,2026-09-20 18:49:07.557,2026-09-21 06:40:54.364,42706.807,711.780117,1.58,low,10.4167,5000.0,1.0,0,0,0,0,0,0,925,363,186,95,36,21,1,1,1,1,63,124
2000,757,757,2756,17887742522,17887942422,1789901364677,2026-09-20 18:49:24.677,2026-09-21 06:41:39.483,42734.806,712.246767,18.31,mid,10.4249,5000.0,1.0,1,1,1,0,0,0,926,364,187,95,36,21,0,0,0,2,64,125
2000,758,758,2757,17887742622,17887942522,1789901374787,2026-09-20 18:49:34.787,2026-09-21 06:41:53.784,42738.997,712.316617,1.43,low,10.4252,5000.0,1.0,0,0,0,0,0,0,926,364,187,95,36,21,1,1,1,3,65,126
2000,759,759,2758,17887742722,17887942622,1789901397370,2026-09-20 18:49:57.370,2026-09-21 06:42:19.773,42742.403,712.373383,3.69,mid,10.4256,5000.0,1.0,1,0,0,0,0,0,926,364,187,95,36,21,0,2,2,4,66,127
2000,760,760,2759,17887742822,17887942722,1789901418181,2026-09-20 18:50:18.181,2026-09-21 06:42:42.335,42744.154,712.402567,2.79,mid,10.4258,5000.0,1.0,1,0,0,0,0,0,926,364,187,95,36,21,0,3,3,5,67,128
2000,761,761,2760,17887742922,17887942822,1789901429010,2026-09-20 18:50:29.010,2026-09-21 06:43:12.068,42763.058,712.717633,5.07,mid,10.4278,5000.0,1.0,1,1,0,0,0,0,927,365,187,95,36,21,0,0,4,6,68,129
2000,762,762,2761,17887743022,17887942922,1789901459030,2026-09-20 18:50:59.030,2026-09-21 06:43:30.266,42751.236,712.5206,2.06,mid,10.4262,5000.0,1.0,1,0,0,0,0,0,927,364,187,95,36,21,0,1,5,7,69,130
2000,763,763,2762,17887743122,17887943022,1789901471533,2026-09-20 18:51:11.533,2026-09-21 06:43:40.855,42749.322,712.4887,1.06,low,10.4261,5000.0,1.0,0,0,0,0,0,0,927,364,187,95,36,21,1,2,6,8,70,131
2000,764,764,2763,17887743222,17887943122,1789901482033,2026-09-20 18:51:22.033,2026-09-21 06:44:08.054,42766.021,712.767017,4.04,mid,10.4276,5000.0,1.0,1,0,0,0,0,0,928,364,187,95,36,21,0,3,7,9,71,132
2000,765,765,2764,17887743322,17887943222,1789901508523,2026-09-20 18:51:48.523,2026-09-21 06:44:22.782,42754.259,712.570983,1.47,low,10.4263,5000.0,1.0,0,0,0,0,0,0,927,364,187,95,36,21,1,4,8,10,72,133
2000,766,766,2765,17887743422,17887943322,1789901523725,2026-09-20 18:52:03.725,2026-09-21 06:44:42.620,42758.895,712.64825,2.29,mid,10.4267,5000.0,1.0,1,0,0,0,0,0,928,364,187,95,36,21,0,5,9,11,73,134
2000,767,767,2766,17887743522,17887943422,1789901545957,2026-09-20 18:52:25.957,2026-09-21 06:45:02.074,42756.117,712.60195,2.16,mid,10.4264,5000.0,1.0,1,0,0,0,0,0,928,364,187,95,36,21,0,6,10,12,74,135
2000,768,768,2767,17887743622,17887943522,1789901561468,2026-09-20 18:52:41.468,2026-09-21 06:45:14.625,42753.157,712.552617,1.27,low,10.4263,5000.0,1.0,0,0,0,0,0,0,928,364,187,95,36,21,1,7,11,13,75,136
2000,769,769,2768,17887743722,17887943622,1789901572283,2026-09-20 18:52:52.283,2026-09-21 06:45:37.026,42764.743,712.745717,2.8,mid,10.4271,5000.0,1.0,1,0,0,0,0,0,929,364,187,95,36,21,0,8,12,14,76,137
2000,770,770,2769,17887743822,17887943722,1789901587407,2026-09-20 18:53:07.407,2026-09-21 06:45:56.766,42769.359,712.82265,2.23,mid,10.4275,5000.0,1.0,1,0,0,0,0,0,930,364,187,95,36,21,0,9,13,15,77,138
2000,771,771,2770,17887743922,17887943822,1789901609551,2026-09-20 18:53:29.551,2026-09-21 06:46:08.182,42758.631,712.64385,1.16,low,10.4267,5000.0,1.0,0,0,0,0,0,0,929,364,187,95,36,21,1,10,14,16,78,139
2000,772,772,2771,17887744022,17887943922,1789901628022,2026-09-20 18:53:48.022,2026-09-21 06:46:36.211,42768.189,712.80315,4.16,mid,10.4278,5000.0,1.0,1,0,0,0,0,0,929,364,187,95,36,21,0,11,15,17,79,140
2000,773,773,2772,17887744122,17887944022,1789901643908,2026-09-20 18:54:03.908,2026-09-21 06:46:46.918,42763.01,712.716833,1.13,low,10.4275,5000.0,1.0,0,0,0,0,0,0,929,364,187,95,36,21,1,12,16,18,80,141
2000,774,774,2773,17887744222,17887944122,1789901666860,2026-09-20 18:54:26.860,2026-09-21 06:47:10.003,42763.143,712.71905,2.86,mid,10.4275,5000.0,1.0,1,0,0,0,0,0,929,364,187,95,36,21,0,13,17,19,81,142
2000,775,775,2774,17887744322,17887944222,1789901696105,2026-09-20 18:54:56.105,2026-09-21 06:47:33.499,42757.394,712.623233,3.09,mid,10.4265,5000.0,1.0,1,0,0,0,0,0,929,364,187,95,36,21,0,14,18,20,82,143
2000,776,776,2775,17887744422,17887944322,1789901716552,2026-09-20 18:55:16.552,2026-09-21 06:48:18.590,42782.038,713.033967,17.7,mid,10.4342,5000.0,1.0,1,1,1,0,0,0,929,365,188,95,36,21,0,0,0,21,83,144
2000,777,777,2776,17887744522,17887944422,1789901764797,2026-09-20 18:56:04.797,2026-09-21 06:48:28.532,42743.735,712.395583,1.0,low,10.4228,5000.0,1.0,0,0,0,0,0,0,928,364,187,94,36,21,1,1,1,22,84,145
2000,778,778,2777,17887744622,17887944522,1789901782966,2026-09-20 18:56:22.966,2026-09-21 06:48:46.510,42743.544,712.3924,2.01,mid,10.4228,5000.0,1.0,1,0,0,0,0,0,929,364,187,94,36,21,0,2,2,23,85,146
2000,779,779,2778,17887744722,17887944622,1789901812968,2026-09-20 18:56:52.968,2026-09-21 06:48:57.079,42724.111,712.068517,1.0,low,10.4206,5000.0,1.0,0,0,0,0,0,0,928,363,187,94,36,21,1,3,3,24,86,147
2000,780,780,2779,17887744822,17887944722,1789901839062,2026-09-20 18:57:19.062,2026-09-21 06:49:18.416,42719.354,711.989233,2.6,mid,10.4201,5000.0,1.0,1,0,0,0,0,0,928,363,187,94,36,21,0,4,4,25,87,148
2000,781,781,2780,17887744922,17887944822,1789901854590,2026-09-20 18:57:34.590,2026-09-21 06:49:45.464,42730.874,712.181233,4.19,mid,10.4214,5000.0,1.0,1,0,0,0,0,0,929,363,187,94,36,21,0,5,5,26,88,149
2000,782,782,2781,17887745022,17887944922,1789901872443,2026-09-20 18:57:52.443,2026-09-21 06:50:13.508,42741.065,712.351083,4.53,mid,10.4227,5000.0,1.0,1,0,0,0,0,0,930,363,187,94,36,21,0,6,6,27,89,150
2000,783,783,2782,17887745122,17887945022,1789901888833,2026-09-20 18:58:08.833,2026-09-21 06:50:49.547,42760.714,712.678567,8.29,mid,10.426,5000.0,1.0,1,1,0,0,0,0,931,364,187,94,36,21,0,0,7,28,90,151
2000,784,784,2783,17887745222,17887945122,1789901908690,2026-09-20 18:58:28.690,2026-09-21 06:51:01.221,42752.531,712.542183,1.22,low,10.4255,5000.0,1.0,0,0,0,0,0,0,930,364,187,94,36,21,1,1,8,29,91,152
2000,785,785,2784,17887745322,17887945222,1789901944446,2026-09-20 18:59:04.446,2026-09-21 06:51:18.680,42734.234,712.237233,1.78,low,10.4221,5000.0,1.0,0,0,0,0,0,0,929,363,187,94,36,21,2,2,9,30,92,153
2000,786,786,2785,17887745422,17887945322,1789902021815,2026-09-20 19:00:21.815,2026-09-21 06:52:03.717,42701.902,711.698367,19.03,mid,10.2975,5000.0,1.0,1,1,1,0,0,0,929,363,187,93,35,20,0,0,0,31,93,154
2000,787,787,2786,17887745522,17887945422,1789902031935,2026-09-20 19:00:31.935,2026-09-21 06:52:22.848,42710.913,711.84855,2.06,mid,10.2981,5000.0,1.0,1,0,0,0,0,0,930,363,187,93,35,20,0,1,1,32,94,155
2000,788,788,2787,17887745622,17887945522,1789902045163,2026-09-20 19:00:45.163,2026-09-21 06:52:37.820,42712.657,711.877617,1.54,low,10.2982,5000.0,1.0,0,0,0,0,0,0,930,363,187,93,35,20,1,2,2,33,95,156
2000,789,789,2788,17887745722,17887945622,1789902055703,2026-09-20 19:00:55.703,2026-09-21 06:52:52.083,42716.38,711.939667,1.42,low,10.2984,5000.0,1.0,0,0,0,0,0,0,930,363,187,93,35,20,2,3,3,34,96,157
2000,790,790,2789,17887745822,17887945722,1789902080250,2026-09-20 19:01:20.250,2026-09-21 06:53:03.765,42703.515,711.72525,1.18,low,10.2973,5000.0,1.0,0,0,0,0,0,0,929,363,187,93,35,20,3,4,4,35,97,158
2000,791,791,2790,17887745922,17887945822,1789902098659,2026-09-20 19:01:38.659,2026-09-21 06:53:31.461,42712.802,711.880033,4.28,mid,10.2984,5000.0,1.0,1,0,0,0,0,0,929,363,187,93,35,20,0,5,5,36,98,159
2000,792,792,2791,17887746022,17887945922,1789902116133,2026-09-20 19:01:56.133,2026-09-21 06:53:45.390,42709.257,711.82095,1.4,low,10.2982,5000.0,1.0,0,0,0,0,0,0,929,363,187,93,35,20,1,6,6,37,99,160
2000,793,793,2792,17887746122,17887946022,1789902156537,2026-09-20 19:02:36.537,2026-09-21 06:53:56.024,42679.487,711.324783,1.0,low,10.2925,5000.0,1.0,0,0,0,0,0,0,928,362,186,93,35,20,2,7,7,38,100,161
2000,794,794,2793,17887746222,17887946122,1789902168123,2026-09-20 19:02:48.123,2026-09-21 06:54:15.836,42687.713,711.461883,2.3,mid,10.2931,5000.0,1.0,1,0,0,0,0,0,929,362,186,93,35,20,0,8,8,39,101,162
2000,795,795,2794,17887746322,17887946222,1789902190600,2026-09-20 19:03:10.600,2026-09-21 06:54:26.969,42676.369,711.272817,1.13,low,10.2922,5000.0,1.0,0,0,0,0,0,0,928,362,186,93,35,20,1,9,9,40,102,163
2000,796,796,2795,17887746422,17887946322,1789902229827,2026-09-20 19:03:49.827,2026-09-21 06:54:41.590,42651.763,710.862717,1.44,low,10.2873,5000.0,1.0,0,0,0,0,0,0,927,361,185,93,35,20,2,10,10,41,103,164
2000,797,797,2796,17887746522,17887946422,1789902251163,2026-09-20 19:04:11.163,2026-09-21 06:54:58.775,42647.612,710.793533,1.81,low,10.2869,5000.0,1.0,0,0,0,0,0,0,926,361,185,93,35,20,3,11,11,42,104,165
2000,798,798,2797,17887746622,17887946522,1789902268367,2026-09-20 19:04:28.367,2026-09-21 06:55:09.329,42640.962,710.6827,1.02,low,10.2865,5000.0,1.0,0,0,0,0,0,0,926,361,185,93,35,20,4,12,12,43,105,166
2000,799,799,2798,17887746722,17887946622,1789902278440,2026-09-20 19:04:38.440,2026-09-21 06:55:19.209,42640.769,710.679483,1.0,low,10.2865,5000.0,1.0,0,0,0,0,0,0,926,361,185,93,35,20,5,13,13,44,106,167
2000,800,800,2799,17887746822,17887946722,1789902293814,2026-09-20 19:04:53.814,2026-09-21 06:55:40.604,42646.79,710.779833,2.57,mid,10.287,5000.0,1.0,1,0,0,0,0,0,927,361,185,93,35,20,0,14,14,45,107,168
2000,801,801,2800,17887746922,17887946822,1789902313760,2026-09-20 19:05:13.760,2026-09-21 06:55:59.049,42645.289,710.754817,2.02,mid,10.2869,5000.0,1.0,1,0,0,0,0,0,927,361,185,93,35,20,0,15,15,46,108,169
2000,802,802,2801,17887747022,17887946922,1789902331020,2026-09-20 19:05:31.020,2026-09-21 06:56:24.906,42653.886,710.8981,3.8,mid,10.2879,5000.0,1.0,1,0,0,0,0,0,928,361,185,93,35,20,0,16,16,47,109,170
2000,803,803,2802,17887747122,17887947022,1789902344292,2026-09-20 19:05:44.292,2026-09-21 06:56:41.114,42656.822,710.947033,1.6,low,10.288,5000.0,1.0,0,0,0,0,0,0,928,361,185,93,35,20,1,17,17,48,110,171
2000,804,804,2803,17887747222,17887947122,1789902360270,2026-09-20 19:06:00.270,2026-09-21 06:56:55.199,42654.929,710.915483,1.48,low,10.288,5000.0,1.0,0,0,0,0,0,0,928,361,185,93,35,20,2,18,18,49,111,172
2000,805,805,2804,17887747322,17887947222,1789902377700,2026-09-20 19:06:17.700,2026-09-21 06:57:16.977,42659.277,710.98795,2.62,mid,10.2883,5000.0,1.0,1,0,0,0,0,0,929,361,185,93,35,20,0,19,19,50,112,173
2000,806,806,2805,17887747422,17887947322,1789902400573,2026-09-20 19:06:40.573,2026-09-21 06:57:34.816,42654.243,710.90405,1.89,low,10.2878,5000.0,1.0,0,0,0,0,0,0,928,361,185,93,35,20,1,20,20,51,113,174
2000,807,807,2806,17887747522,17887947422,1789902418343,2026-09-20 19:06:58.343,2026-09-21 06:58:02.231,42663.888,711.0648,4.2,mid,10.289,5000.0,1.0,1,0,0,0,0,0,929,361,185,93,35,20,0,21,21,52,114,175
2000,808,808,2807,17887747622,17887947522,1789902437197,2026-09-20 19:07:17.197,2026-09-21 06:58:21.192,42663.995,711.066583,2.17,mid,10.289,5000.0,1.0,1,0,0,0,0,0,929,361,185,93,35,20,0,22,22,53,115,176
2000,809,809,2808,17887747722,17887947622,1789902460817,2026-09-20 19:07:40.817,2026-09-21 06:58:32.378,42651.561,710.85935,1.09,low,10.288,5000.0,1.0,0,0,0,0,0,0,928,361,185,93,35,20,1,23,23,54,116,177
2000,810,810,2809,17887747822,17887947722,1789902491400,2026-09-20 19:08:11.400,2026-09-21 06:58:47.922,42636.522,710.6087,1.6,low,10.2861,5000.0,1.0,0,0,0,0,0,0,927,360,185,93,35,20,2,24,24,55,117,178
2000,811,811,2810,17887747922,17887947822,1789902516410,2026-09-20 19:08:36.410,2026-09-21 06:58:58.761,42622.351,710.372517,1.05,low,10.2848,5000.0,1.0,0,0,0,0,0,0,926,360,185,93,35,20,3,25,25,56,118,179
2000,812,812,2811,17887748022,17887947922,1789902534240,2026-09-20 19:08:54.240,2026-09-21 06:59:13.681,42619.441,710.324017,1.53,low,10.2847,5000.0,1.0,0,0,0,0,0,0,926,360,185,93,35,20,4,26,26,57,119,180
2000,813,813,2812,17887748122,17887948022,1789902546963,2026-09-20 19:09:06.963,2026-09-21 07:00:03.253,42656.29,710.938167,26.39,high,10.2972,5000.0,1.0,1,1,1,1,0,0,927,361,186,94,35,20,0,0,0,0,120,181
2000,814,814,2813,17887748222,17887948122,1789902583643,2026-09-20 19:09:43.643,2026-09-21 07:00:14.391,42630.748,710.512467,1.11,low,10.2932,5000.0,1.0,0,0,0,0,0,0,926,360,186,94,35,20,1,1,1,1,121,182
2000,815,815,2814,17887748322,17887948222,1789902607390,2026-09-20 19:10:07.390,2026-09-21 07:00:24.665,42617.275,710.287917,1.0,low,10.2922,5000.0,1.0,0,0,0,0,0,0,925,360,186,94,35,20,2,2,2,2,122,183
2000,816,816,2815,17887748422,17887948322,1789902621958,2026-09-20 19:10:21.958,2026-09-21 07:01:19.311,42657.353,710.955883,39.51,high,10.3112,5000.0,1.0,1,1,1,1,0,0,926,361,187,95,35,20,0,0,0,0,123,184
2000,817,817,2816,17887748522,17887948422,1789902638500,2026-09-20 19:10:38.500,2026-09-21 07:01:43.186,42664.686,711.0781,3.18,mid,10.3119,5000.0,1.0,1,0,0,0,0,0,927,361,187,95,35,20,0,1,1,1,124,185
2000,818,818,2817,17887748622,17887948522,1789902656887,2026-09-20 19:10:56.887,2026-09-21 07:02:08.020,42671.133,711.18555,3.6,mid,10.3127,5000.0,1.0,1,0,0,0,0,0,927,361,187,95,35,20,0,2,2,2,125,186
2000,819,819,2818,17887748722,17887948622,1789902722923,2026-09-20 19:12:02.923,2026-09-21 07:02:32.366,42629.443,710.490717,3.3,mid,10.2621,5000.0,1.0,1,0,0,0,0,0,927,360,186,94,34,19,0,3,3,3,126,187
2000,820,820,2819,17887748822,17887948722,1789902737667,2026-09-20 19:12:17.667,2026-09-21 07:02:56.428,42638.761,710.646017,3.15,mid,10.2629,5000.0,1.0,1,0,0,0,0,0,928,360,186,94,34,19,0,4,4,4,127,188
2000,821,821,2820,17887748922,17887948822,1789902762187,2026-09-20 19:12:42.187,2026-09-21 07:03:17.715,42635.528,710.592133,2.56,mid,10.2625,5000.0,1.0,1,0,0,0,0,0,928,360,186,94,34,19,0,5,5,5,128,189
2000,822,822,2821,17887749022,17887948922,1789902774953,2026-09-20 19:12:54.953,2026-09-21 07:03:28.068,42633.115,710.551917,1.04,low,10.2624,5000.0,1.0,0,0,0,0,0,0,928,360,186,94,34,19,1,6,6,6,129,190
2000,823,823,2822,17887749122,17887949022,1789902795403,2026-09-20 19:13:15.403,2026-09-21 07:03:46.553,42631.15,710.519167,2.03,mid,10.2622,5000.0,1.0,1,0,0,0,0,0,928,360,186,94,34,19,0,7,7,7,130,191
2000,824,824,2823,17887749222,17887949122,1789902828390,2026-09-20 19:13:48.390,2026-09-21 07:04:08.384,42619.994,710.333233,2.67,mid,10.2602,5000.0,1.0,1,0,0,0,0,0,928,359,186,94,34,19,0,8,8,8,131,192
2000,825,825,2824,17887749322,17887949222,1789902849920,2026-09-20 19:14:09.920,2026-09-21 07:05:15.924,42666.004,711.100067,115.27,extra,10.3165,5000.0,1.0,1,1,1,1,1,1,928,360,187,95,35,20,0,0,0,0,0,0
2000,826,826,2825,17887749422,17887949322,1789902860547,2026-09-20 19:14:20.547,2026-09-21 07:05:46.615,42686.068,711.434467,5.74,mid,10.3189,5000.0,1.0,1,1,0,0,0,0,929,361,187,95,35,20,0,0,1,1,1,1
2000,827,827,2826,17887749522,17887949422,1789902882200,2026-09-20 19:14:42.200,2026-09-21 07:05:58.490,42676.29,711.2715,1.16,low,10.3181,5000.0,1.0,0,0,0,0,0,0,928,361,187,95,35,20,1,1,2,2,2,2
2000,828,828,2827,17887749622,17887949522,1789902927333,2026-09-20 19:15:27.333,2026-09-21 07:06:31.825,42664.492,711.074867,6.79,mid,10.3123,5000.0,1.0,1,1,0,0,0,0,928,361,186,95,35,20,0,0,3,3,3,3
2000,829,829,2828,17887749722,17887949622,1789902946923,2026-09-20 19:15:46.923,2026-09-21 07:06:53.857,42666.934,711.115567,2.64,mid,10.3126,5000.0,1.0,1,0,0,0,0,0,928,361,186,95,35,20,0,1,4,4,4,4
2000,830,830,2829,17887749822,17887949722,1789902957043,2026-09-20 19:15:57.043,2026-09-21 07:07:14.342,42677.299,711.288317,2.51,mid,10.3133,5000.0,1.0,1,0,0,0,0,0,929,361,186,95,35,20,0,2,5,5,5,5
2000,831,831,2830,17887749922,17887949822,1789902967160,2026-09-20 19:16:07.160,2026-09-21 07:07:39.487,42692.327,711.538783,3.41,mid,10.3145,5000.0,1.0,1,0,0,0,0,0,930,361,186,95,35,20,0,3,6,6,6,6
2000,832,832,2831,17887750022,17887949922,1789902988903,2026-09-20 19:16:28.903,2026-09-21 07:08:00.042,42691.139,711.518983,2.45,mid,10.3144,5000.0,1.0,1,0,0,0,0,0,930,361,186,95,35,20,0,4,7,7,7,7
2000,833,833,2832,17887750122,17887950022,1789903000737,2026-09-20 19:16:40.737,2026-09-21 07:08:38.161,42717.424,711.957067,10.14,mid,10.3189,5000.0,1.0,1,1,1,0,0,0,931,362,187,95,35,20,0,0,0,8,8,8
2000,834,834,2833,17887750222,17887950122,1789903023307,2026-09-20 19:17:03.307,2026-09-21 07:08:48.323,42705.016,711.750267,1.0,low,10.318,5000.0,1.0,0,0,0,0,0,0,930,362,187,95,35,20,1,1,1,9,9,9
2000,835,835,2834,17887750322,17887950222,1789903054444,2026-09-20 19:17:34.444,2026-09-21 07:08:58.264,42683.82,711.397,1.0,low,10.3156,5000.0,1.0,0,0,0,0,0,0,929,361,187,95,35,20,2,2,2,10,10,10
2000,836,836,2835,17887750422,17887950322,1789903072915,2026-09-20 19:17:52.915,2026-09-21 07:09:15.271,42682.356,711.3726,1.8,low,10.3155,5000.0,1.0,0,0,0,0,0,0,928,361,187,95,35,20,3,3,3,11,11,11
2000,837,837,2836,17887750522,17887950422,1789903086351,2026-09-20 19:18:06.351,2026-09-21 07:09:58.311,42711.96,711.866,15.58,mid,10.3226,5000.0,1.0,1,1,1,0,0,0,929,362,188,95,35,20,0,0,0,12,12,12
2000,838,838,2837,17887750622,17887950522,1789903097500,2026-09-20 19:18:17.500,2026-09-21 07:10:10.386,42712.886,711.881433,1.18,low,10.3226,5000.0,1.0,0,0,0,0,0,0,929,362,188,95,35,20,1,1,1,13,13,13
2000,839,839,2838,17887750722,17887950622,1789903137853,2026-09-20 19:18:57.853,2026-09-21 07:10:30.282,42692.429,711.540483,2.2,mid,10.3175,5000.0,1.0,1,0,0,0,0,0,929,361,187,95,35,20,0,2,2,14,14,14
2000,840,840,2839,17887750822,17887950722,1789903152576,2026-09-20 19:19:12.576,2026-09-21 07:11:11.487,42718.911,711.98185,13.67,mid,10.3236,5000.0,1.0,1,1,1,0,0,0,930,362,188,95,35,20,0,0,0,15,15,15
2000,841,841,2840,17887750922,17887950822,1789903179605,2026-09-20 19:19:39.605,2026-09-21 07:11:29.089,42709.484,711.824733,1.93,low,10.3225,5000.0,1.0,0,0,0,0,0,0,929,362,188,95,35,20,1,1,1,16,16,16
2000,842,842,2841,17887751022,17887950922,1789903221202,2026-09-20 19:20:21.202,2026-09-21 07:11:46.314,42685.112,711.418533,1.74,low,10.3165,5000.0,1.0,0,0,0,0,0,0,928,361,187,95,35,20,2,2,2,17,17,17
2000,843,843,2842,17887751122,17887951022,1789903238013,2026-09-20 19:20:38.013,2026-09-21 07:11:57.269,42679.256,711.320933,1.1,low,10.3162,5000.0,1.0,0,0,0,0,0,0,928,361,187,95,35,20,3,3,3,18,18,18
2000,844,844,2843,17887751222,17887951122,1789903252152,2026-09-20 19:20:52.152,2026-09-21 07:12:25.295,42693.143,711.552383,4.58,mid,10.3178,5000.0,1.0,1,0,0,0,0,0,929,361,187,95,35,20,0,4,4,19,19,19
2000,845,845,2844,17887751322,17887951222,1789903266879,2026-09-20 19:21:06.879,2026-09-21 07:12:40.381,42693.502,711.558367,1.47,low,10.3178,5000.0,1.0,0,0,0,0,0,0,929,361,187,95,35,20,1,5,5,20,20,20
2000,846,846,2845,17887751422,17887951322,1789903305203,2026-09-20 19:21:45.203,2026-09-21 07:12:56.827,42671.624,711.193733,1.73,low,10.3135,5000.0,1.0,0,0,0,0,0,0,928,360,186,95,35,20,2,6,6,21,21,21
2000,847,847,2846,17887751522,17887951422,1789903326637,2026-09-20 19:22:06.637,2026-09-21 07:13:16.069,42669.432,711.1572,2.11,mid,10.3132,5000.0,1.0,1,0,0,0,0,0,928,360,186,95,35,20,0,7,7,22,22,22
2000,848,848,2847,17887751622,17887951522,1789903338230,2026-09-20 19:22:18.230,2026-09-21 07:13:25.870,42667.64,711.127333,1.0,low,10.3132,5000.0,1.0,0,0,0,0,0,0,928,360,186,95,35,20,1,8,8,23,23,23
2000,849,849,2848,17887751722,17887951622,1789903350227,2026-09-20 19:22:30.227,2026-09-21 07:13:37.476,42667.249,711.120817,1.14,low,10.3132,5000.0,1.0,0,0,0,0,0,0,928,360,186,95,35,20,2,9,9,24,24,24
2000,850,850,2849,17887751822,17887951722,1789903375389,2026-09-20 19:22:55.389,2026-09-21 07:14:00.687,42665.298,711.0883,2.87,mid,10.3128,5000.0,1.0,1,0,0,0,0,0,928,360,186,95,35,20,0,10,10,25,25,25
2000,851,851,2850,17887751922,17887951822,1789903392995,2026-09-20 19:23:12.995,2026-09-21 07:14:11.089,42658.094,710.968233,1.1,low,10.3124,5000.0,1.0,0,0,0,0,0,0,928,360,186,95,35,20,1,11,11,26,26,26
2000,852,852,2851,17887752022,17887951922,1789903417084,2026-09-20 19:23:37.084,2026-09-21 07:14:22.794,42645.71,710.761833,1.13,low,10.3114,5000.0,1.0,0,0,0,0,0,0,927,360,186,95,35,20,2,12,12,27,27,27
2000,853,853,2852,17887752122,17887952022,1789903434049,2026-09-20 19:23:54.049,2026-09-21 07:14:32.910,42638.861,710.647683,1.0,low,10.311,5000.0,1.0,0,0,0,0,0,0,927,360,186,95,35,20,3,13,13,28,28,28
2000,854,854,2853,17887752222,17887952122,1789903450877,2026-09-20 19:24:10.877,2026-09-21 07:14:46.442,42635.565,710.59275,1.36,low,10.3108,5000.0,1.0,0,0,0,0,0,0,927,360,186,95,35,20,4,14,14,29,29,29
2000,855,855,2854,17887752322,17887952222,1789903501453,2026-09-20 19:25:01.453,2026-09-21 07:14:57.024,42595.571,709.926183,1.05,low,10.2969,5000.0,1.0,0,0,0,0,0,0,926,359,185,94,35,20,5,15,15,30,30,30
2000,856,856,2855,17887752422,17887952322,1789903539180,2026-09-20 19:25:39.180,2026-09-21 07:15:08.570,42569.39,709.489833,1.08,low,10.2924,5000.0,1.0,0,0,0,0,0,0,925,358,185,94,35,20,6,16,16,31,31,31
2000,857,857,2856,17887752522,17887952422,1789903606537,2026-09-20 19:26:46.537,2026-09-21 07:15:20.886,42514.349,708.572483,1.26,low,10.235,5000.0,1.0,0,0,0,0,0,0,924,357,184,93,34,19,7,17,17,32,32,32
2000,858,858,2857,17887752622,17887952522,1789903618423,2026-09-20 19:26:58.423,2026-09-21 07:15:56.873,42538.45,708.974167,8.3,mid,10.2385,5000.0,1.0,1,1,0,0,0,0,925,358,184,93,34,19,0,0,18,33,33,33
2000,859,859,2858,17887752722,17887952622,1789903630437,2026-09-20 19:27:10.437,2026-09-21 07:16:49.104,42578.667,709.64445,35.23,high,10.2556,5000.0,1.0,1,1,1,1,0,0,926,359,185,94,34,19,0,0,0,0,34,34
2000,860,860,2859,17887752822,17887952722,1789903687853,2026-09-20 19:28:07.853,2026-09-21 07:17:15.733,42547.88,709.131333,3.94,mid,10.232,5000.0,1.0,1,0,0,0,0,0,926,358,184,93,33,19,0,1,1,1,35,35
2000,861,861,2860,17887752922,17887952822,1789903720787,2026-09-20 19:28:40.787,2026-09-21 07:17:56.158,42555.371,709.256183,12.33,mid,10.2348,5000.0,1.0,1,1,1,0,0,0,926,358,185,93,33,19,0,0,0,2,36,36
2000,862,862,2861,17887753022,17887952922,1789903735920,2026-09-20 19:28:55.920,2026-09-21 07:18:08.831,42552.911,709.215183,1.26,low,10.2347,5000.0,1.0,0,0,0,0,0,0,926,358,185,93,33,19,1,1,1,3,37,37
2000,863,863,2862,17887753122,17887953022,1789903774663,2026-09-20 19:29:34.663,2026-09-21 07:18:20.837,42526.174,708.769567,1.15,low,10.2298,5000.0,1.0,0,0,0,0,0,0,925,357,184,93,33,19,2,2,2,4,38,38
2000,864,864,2863,17887753222,17887953122,1789903784770,2026-09-20 19:29:44.770,2026-09-21 07:18:37.820,42533.05,708.884167,1.82,low,10.2302,5000.0,1.0,0,0,0,0,0,0,925,357,184,93,33,19,3,3,3,5,39,39
2000,865,865,2864,17887753322,17887953222,1789903804930,2026-09-20 19:30:04.930,2026-09-21 07:18:48.883,42523.953,708.73255,1.07,low,10.2296,5000.0,1.0,0,0,0,0,0,0,924,357,184,93,33,19,4,4,4,6,40,40
2000,866,866,2865,17887753422,17887953322,1789903819283,2026-09-20 19:30:19.283,2026-09-21 07:18:58.846,42519.563,708.659383,1.02,low,10.2294,5000.0,1.0,0,0,0,0,0,0,924,357,184,93,33,19,5,5,5,7,41,41
2000,867,867,2866,17887753522,17887953422,1789903832833,2026-09-20 19:30:32.833,2026-09-21 07:19:47.786,42554.953,709.249217,25.11,high,10.2413,5000.0,1.0,1,1,1,1,0,0,925,358,185,94,33,19,0,0,0,0,42,42
2000,868,868,2867,17887753622,17887953522,1789903845947,2026-09-20 19:30:45.947,2026-09-21 07:20:02.951,42557.004,709.2834,1.52,low,10.2414,5000.0,1.0,0,0,0,0,0,0,925,358,185,94,33,19,1,1,1,1,43,43
2000,869,869,2868,17887753722,17887953622,1789903858837,2026-09-20 19:30:58.837,2026-09-21 07:20:13.075,42554.238,709.2373,1.0,low,10.2413,5000.0,1.0,0,0,0,0,0,0,925,358,185,94,33,19,2,2,2,2,44,44
2000,870,870,2869,17887753822,17887953722,1789903873000,2026-09-20 19:31:13.000,2026-09-21 07:20:43.229,42570.229,709.503817,5.25,mid,10.2432,5000.0,1.0,1,1,0,0,0,0,926,359,185,94,33,19,0,0,3,3,45,45
2000,871,871,2870,17887753922,17887953822,1789903888067,2026-09-20 19:31:28.067,2026-09-21 07:21:16.435,42588.368,709.806133,7.0,mid,10.2459,5000.0,1.0,1,1,0,0,0,0,927,360,185,94,33,19,0,0,4,4,46,46
2000,872,872,2871,17887754022,17887953922,1789903903527,2026-09-20 19:31:43.527,2026-09-21 07:21:31.649,42588.122,709.802033,1.57,low,10.2459,5000.0,1.0,0,0,0,0,0,0,927,360,185,94,33,19,1,1,5,5,47,47
2000,873,873,2872,17887754122,17887954022,1789903913633,2026-09-20 19:31:53.633,2026-09-21 07:22:11.568,42617.935,710.298917,11.95,mid,10.2514,5000.0,1.0,1,1,1,0,0,0,928,361,186,94,33,19,0,0,0,6,48,48
2000,874,874,2873,17887754222,17887954122,1789903951287,2026-09-20 19:32:31.287,2026-09-21 07:22:32.456,42601.169,710.019483,2.41,mid,10.2477,5000.0,1.0,1,0,0,0,0,0,928,360,186,94,33,19,0,1,1,7,49,49
2000,875,875,2874,17887754322,17887954222,1789903972510,2026-09-20 19:32:52.510,2026-09-21 07:23:02.055,42609.545,710.159083,4.99,mid,10.2489,5000.0,1.0,1,0,0,0,0,0,928,360,186,94,33,19,0,2,2,8,50,50
2000,876,876,2875,17887754422,17887954322,1789903998720,2026-09-20 19:33:18.720,2026-09-21 07:23:13.173,42594.453,709.90755,1.1,low,10.2475,5000.0,1.0,0,0,0,0,0,0,927,360,186,94,33,19,1,3,3,9,51,51
2000,877,877,2876,17887754522,17887954422,1789904010213,2026-09-20 19:33:30.213,2026-09-21 07:23:39.579,42609.366,710.1561,3.97,mid,10.249,5000.0,1.0,1,0,0,0,0,0,928,360,186,94,33,19,0,4,4,10,52,52
2000,878,878,2877,17887754622,17887954522,1789904021160,2026-09-20 19:33:41.160,2026-09-21 07:24:02.469,42621.309,710.35515,2.95,mid,10.2499,5000.0,1.0,1,0,0,0,0,0,929,360,186,94,33,19,0,5,5,11,53,53
2000,879,879,2878,17887754722,17887954622,1789904031490,2026-09-20 19:33:51.490,2026-09-21 07:24:37.057,42645.567,710.75945,7.53,mid,10.2532,5000.0,1.0,1,1,0,0,0,0,930,361,186,94,33,19,0,0,6,12,54,54
2000,880,880,2879,17887754822,17887954722,1789904048243,2026-09-20 19:34:08.243,2026-09-21 07:25:38.478,42690.235,711.503917,72.14,high,10.2883,5000.0,1.0,1,1,1,1,1,0,931,362,187,95,34,19,0,0,0,0,0,55
2000,881,881,2880,17887754922,17887954822,1789904068893,2026-09-20 19:34:28.893,2026-09-21 07:25:50.723,42681.83,711.363833,1.22,low,10.2877,5000.0,1.0,0,0,0,0,0,0,930,362,187,95,34,19,1,1,1,1,1,56
2000,882,882,2881,17887755022,17887954922,1789904102427,2026-09-20 19:35:02.427,2026-09-21 07:26:32.770,42690.343,711.505717,14.17,mid,10.2913,5000.0,1.0,1,1,1,0,0,0,930,362,188,95,34,19,0,0,0,2,2,57
2000,883,883,2882,17887755122,17887955022,1789904196270,2026-09-20 19:36:36.270,2026-09-21 07:26:42.783,42606.513,710.10855,1.0,low,9.7676,5000.0,1.0,0,0,0,0,0,0,929,361,187,94,33,18,1,1,1,3,3,58
2000,884,884,2883,17887755222,17887955122,1789904217240,2026-09-20 19:36:57.240,2026-09-21 07:27:16.614,42619.374,710.3229,7.37,mid,9.7701,5000.0,1.0,1,1,0,0,0,0,929,362,187,94,33,18,0,0,2,4,4,59
2000,885,885,2884,17887755322,17887955222,1789904233203,2026-09-20 19:37:13.203,2026-09-21 07:27:51.830,42638.627,710.643783,7.85,mid,9.7732,5000.0,1.0,1,1,0,0,0,0,930,363,187,94,33,18,0,0,3,5,5,60
2000,886,886,2885,17887755422,17887955322,1789904245137,2026-09-20 19:37:25.137,2026-09-21 07:28:01.890,42636.753,710.61255,1.02,low,9.7731,5000.0,1.0,0,0,0,0,0,0,930,363,187,94,33,18,1,1,4,6,6,61
2000,887,887,2886,17887755522,17887955422,1789904263653,2026-09-20 19:37:43.653,2026-09-21 07:28:26.029,42642.376,710.706267,3.15,mid,9.7737,5000.0,1.0,1,0,0,0,0,0,930,363,187,94,33,18,0,2,5,7,7,62
2000,888,888,2887,17887755622,17887955522,1789904276397,2026-09-20 19:37:56.397,2026-09-21 07:28:39.139,42642.742,710.712367,1.32,low,9.7737,5000.0,1.0,0,0,0,0,0,0,930,363,187,94,33,18,1,3,6,8,8,63
2000,889,889,2888,17887755722,17887955622,1789904287327,2026-09-20 19:38:07.327,2026-09-21 07:28:56.860,42649.533,710.82555,1.9,low,9.7741,5000.0,1.0,0,0,0,0,0,0,930,363,187,94,33,18,2,4,7,9,9,64
2000,890,890,2889,17887755822,17887955722,1789904303017,2026-09-20 19:38:23.017,2026-09-21 07:29:14.132,42651.115,710.851917,1.84,low,9.7742,5000.0,1.0,0,0,0,0,0,0,930,363,187,94,33,18,3,5,8,10,10,65
2000,891,891,2890,17887755922,17887955822,1789904335830,2026-09-20 19:38:55.830,2026-09-21 07:29:50.443,42654.613,710.910217,8.9,mid,9.7754,5000.0,1.0,1,1,0,0,0,0,930,363,187,94,33,18,0,0,9,11,11,66
2000,892,892,2891,17887756022,17887955922,1789904362116,2026-09-20 19:39:22.116,2026-09-21 07:30:08.142,42646.026,710.7671,1.86,low,9.7744,5000.0,1.0,0,0,0,0,0,0,929,363,187,94,33,18,1,1,10,12,12,67
2000,893,893,2892,17887756122,17887956022,1789904390227,2026-09-20 19:39:50.227,2026-09-21 07:30:28.183,42637.956,710.6326,2.25,mid,9.7733,5000.0,1.0,1,0,0,0,0,0,929,363,187,94,33,18,0,2,11,13,13,68
2000,894,894,2893,17887756222,17887956122,1789904400830,2026-09-20 19:40:00.830,2026-09-21 07:30:37.891,42637.061,710.617683,1.02,low,9.7733,5000.0,1.0,0,0,0,0,0,0,929,363,187,94,33,18,1,3,12,14,14,69
2000,895,895,2894,17887756322,17887956222,1789904453343,2026-09-20 19:40:53.343,2026-09-21 07:31:14.172,42620.829,710.34715,8.6,mid,9.7605,5000.0,1.0,1,1,0,0,0,0,929,363,186,93,33,18,0,0,13,15,15,70
2000,896,896,2895,17887756422,17887956322,1789904469400,2026-09-20 19:41:09.400,2026-09-21 07:31:50.394,42640.994,710.683233,8.66,mid,9.7641,5000.0,1.0,1,1,0,0,0,0,930,364,186,93,33,18,0,0,14,16,16,71
2000,897,897,2896,17887756522,17887956422,1789904487633,2026-09-20 19:41:27.633,2026-09-21 07:32:02.447,42634.814,710.580233,1.2,low,9.7637,5000.0,1.0,0,0,0,0,0,0,930,364,186,93,33,18,1,1,15,17,17,72
2000,898,898,2897,17887756622,17887956522,1789904508173,2026-09-20 19:41:48.173,2026-09-21 07:32:14.235,42626.062,710.434367,1.16,low,9.7631,5000.0,1.0,0,0,0,0,0,0,929,364,186,93,33,18,2,2,16,18,18,73
2000,899,899,2898,17887756722,17887956622,1789904525470,2026-09-20 19:42:05.470,2026-09-21 07:32:25.051,42619.581,710.32635,1.07,low,9.7627,5000.0,1.0,0,0,0,0,0,0,929,364,186,93,33,18,3,3,17,19,19,74
2000,900,900,2899,17887756822,17887956722,1789904555060,2026-09-20 19:42:35.060,2026-09-21 07:32:52.050,42616.99,710.283167,4.1,mid,9.7622,5000.0,1.0,1,0,0,0,0,0,929,363,186,93,33,18,0,4,18,20,20,75
2000,901,901,2900,17887756922,17887956822,1789904624660,2026-09-20 19:43:44.660,2026-09-21 07:33:12.396,42567.736,709.462267,2.36,mid,9.6935,5000.0,1.0,1,0,0,0,0,0,929,362,185,92,32,17,0,5,19,21,21,76
2000,902,902,2901,17887757022,17887956922,1789904708770,2026-09-20 19:45:08.770,2026-09-21 07:33:35.265,42506.495,708.441583,2.91,mid,9.4612,5000.0,1.0,1,0,0,0,0,0,929,361,184,91,31,16,0,6,20,22,22,77
2000,903,903,2902,17887757122,17887957022,1789904722177,2026-09-20 19:45:22.177,2026-09-21 07:33:52.581,42510.404,708.506733,1.82,low,9.4614,5000.0,1.0,0,0,0,0,0,0,929,361,184,91,31,16,1,7,21,23,23,78
2000,904,904,2903,17887757222,17887957122,1789904751113,2026-09-20 19:45:51.113,2026-09-21 07:34:02.682,42491.569,708.192817,1.0,low,9.4596,5000.0,1.0,0,0,0,0,0,0,928,361,184,91,31,16,2,8,22,24,24,79
2000,905,905,2904,17887757322,17887957222,1789904779163,2026-09-20 19:46:19.163,2026-09-21 07:34:46.788,42507.625,708.460417,17.19,mid,9.4659,5000.0,1.0,1,1,1,0,0,0,928,362,185,91,31,16,0,0,0,25,25,80
2000,906,906,2905,17887757422,17887957322,1789904800490,2026-09-20 19:46:40.490,2026-09-21 07:35:02.397,42501.907,708.365117,1.56,low,9.4654,5000.0,1.0,0,0,0,0,0,0,927,362,185,91,31,16,1,1,1,26,26,81
2000,907,907,2906,17887757522,17887957422,1789904810900,2026-09-20 19:46:50.900,2026-09-21 07:35:17.056,42506.156,708.435933,1.53,low,9.4657,5000.0,1.0,0,0,0,0,0,0,927,362,185,91,31,16,2,2,2,27,27,82
2000,908,908,2907,17887757622,17887957522,1789904822940,2026-09-20 19:47:02.940,2026-09-21 07:35:49.064,42526.124,708.768733,6.18,mid,9.4682,5000.0,1.0,1,1,0,0,0,0,928,363,185,91,31,16,0,0,3,28,28,83
2000,909,909,2908,17887757722,17887957622,1789904865270,2026-09-20 19:47:45.270,2026-09-21 07:36:16.717,42511.447,708.524117,4.15,mid,9.4629,5000.0,1.0,1,0,0,0,0,0,928,362,184,91,31,16,0,1,4,29,29,84
2000,910,910,2909,17887757822,17887957722,1789904886427,2026-09-20 19:48:06.427,2026-09-21 07:36:44.781,42518.354,708.639233,4.43,mid,9.4639,5000.0,1.0,1,0,0,0,0,0,928,362,184,91,31,16,0,2,5,30,30,85
2000,911,911,2910,17887757922,17887957822,1789904900613,2026-09-20 19:48:20.613,2026-09-21 07:37:03.201,42522.588,708.7098,2.03,mid,9.4642,5000.0,1.0,1,0,0,0,0,0,929,362,184,91,31,16,0,3,6,31,31,86
2000,912,912,2911,17887758022,17887957922,1789904914447,2026-09-20 19:48:34.447,2026-09-21 07:37:40.380,42545.933,709.098883,9.61,mid,9.4683,5000.0,1.0,1,1,0,0,0,0,930,363,184,91,31,16,0,0,7,32,32,87
2000,913,913,2912,17887758122,17887958022,1789904956400,2026-09-20 19:49:16.400,2026-09-21 07:37:53.754,42517.354,708.622567,1.35,low,9.4619,5000.0,1.0,0,0,0,0,0,0,929,362,183,91,31,16,1,1,8,33,33,88
2000,914,914,2913,17887758222,17887958122,1789904977020,2026-09-20 19:49:37.020,2026-09-21 07:38:03.873,42506.853,708.44755,1.0,low,9.4612,5000.0,1.0,0,0,0,0,0,0,928,362,183,91,31,16,2,2,9,34,34,89
2000,915,915,2914,17887758322,17887958222,1789905003847,2026-09-20 19:50:03.847,2026-09-21 07:38:44.224,42520.377,708.67295,12.42,mid,9.4654,5000.0,1.0,1,1,1,0,0,0,928,363,184,91,31,16,0,0,0,35,35,90
2000,916,916,2915,17887758422,17887958322,1789905021967,2026-09-20 19:50:21.967,2026-09-21 07:40:06.035,42584.068,709.734467,379.42,extra,9.6542,5000.0,1.0,1,1,1,1,1,1,929,364,185,92,32,17,0,0,0,0,0,0
2000,917,917,2916,17887758522,17887958422,1789905033153,2026-09-20 19:50:33.153,2026-09-21 07:40:26.307,42593.154,709.8859,2.43,mid,9.6548,5000.0,1.0,1,0,0,0,0,0,930,364,185,92,32,17,0,1,1,1,1,1
2000,918,918,2917,17887758622,17887958522,1789905071683,2026-09-20 19:51:11.683,2026-09-21 07:40:40.097,42568.414,709.473567,1.33,low,9.6502,5000.0,1.0,0,0,0,0,0,0,929,363,184,92,32,17,1,2,2,2,2,2
2000,919,919,2918,17887758722,17887958622,1789905115530,2026-09-20 19:51:55.530,2026-09-21 07:40:57.239,42541.709,709.028483,1.85,low,9.6445,5000.0,1.0,0,0,0,0,0,0,928,362,183,92,32,17,2,3,3,3,3,3
2000,920,920,2919,17887758822,17887958722,1789905125637,2026-09-20 19:52:05.637,2026-09-21 07:41:27.503,42561.866,709.364433,5.25,mid,9.6467,5000.0,1.0,1,1,0,0,0,0,929,363,183,92,32,17,0,0,4,4,4,4
2000,921,921,2920,17887758922,17887958822,1789905138733,2026-09-20 19:52:18.733,2026-09-21 07:41:57.451,42578.718,709.6453,5.2,mid,9.6486,5000.0,1.0,1,1,0,0,0,0,930,364,183,92,32,17,0,0,5,5,5,5
2000,922,922,2921,17887759022,17887958922,1789905148997,2026-09-20 19:52:28.997,2026-09-21 07:42:19.524,42590.527,709.842117,2.77,mid,9.6495,5000.0,1.0,1,0,0,0,0,0,931,364,183,92,32,17,0,1,6,6,6,6
2000,923,923,2922,17887759122,17887959022,1789905164357,2026-09-20 19:52:44.357,2026-09-21 07:42:32.178,42587.821,709.797017,1.23,low,9.6493,5000.0,1.0,0,0,0,0,0,0,931,364,183,92,32,17,1,2,7,7,7,7
2000,924,924,2923,17887759222,17887959122,1789905190450,2026-09-20 19:53:10.450,2026-09-21 07:42:45.229,42574.779,709.57965,1.26,low,9.6481,5000.0,1.0,0,0,0,0,0,0,930,364,183,92,32,17,2,3,8,8,8,8
2000,925,925,2924,17887759322,17887959222,1789905200720,2026-09-20 19:53:20.720,2026-09-21 07:43:01.175,42580.455,709.67425,1.64,low,9.6484,5000.0,1.0,0,0,0,0,0,0,930,364,183,92,32,17,3,4,9,9,9,9
2000,926,926,2925,17887759422,17887959322,1789905217910,2026-09-20 19:53:37.910,2026-09-21 07:43:15.250,42577.34,709.622333,1.38,low,9.6482,5000.0,1.0,0,0,0,0,0,0,930,364,183,92,32,17,4,5,10,10,10,10
2000,927,927,2926,17887759522,17887959422,1789905233520,2026-09-20 19:53:53.520,2026-09-21 07:43:52.456,42598.936,709.982267,9.72,mid,9.6522,5000.0,1.0,1,1,0,0,0,0,931,365,183,92,32,17,0,0,11,11,11,11
2000,928,928,2927,17887759622,17887959522,1789905248190,2026-09-20 19:54:08.190,2026-09-21 07:44:09.735,42601.545,710.02575,1.88,low,9.6524,5000.0,1.0,0,0,0,0,0,0,931,365,183,92,32,17,1,1,12,12,12,12
2000,929,929,2928,17887759722,17887959622,1789905263103,2026-09-20 19:54:23.103,2026-09-21 07:44:51.653,42628.55,710.475833,13.96,mid,9.6587,5000.0,1.0,1,1,1,0,0,0,932,366,184,92,32,17,0,0,0,13,13,13
2000,930,930,2929,17887759822,17887959722,1789905293760,2026-09-20 19:54:53.760,2026-09-21 07:45:02.639,42608.879,710.147983,1.09,low,9.6564,5000.0,1.0,0,0,0,0,0,0,931,365,184,92,32,17,1,1,1,14,14,14
2000,931,931,2930,17887759922,17887959822,1789905305350,2026-09-20 19:55:05.350,2026-09-21 07:45:22.688,42617.338,710.288967,2.25,mid,9.657,5000.0,1.0,1,0,0,0,0,0,932,365,184,92,32,17,0,2,2,15,15,15
2000,932,932,2931,17887760022,17887959922,1789905335033,2026-09-20 19:55:35.033,2026-09-21 07:45:42.032,42606.999,710.11665,2.09,mid,9.6555,5000.0,1.0,1,0,0,0,0,0,932,364,184,92,32,17,0,3,3,16,16,16
2000,933,933,2932,17887760122,17887960022,1789905347240,2026-09-20 19:55:47.240,2026-09-21 07:46:13.948,42626.708,710.445133,6.16,mid,9.658,5000.0,1.0,1,1,0,0,0,0,933,365,184,92,32,17,0,0,4,17,17,17
2000,934,934,2933,17887760222,17887960122,1789905361840,2026-09-20 19:56:01.840,2026-09-21 07:46:24.823,42622.983,710.38305,1.14,low,9.6578,5000.0,1.0,0,0,0,0,0,0,933,365,184,92,32,17,1,1,5,18,18,18
2000,935,935,2934,17887760322,17887960222,1789905371960,2026-09-20 19:56:11.960,2026-09-21 07:46:35.271,42623.311,710.388517,1.0,low,9.6578,5000.0,1.0,0,0,0,0,0,0,933,365,184,92,32,17,2,2,6,19,19,19
2000,936,936,2935,17887760422,17887960322,1789905385057,2026-09-20 19:56:25.057,2026-09-21 07:46:46.039,42620.982,710.3497,1.06,low,9.6577,5000.0,1.0,0,0,0,0,0,0,933,365,184,92,32,17,3,3,7,20,20,20
2000,937,937,2936,17887760522,17887960422,1789905417297,2026-09-20 19:56:57.297,2026-09-21 07:47:02.151,42604.854,710.0809,1.67,low,9.6554,5000.0,1.0,0,0,0,0,0,0,932,364,184,92,32,17,4,4,8,21,21,21
2000,938,938,2937,17887760622,17887960522,1789905427373,2026-09-20 19:57:07.373,2026-09-21 07:47:22.045,42614.672,710.244533,2.3,mid,9.656,5000.0,1.0,1,0,0,0,0,0,933,364,184,92,32,17,0,5,9,22,22,22
2000,939,939,2938,17887760722,17887960622,1789905451487,2026-09-20 19:57:31.487,2026-09-21 07:47:32.275,42600.788,710.013133,1.0,low,9.6549,5000.0,1.0,0,0,0,0,0,0,932,364,184,92,32,17,1,6,10,23,23,23
2000,940,940,2939,17887760822,17887960722,1789905468730,2026-09-20 19:57:48.730,2026-09-21 07:47:49.890,42601.16,710.019333,1.82,low,9.6549,5000.0,1.0,0,0,0,0,0,0,932,364,184,92,32,17,2,7,11,24,24,24
2000,941,941,2940,17887760922,17887960822,1789905480870,2026-09-20 19:58:00.870,2026-09-21 07:48:11.179,42610.309,710.171817,2.65,mid,9.6556,5000.0,1.0,1,0,0,0,0,0,933,364,184,92,32,17,0,8,12,25,25,25
2000,942,942,2941,17887761022,17887960922,1789905490990,2026-09-20 19:58:10.990,2026-09-21 07:48:30.974,42619.984,710.333067,2.25,mid,9.6563,5000.0,1.0,1,0,0,0,0,0,934,364,184,92,32,17,0,9,13,26,26,26
2000,943,943,2942,17887761122,17887961022,1789905515260,2026-09-20 19:58:35.260,2026-09-21 07:49:03.460,42628.2,710.47,6.36,mid,9.6578,5000.0,1.0,1,1,0,0,0,0,934,365,184,92,32,17,0,0,14,27,27,27
2000,944,944,2943,17887761222,17887961122,1789905532180,2026-09-20 19:58:52.180,2026-09-21 07:49:19.033,42626.853,710.44755,1.47,low,9.6577,5000.0,1.0,0,0,0,0,0,0,934,365,184,92,32,17,1,1,15,28,28,28
2000,945,945,2944,17887761322,17887961222,1789905551850,2026-09-20 19:59:11.850,2026-09-21 07:49:48.156,42636.306,710.6051,4.62,mid,9.6589,5000.0,1.0,1,0,0,0,0,0,934,365,184,92,32,17,0,2,16,29,29,29
2000,946,946,2945,17887761422,17887961322,1789905575233,2026-09-20 19:59:35.233,2026-09-21 07:50:18.703,42643.47,710.7245,5.71,mid,9.6602,5000.0,1.0,1,1,0,0,0,0,934,366,184,92,32,17,0,0,17,30,30,30
2000,947,947,2946,17887761522,17887961422,1789905596953,2026-09-20 19:59:56.953,2026-09-21 07:50:29.488,42632.535,710.54225,1.08,low,9.6594,5000.0,1.0,0,0,0,0,0,0,933,366,184,92,32,17,1,1,18,31,31,31
2000,948,948,2947,17887761622,17887961522,1789905623667,2026-09-20 20:00:23.667,2026-09-21 07:51:16.927,42653.26,710.887667,21.4,mid,9.6681,5000.0,1.0,1,1,1,1,0,0,933,367,185,93,32,17,0,0,0,0,32,32
2000,949,949,2948,17887761722,17887961622,1789905654050,2026-09-20 20:00:54.050,2026-09-21 07:51:55.402,42661.352,711.022533,11.13,mid,9.671,5000.0,1.0,1,1,1,0,0,0,933,367,186,93,32,17,0,0,0,1,33,33
2000,950,950,2949,17887761822,17887961722,1789905664183,2026-09-20 20:01:04.183,2026-09-21 07:52:08.990,42664.807,711.080117,1.26,low,9.6711,5000.0,1.0,0,0,0,0,0,0,933,367,186,93,32,17,1,1,1,2,34,34
2000,951,951,2950,17887761922,17887961822,1789905702010,2026-09-20 20:01:42.010,2026-09-21 07:52:20.710,42638.7,710.645,1.22,low,9.6667,5000.0,1.0,0,0,0,0,0,0,932,366,185,93,32,17,2,2,2,3,35,35
2000,952,952,2951,17887762022,17887961922,1789905712260,2026-09-20 20:01:52.260,2026-09-21 07:52:31.548,42639.288,710.6548,1.08,low,9.6667,5000.0,1.0,0,0,0,0,0,0,932,366,185,93,32,17,3,3,3,4,36,36
2000,953,953,2952,17887762122,17887962022,1789905735567,2026-09-20 20:02:15.567,2026-09-21 07:53:05.410,42649.843,710.830717,7.06,mid,9.6688,5000.0,1.0,1,1,0,0,0,0,932,367,185,93,32,17,0,0,4,5,37,37
2000,954,954,2953,17887762222,17887962122,1789905745688,2026-09-20 20:02:25.688,2026-09-21 07:53:38.866,42673.178,711.219633,7.17,mid,9.6719,5000.0,1.0,1,1,0,0,0,0,933,368,185,93,32,17,0,0,5,6,38,38
2000,955,955,2954,17887762322,17887962222,1789905766457,2026-09-20 20:02:46.457,2026-09-21 07:53:53.330,42666.873,711.11455,1.4,low,9.6713,5000.0,1.0,0,0,0,0,0,0,932,368,185,93,32,17,1,1,6,7,39,39
2000,956,956,2955,17887762422,17887962322,1789905778070,2026-09-20 20:02:58.070,2026-09-21 07:54:11.646,42673.576,711.226267,1.98,low,9.6718,5000.0,1.0,0,0,0,0,0,0,932,368,185,93,32,17,2,2,7,8,40,40
2000,957,957,2956,17887762522,17887962422,1789905789730,2026-09-20 20:03:09.730,2026-09-21 07:54:23.447,42673.717,711.228617,1.21,low,9.6718,5000.0,1.0,0,0,0,0,0,0,932,368,185,93,32,17,3,3,8,9,41,41
2000,958,958,2957,17887762622,17887962522,1789905819140,2026-09-20 20:03:39.140,2026-09-21 07:54:43.762,42664.622,711.077033,2.35,mid,9.6709,5000.0,1.0,1,0,0,0,0,0,932,368,185,93,32,17,0,4,9,10,42,42
2000,959,959,2958,17887762722,17887962622,1789905837770,2026-09-20 20:03:57.770,2026-09-21 07:55:18.786,42681.016,711.350267,7.74,mid,9.6737,5000.0,1.0,1,1,0,0,0,0,932,369,185,93,32,17,0,0,10,11,43,43
2000,960,960,2959,17887762822,17887962722,1789905855080,2026-09-20 20:04:15.080,2026-09-21 07:55:35.397,42680.317,711.338617,1.68,low,9.6736,5000.0,1.0,0,0,0,0,0,0,932,369,185,93,32,17,1,1,11,12,44,44
2000,961,961,2960,17887762922,17887962822,1789905876140,2026-09-20 20:04:36.140,2026-09-21 07:55:51.906,42675.766,711.262767,1.8,low,9.6733,5000.0,1.0,0,0,0,0,0,0,931,369,185,93,32,17,2,2,12,13,45,45
2000,962,962,2961,17887763022,17887962922,1789905896310,2026-09-20 20:04:56.310,2026-09-21 07:56:25.936,42689.626,711.493767,7.37,mid,9.6758,5000.0,1.0,1,1,0,0,0,0,931,370,185,93,32,17,0,0,13,14,46,46
2000,963,963,2962,17887763122,17887963022,1789905906417,2026-09-20 20:05:06.417,2026-09-21 07:56:45.441,42699.024,711.6504,2.16,mid,9.6764,5000.0,1.0,1,0,0,0,0,0,932,370,185,93,32,17,0,1,14,15,47,47
2000,964,964,2963,17887763222,17887963122,1789905921410,2026-09-20 20:05:21.410,2026-09-21 07:57:27.036,42725.626,712.093767,13.72,mid,9.6825,5000.0,1.0,1,1,1,0,0,0,933,371,186,93,32,17,0,0,0,16,48,48
2000,965,965,2964,17887763322,17887963222,1789905955727,2026-09-20 20:05:55.727,2026-09-21 07:57:50.522,42714.795,711.91325,3.1,mid,9.6803,5000.0,1.0,1,0,0,0,0,0,933,370,186,93,32,17,0,1,1,17,49,49
2000,966,966,2965,17887763422,17887963322,1789905965820,2026-09-20 20:06:05.820,2026-09-21 07:58:09.559,42723.739,712.062317,2.15,mid,9.6809,5000.0,1.0,1,0,0,0,0,0,934,370,186,93,32,17,0,2,2,18,50,50
2000,967,967,2966,17887763522,17887963422,1789905975900,2026-09-20 20:06:15.900,2026-09-21 07:58:26.052,42730.152,712.1692,1.66,low,9.6812,5000.0,1.0,0,0,0,0,0,0,934,370,186,93,32,17,1,3,3,19,51,51
2000,968,968,2967,17887763622,17887963522,1789905991783,2026-09-20 20:06:31.783,2026-09-21 07:58:52.162,42740.379,712.33965,3.8,mid,9.6823,5000.0,1.0,1,0,0,0,0,0,935,370,186,93,32,17,0,4,4,20,52,52
2000,969,969,2968,17887763722,17887963622,1789906009530,2026-09-20 20:06:49.530,2026-09-21 07:59:09.609,42740.079,712.33465,1.78,low,9.6822,5000.0,1.0,0,0,0,0,0,0,935,370,186,93,32,17,1,5,5,21,53,53
2000,970,970,2969,17887763822,17887963722,1789906058160,2026-09-20 20:07:38.160,2026-09-21 07:59:27.033,42708.873,711.81455,1.96,low,9.6709,5000.0,1.0,0,0,0,0,0,0,934,369,185,92,32,17,2,6,6,22,54,54
2000,971,971,2970,17887763922,17887963822,1789906076913,2026-09-20 20:07:56.913,2026-09-21 07:59:40.024,42703.111,711.718517,1.22,low,9.6705,5000.0,1.0,0,0,0,0,0,0,933,369,185,92,32,17,3,7,7,23,55,55
2000,972,972,2971,17887764022,17887963922,1789906089290,2026-09-20 20:08:09.290,2026-09-21 08:00:01.910,42712.62,711.877,2.71,mid,9.6712,5000.0,1.0,1,0,0,0,0,0,934,369,185,92,32,17,0,8,8,24,56,56
2000,973,973,2972,17887764122,17887964022,1789906105860,2026-09-20 20:08:25.860,2026-09-21 08:00:26.845,42720.985,712.016417,3.55,mid,9.6721,5000.0,1.0,1,0,0,0,0,0,935,369,185,92,32,17,0,9,9,25,57,57
2000,974,974,2973,17887764222,17887964122,1789906138157,2026-09-20 20:08:58.157,2026-09-21 08:00:37.799,42699.642,711.6607,1.05,low,9.6695,5000.0,1.0,0,0,0,0,0,0,934,368,185,92,32,17,1,10,10,26,58,58
2000,975,975,2974,17887764322,17887964222,1789906162850,2026-09-20 20:09:22.850,2026-09-21 08:00:51.805,42688.955,711.482583,1.39,low,9.6685,5000.0,1.0,0,0,0,0,0,0,933,368,185,92,32,17,2,11,11,27,59,59
2000,976,976,2975,17887764422,17887964322,1789906199407,2026-09-20 20:09:59.407,2026-09-21 08:01:14.139,42674.732,711.245533,2.83,mid,9.6654,5000.0,1.0,1,0,0,0,0,0,933,367,185,92,32,17,0,12,12,28,60,60
2000,977,977,2976,17887764522,17887964422,1789906234917,2026-09-20 20:10:34.917,2026-09-21 08:01:24.122,42649.205,710.820083,1.0,low,9.6618,5000.0,1.0,0,0,0,0,0,0,932,366,185,92,32,17,1,13,13,29,61,61
2000,978,978,2977,17887764622,17887964522,1789906290827,2026-09-20 20:11:30.827,2026-09-21 08:01:52.205,42621.378,710.3563,4.55,mid,9.6415,5000.0,1.0,1,0,0,0,0,0,932,365,184,91,32,17,0,14,14,30,62,62
2000,979,979,2978,17887764722,17887964622,1789906308373,2026-09-20 20:11:48.373,2026-09-21 08:02:02.779,42614.406,710.2401,1.04,low,9.6411,5000.0,1.0,0,0,0,0,0,0,932,365,184,91,32,17,1,15,15,31,63,63
2000,980,980,2979,17887764822,17887964722,1789906339910,2026-09-20 20:12:19.910,2026-09-21 08:02:14.111,42594.201,709.90335,1.13,low,9.6387,5000.0,1.0,0,0,0,0,0,0,931,364,184,91,32,17,2,16,16,32,64,64
2000,981,981,2980,17887764922,17887964822,1789906369787,2026-09-20 20:12:49.787,2026-09-21 08:02:28.299,42578.512,709.641867,1.4,low,9.6368,5000.0,1.0,0,0,0,0,0,0,930,363,184,91,32,17,3,17,17,33,65,65
2000,982,982,2981,17887765022,17887964922,1789906390440,2026-09-20 20:13:10.440,2026-09-21 08:02:54.284,42583.844,709.730733,3.79,mid,9.6374,5000.0,1.0,1,0,0,0,0,0,930,363,184,91,32,17,0,18,18,34,66,66
2000,983,983,2982,17887765122,17887965022,1789906401593,2026-09-20 20:13:21.593,2026-09-21 08:03:24.299,42602.706,710.0451,5.15,mid,9.6395,5000.0,1.0,1,1,0,0,0,0,931,364,184,91,32,17,0,0,19,35,67,67
2000,984,984,2983,17887765222,17887965122,1789906424547,2026-09-20 20:13:44.547,2026-09-21 08:03:36.204,42591.657,709.86095,1.16,low,9.6386,5000.0,1.0,0,0,0,0,0,0,930,364,184,91,32,17,1,1,20,36,68,68
2000,985,985,2984,17887765322,17887965222,1789906454387,2026-09-20 20:14:14.387,2026-09-21 08:03:54.226,42579.839,709.663983,2.05,mid,9.637,5000.0,1.0,1,0,0,0,0,0,930,363,184,91,32,17,0,2,21,37,69,69
2000,986,986,2985,17887765422,17887965322,1789906469127,2026-09-20 20:14:29.127,2026-09-21 08:04:24.468,42595.341,709.92235,5.1,mid,9.6388,5000.0,1.0,1,1,0,0,0,0,931,364,184,91,32,17,0,0,22,38,70,70
2000,987,987,2986,17887765522,17887965422,1789906488881,2026-09-20 20:14:48.881,2026-09-21 08:04:51.001,42602.12,710.035333,4.15,mid,9.6398,5000.0,1.0,1,0,0,0,0,0,931,364,184,91,32,17,0,1,23,39,71,71
2000,988,988,2987,17887765622,17887965522,1789906501893,2026-09-20 20:15:01.893,2026-09-21 08:05:02.697,42600.804,710.0134,1.12,low,9.6397,5000.0,1.0,0,0,0,0,0,0,931,364,184,91,32,17,1,2,24,40,72,72
2000,989,989,2988,17887765722,17887965622,1789906535580,2026-09-20 20:15:35.580,2026-09-21 08:05:46.848,42611.268,710.1878,16.53,mid,9.6444,5000.0,1.0,1,1,1,0,0,0,931,364,185,91,32,17,0,0,0,41,73,73
2000,990,990,2989,17887765822,17887965722,1789906549157,2026-09-20 20:15:49.157,2026-09-21 08:06:22.551,42633.394,710.556567,8.7,mid,9.6481,5000.0,1.0,1,1,0,0,0,0,932,365,185,91,32,17,0,0,1,42,74,74
2000,991,991,2990,17887765922,17887965822,1789906565877,2026-09-20 20:16:05.877,2026-09-21 08:06:37.275,42631.398,710.5233,1.47,low,9.648,5000.0,1.0,0,0,0,0,0,0,932,365,185,91,32,17,1,1,2,43,75,75
2000,992,992,2991,17887766022,17887965922,1789906600819,2026-09-20 20:16:40.819,2026-09-21 08:07:13.673,42632.854,710.547567,8.96,mid,9.6485,5000.0,1.0,1,1,0,0,0,0,932,365,185,91,32,17,0,0,3,44,76,76
2000,993,993,2992,17887766122,17887966022,1789906611347,2026-09-20 20:16:51.347,2026-09-21 08:07:24.366,42633.019,710.550317,1.03,low,9.6485,5000.0,1.0,0,0,0,0,0,0,932,365,185,91,32,17,1,1,4,45,77,77
2000,994,994,2993,17887766222,17887966122,1789906622070,2026-09-20 20:17:02.070,2026-09-21 08:07:58.672,42656.602,710.943367,7.85,mid,9.6519,5000.0,1.0,1,1,0,0,0,0,933,366,185,91,32,17,0,0,5,46,78,78
2000,995,995,2994,17887766322,17887966222,1789906633690,2026-09-20 20:17:13.690,2026-09-21 08:08:16.878,42663.188,711.053133,1.85,low,9.6522,5000.0,1.0,0,0,0,0,0,0,933,366,185,91,32,17,1,1,6,47,79,79
2000,996,996,2995,17887766422,17887966322,1789906649760,2026-09-20 20:17:29.760,2026-09-21 08:08:31.751,42661.991,711.033183,1.58,low,9.6522,5000.0,1.0,0,0,0,0,0,0,933,366,185,91,32,17,2,2,7,48,80,80
2000,997,997,2996,17887766522,17887966422,1789906666263,2026-09-20 20:17:46.263,2026-09-21 08:09:19.556,42693.293,711.554883,22.71,mid,9.6627,5000.0,1.0,1,1,1,1,0,0,934,367,186,92,32,17,0,0,0,0,81,81
2000,998,998,2997,17887766622,17887966522,1789906685443,2026-09-20 20:18:05.443,2026-09-21 08:09:42.236,42696.793,711.613217,2.86,mid,9.6631,5000.0,1.0,1,0,0,0,0,0,934,367,186,92,32,17,0,1,1,1,82,82
2000,999,999,2998,17887766722,17887966622,1789906700580,2026-09-20 20:18:20.580,2026-09-21 08:10:42.021,42741.441,712.35735,62.05,high,9.6933,5000.0,1.0,1,1,1,1,1,0,935,368,187,93,33,17,0,0,0,0,0,83
2000,1000,1000,2999,17887766822,17887966722,1789906735230,2026-09-20 20:18:55.230,2026-09-21 08:11:17.963,42742.733,712.378883,8.57,mid,9.6938,5000.0,1.0,1,1,0,0,0,0,935,368,187,93,33,17,0,0,1,1,1,84
2000,1001,1001,3000,17887766922,17887966822,1789906748347,2026-09-20 20:19:08.347,2026-09-21 08:11:38.287,42749.94,712.499,2.3,mid,9.6943,5000.0,1.0,1,0,0,0,0,0,936,368,187,93,33,17,0,1,2,2,2,85
2000,1002,1002,3001,17887767022,17887966922,1789906762987,2026-09-20 20:19:22.987,2026-09-21 08:12:12.765,42769.778,712.829633,7.87,mid,9.6975,5000.0,1.0,1,1,0,0,0,0,937,369,187,93,33,17,0,0,3,3,3,86
2000,1003,1003,3002,17887767122,17887967022,1789906783690,2026-09-20 20:19:43.690,2026-09-21 08:12:45.598,42781.908,713.0318,6.38,mid,9.6994,5000.0,1.0,1,1,0,0,0,0,937,370,187,93,33,17,0,0,4,4,4,87
2000,1004,1004,3003,17887767222,17887967122,1789906806090,2026-09-20 20:20:06.090,2026-09-21 08:12:57.903,42771.813,712.86355,1.23,low,9.6987,5000.0,1.0,0,0,0,0,0,0,936,370,187,93,33,17,1,1,5,5,5,88
2000,1005,1005,3004,17887767322,17887967222,1789906834400,2026-09-20 20:20:34.400,2026-09-21 08:13:21.319,42766.919,712.781983,3.06,mid,9.6979,5000.0,1.0,1,0,0,0,0,0,936,370,187,93,33,17,0,2,6,6,6,89
2000,1006,1006,3005,17887767422,17887967322,1789906872893,2026-09-20 20:21:12.893,2026-09-21 08:14:01.979,42769.086,712.8181,12.74,mid,9.699,5000.0,1.0,1,1,1,0,0,0,936,370,187,93,33,17,0,0,0,7,7,90
2000,1007,1007,3006,17887767522,17887967422,1789906897133,2026-09-20 20:21:37.133,2026-09-21 08:14:28.315,42771.182,712.853033,3.88,mid,9.6993,5000.0,1.0,1,0,0,0,0,0,936,370,187,93,33,17,0,1,1,8,8,91
2000,1008,1008,3007,17887767622,17887967522,1789906923932,2026-09-20 20:22:03.932,2026-09-21 08:14:39.790,42755.858,712.597633,1.15,low,9.6979,5000.0,1.0,0,0,0,0,0,0,935,370,187,93,33,17,1,2,2,9,9,92
2000,1009,1009,3008,17887767722,17887967622,1789906937130,2026-09-20 20:22:17.130,2026-09-21 08:15:06.431,42769.301,712.821683,3.97,mid,9.6992,5000.0,1.0,1,0,0,0,0,0,936,370,187,93,33,17,0,3,3,10,10,93
2000,1010,1010,3009,17887767822,17887967722,1789906959793,2026-09-20 20:22:39.793,2026-09-21 08:15:32.323,42772.53,712.8755,3.7,mid,9.6996,5000.0,1.0,1,0,0,0,0,0,936,370,187,93,33,17,0,4,4,11,11,94
2000,1011,1011,3010,17887767922,17887967822,1789906974147,2026-09-20 20:22:54.147,2026-09-21 08:15:42.753,42768.606,712.8101,1.0,low,9.6994,5000.0,1.0,0,0,0,0,0,0,936,370,187,93,33,17,1,5,5,12,12,95
2000,1012,1012,3011,17887768022,17887967922,1789906985687,2026-09-20 20:23:05.687,2026-09-21 08:15:52.611,42766.924,712.782067,1.0,low,9.6993,5000.0,1.0,0,0,0,0,0,0,936,370,187,93,33,17,2,6,6,13,13,96
2000,1013,1013,3012,17887768122,17887968022,1789907000590,2026-09-20 20:23:20.590,2026-09-21 08:16:02.895,42762.305,712.705083,1.04,low,9.6991,5000.0,1.0,0,0,0,0,0,0,936,370,187,93,33,17,3,7,7,14,14,97
2000,1014,1014,3013,17887768222,17887968122,1789907013871,2026-09-20 20:23:33.871,2026-09-21 08:16:16.728,42762.857,712.714283,1.37,low,9.6991,5000.0,1.0,0,0,0,0,0,0,936,370,187,93,33,17,4,8,8,15,15,98
2000,1015,1015,3014,17887768322,17887968222,1789907025687,2026-09-20 20:23:45.687,2026-09-21 08:16:34.848,42769.161,712.81935,1.99,low,9.6996,5000.0,1.0,0,0,0,0,0,0,936,370,187,93,33,17,5,9,9,16,16,99
2000,1016,1016,3015,17887768422,17887968322,1789907047220,2026-09-20 20:24:07.220,2026-09-21 08:16:54.723,42767.503,712.791717,2.23,mid,9.6994,5000.0,1.0,1,0,0,0,0,0,936,370,187,93,33,17,0,10,10,17,17,100
2000,1017,1017,3016,17887768522,17887968422,1789907065570,2026-09-20 20:24:25.570,2026-09-21 08:17:05.343,42759.773,712.662883,1.0,low,9.6989,5000.0,1.0,0,0,0,0,0,0,935,370,187,93,33,17,1,11,11,18,18,101
2000,1018,1018,3017,17887768622,17887968522,1789907079480,2026-09-20 20:24:39.480,2026-09-21 08:17:17.918,42758.438,712.640633,1.24,low,9.6988,5000.0,1.0,0,0,0,0,0,0,935,370,187,93,33,17,2,12,12,19,19,102
2000,1019,1019,3018,17887768722,17887968622,1789907103710,2026-09-20 20:25:03.710,2026-09-21 08:17:38.047,42754.337,712.572283,2.3,mid,9.6983,5000.0,1.0,1,0,0,0,0,0,935,370,187,93,33,17,0,13,13,20,20,103
2000,1020,1020,3019,17887768822,17887968722,1789907121316,2026-09-20 20:25:21.316,2026-09-21 08:18:00.587,42759.271,712.654517,3.02,mid,9.6989,5000.0,1.0,1,0,0,0,0,0,936,370,187,93,33,17,0,14,14,21,21,104
2000,1021,1021,3020,17887768922,17887968822,1789907147144,2026-09-20 20:25:47.144,2026-09-21 08:18:11.102,42743.958,712.3993,1.03,low,9.6975,5000.0,1.0,0,0,0,0,0,0,935,370,187,93,33,17,1,15,15,22,22,105
2000,1022,1022,3021,17887769022,17887968922,1789907178851,2026-09-20 20:26:18.851,2026-09-21 08:18:30.657,42731.806,712.196767,2.21,mid,9.6956,5000.0,1.0,1,0,0,0,0,0,935,369,187,93,33,17,0,16,16,23,23,106
2000,1023,1023,3022,17887769122,17887969022,1789907192467,2026-09-20 20:26:32.467,2026-09-21 08:18:57.602,42745.135,712.418917,4.0,mid,9.6969,5000.0,1.0,1,0,0,0,0,0,936,369,187,93,33,17,0,17,17,24,24,107
2000,1024,1024,3023,17887769222,17887969122,1789907238143,2026-09-20 20:27:18.143,2026-09-21 08:19:15.494,42717.351,711.95585,1.95,low,9.6883,5000.0,1.0,0,0,0,0,0,0,935,368,186,93,33,17,1,18,18,25,25,108
2000,1025,1025,3024,17887769322,17887969222,1789907248325,2026-09-20 20:27:28.325,2026-09-21 08:19:28.550,42720.225,712.00375,1.25,low,9.6884,5000.0,1.0,0,0,0,0,0,0,935,368,186,93,33,17,2,19,19,26,26,109
2000,1026,1026,3025,17887769422,17887969322,1789907264540,2026-09-20 20:27:44.540,2026-09-21 08:19:43.105,42718.565,711.976083,1.47,low,9.6883,5000.0,1.0,0,0,0,0,0,0,935,368,186,93,33,17,3,20,20,27,27,110
2000,1027,1027,3026,17887769522,17887969422,1789907276573,2026-09-20 20:27:56.573,2026-09-21 08:20:24.570,42747.997,712.466617,13.29,mid,9.6943,5000.0,1.0,1,1,1,0,0,0,936,369,187,93,33,17,0,0,0,28,28,111
2000,1028,1028,3027,17887769622,17887969522,1789907302260,2026-09-20 20:28:22.260,2026-09-21 08:20:55.184,42752.924,712.548733,5.76,mid,9.6954,5000.0,1.0,1,1,0,0,0,0,936,370,187,93,33,17,0,0,1,29,29,112
2000,1029,1029,3028,17887769722,17887969622,1789907320850,2026-09-20 20:28:40.850,2026-09-21 08:21:20.486,42759.636,712.6606,3.51,mid,9.6961,5000.0,1.0,1,0,0,0,0,0,936,370,187,93,33,17,0,1,2,30,30,113
2000,1030,1030,3029,17887769822,17887969722,1789907342953,2026-09-20 20:29:02.953,2026-09-21 08:21:39.093,42756.14,712.602333,2.03,mid,9.6958,5000.0,1.0,1,0,0,0,0,0,936,370,187,93,33,17,0,2,3,31,31,114
2000,1031,1031,3030,17887769922,17887969822,1789907357310,2026-09-20 20:29:17.310,2026-09-21 08:21:53.414,42756.104,712.601733,1.46,low,9.6958,5000.0,1.0,0,0,0,0,0,0,936,370,187,93,33,17,1,3,4,32,32,115
2000,1032,1032,3031,17887770022,17887969922,1789907382073,2026-09-20 20:29:42.073,2026-09-21 08:22:19.655,42757.582,712.626367,3.86,mid,9.696,5000.0,1.0,1,0,0,0,0,0,936,370,187,93,33,17,0,4,5,33,33,116
2000,1033,1033,3032,17887770122,17887970022,1789907396960,2026-09-20 20:29:56.960,2026-09-21 08:22:46.694,42769.734,712.8289,3.9,mid,9.6972,5000.0,1.0,1,0,0,0,0,0,937,370,187,93,33,17,0,5,6,34,34,117
2000,1034,1034,3033,17887770222,17887970122,1789907421623,2026-09-20 20:30:21.623,2026-09-21 08:22:57.011,42755.388,712.5898,1.03,low,9.6961,5000.0,1.0,0,0,0,0,0,0,936,370,187,93,33,17,1,6,7,35,35,118
2000,1035,1035,3034,17887770322,17887970222,1789907461563,2026-09-20 20:31:01.563,2026-09-21 08:23:13.549,42731.986,712.199767,1.78,low,9.691,5000.0,1.0,0,0,0,0,0,0,935,369,186,93,33,17,2,7,8,36,36,119
2000,1036,1036,3035,17887770422,17887970322,1789907513506,2026-09-20 20:31:53.506,2026-09-21 08:23:40.834,42707.328,711.7888,4.01,mid,9.6767,5000.0,1.0,1,0,0,0,0,0,935,368,185,92,33,17,0,8,9,37,37,120
2000,1037,1037,3036,17887770522,17887970422,1789907528172,2026-09-20 20:32:08.172,2026-09-21 08:23:50.984,42702.812,711.713533,1.07,low,9.6765,5000.0,1.0,0,0,0,0,0,0,935,368,185,92,33,17,1,9,10,38,38,121
2000,1038,1038,3037,17887770622,17887970522,1789907539563,2026-09-20 20:32:19.563,2026-09-21 08:24:17.246,42717.683,711.961383,3.72,mid,9.6778,5000.0,1.0,1,0,0,0,0,0,936,368,185,92,33,17,0,10,11,39,39,122
2000,1039,1039,3038,17887770722,17887970622,1789907571797,2026-09-20 20:32:51.797,2026-09-21 08:24:34.347,42702.55,711.709167,1.83,low,9.6756,5000.0,1.0,0,0,0,0,0,0,935,367,185,92,33,17,1,11,12,40,40,123
2000,1040,1040,3039,17887770822,17887970722,1789907583710,2026-09-20 20:33:03.710,2026-09-21 08:24:45.036,42701.326,711.688767,1.07,low,9.6756,5000.0,1.0,0,0,0,0,0,0,935,367,185,92,33,17,2,12,13,41,41,124
2000,1041,1041,3040,17887770922,17887970822,1789907606180,2026-09-20 20:33:26.180,2026-09-21 08:24:57.168,42690.988,711.516467,1.19,low,9.6747,5000.0,1.0,0,0,0,0,0,0,934,367,185,92,33,17,3,13,14,42,42,125
2000,1042,1042,3041,17887771022,17887970922,1789907623010,2026-09-20 20:33:43.010,2026-09-21 08:25:11.050,42688.04,711.467333,1.38,low,9.6746,5000.0,1.0,0,0,0,0,0,0,934,367,185,92,33,17,4,14,15,43,43,126
2000,1043,1043,3042,17887771122,17887971022,1789907633510,2026-09-20 20:33:53.510,2026-09-21 08:25:31.991,42698.481,711.64135,2.52,mid,9.6753,5000.0,1.0,1,0,0,0,0,0,935,367,185,92,33,17,0,15,16,44,44,127
2000,1044,1044,3043,17887771222,17887971122,1789907658910,2026-09-20 20:34:18.910,2026-09-21 08:26:12.293,42713.383,711.889717,12.01,mid,9.6795,5000.0,1.0,1,1,1,0,0,0,935,368,186,92,33,17,0,0,0,45,45,128
2000,1045,1045,3044,17887771322,17887971222,1789907670647,2026-09-20 20:34:30.647,2026-09-21 08:26:28.037,42717.39,711.9565,1.64,low,9.6797,5000.0,1.0,0,0,0,0,0,0,935,368,186,92,33,17,1,1,1,46,46,129
2000,1046,1046,3045,17887771422,17887971322,1789907691447,2026-09-20 20:34:51.447,2026-09-21 08:26:56.181,42724.734,712.0789,4.4,mid,9.6807,5000.0,1.0,1,0,0,0,0,0,935,368,186,92,33,17,0,2,2,47,47,130
2000,1047,1047,3046,17887771522,17887971422,1789907714440,2026-09-20 20:35:14.440,2026-09-21 08:27:13.558,42719.118,711.9853,1.85,low,9.6802,5000.0,1.0,0,0,0,0,0,0,934,368,186,92,33,17,1,3,3,48,48,131
2000,1048,1048,3047,17887771622,17887971522,1789907732003,2026-09-20 20:35:32.003,2026-09-21 08:27:23.774,42711.771,711.86285,1.0,low,9.6797,5000.0,1.0,0,0,0,0,0,0,934,368,186,92,33,17,2,4,4,49,49,132
2000,1049,1049,3048,17887771722,17887971622,1789907757773,2026-09-20 20:35:57.773,2026-09-21 08:27:41.908,42704.135,711.735583,2.02,mid,9.6789,5000.0,1.0,1,0,0,0,0,0,934,368,186,92,33,17,0,5,5,50,50,133
2000,1050,1050,3049,17887771822,17887971722,1789907772727,2026-09-20 20:36:12.727,2026-09-21 08:28:03.493,42710.766,711.8461,2.5,mid,9.6794,5000.0,1.0,1,0,0,0,0,0,935,368,186,92,33,17,0,6,6,51,51,134
2000,1051,1051,3050,17887771922,17887971822,1789907803250,2026-09-20 20:36:43.250,2026-09-21 08:28:28.636,42705.386,711.756433,3.6,mid,9.6785,5000.0,1.0,1,0,0,0,0,0,935,367,186,92,33,17,0,7,7,52,52,135
2000,1052,1052,3051,17887772022,17887971922,1789907813350,2026-09-20 20:36:53.350,2026-09-21 08:28:38.638,42705.288,711.7548,1.0,low,9.6785,5000.0,1.0,0,0,0,0,0,0,935,367,186,92,33,17,1,8,8,53,53,136
2000,1053,1053,3052,17887772122,17887972022,1789907836030,2026-09-20 20:37:16.030,2026-09-21 08:29:09.880,42713.85,711.8975,5.69,mid,9.6799,5000.0,1.0,1,1,0,0,0,0,935,368,186,92,33,17,0,0,9,54,54,137
2000,1054,1054,3053,17887772222,17887972122,1789907852490,2026-09-20 20:37:32.490,2026-09-21 08:29:24.158,42711.668,711.861133,1.47,low,9.6798,5000.0,1.0,0,0,0,0,0,0,935,368,186,92,33,17,1,1,10,55,55,138
2000,1055,1055,3054,17887772322,17887972222,1789907866973,2026-09-20 20:37:46.973,2026-09-21 08:29:49.841,42722.868,712.0478,3.51,mid,9.6808,5000.0,1.0,1,0,0,0,0,0,936,368,186,92,33,17,0,2,11,56,56,139
2000,1056,1056,3055,17887772422,17887972322,1789907891630,2026-09-20 20:38:11.630,2026-09-21 08:30:06.156,42714.526,711.908767,1.29,low,9.6798,5000.0,1.0,0,0,0,0,0,0,935,368,186,92,33,17,1,3,12,57,57,140
2000,1057,1057,3056,17887772522,17887972422,1789907901743,2026-09-20 20:38:21.743,2026-09-21 08:31:05.724,42763.981,712.733017,59.38,high,9.7089,5000.0,1.0,1,1,1,1,1,0,936,369,187,93,34,17,0,0,0,0,0,141
2000,1058,1058,3057,17887772622,17887972522,1789907919193,2026-09-20 20:38:39.193,2026-09-21 08:31:34.232,42775.039,712.917317,4.71,mid,9.7104,5000.0,1.0,1,0,0,0,0,0,937,369,187,93,34,17,0,1,1,1,1,142
2000,1059,1059,3058,17887772722,17887972622,1789907929683,2026-09-20 20:38:49.683,2026-09-21 08:32:12.794,42803.111,713.385183,11.03,mid,9.7154,5000.0,1.0,1,1,1,0,0,0,938,370,188,93,34,17,0,0,0,2,2,143
2000,1060,1060,3059,17887772822,17887972722,1789907961863,2026-09-20 20:39:21.863,2026-09-21 08:32:23.041,42781.178,713.019633,1.0,low,9.7127,5000.0,1.0,0,0,0,0,0,0,937,369,188,93,34,17,1,1,1,3,3,144
2000,1061,1061,3060,17887772922,17887972822,1789907972710,2026-09-20 20:39:32.710,2026-09-21 08:32:36.636,42783.926,713.065433,1.34,low,9.7129,5000.0,1.0,0,0,0,0,0,0,937,369,188,93,34,17,2,2,2,4,4,145
2000,1062,1062,3061,17887773022,17887972922,1789907992563,2026-09-20 20:39:52.563,2026-09-21 08:33:11.701,42799.138,713.318967,8.03,mid,9.7157,5000.0,1.0,1,1,0,0,0,0,937,370,188,93,34,17,0,0,3,5,5,146
2000,1063,1063,3062,17887773122,17887973022,1789908003647,2026-09-20 20:40:03.647,2026-09-21 08:33:35.219,42811.572,713.5262,3.14,mid,9.7168,5000.0,1.0,1,0,0,0,0,0,938,370,188,93,34,17,0,1,4,6,6,147
2000,1064,1064,3063,17887773222,17887973122,1789908025050,2026-09-20 20:40:25.050,2026-09-21 08:34:01.515,42816.465,713.60775,3.78,mid,9.7174,5000.0,1.0,1,0,0,0,0,0,938,370,188,93,34,17,0,2,5,7,7,148
2000,1065,1065,3064,17887773322,17887973222,1789908058737,2026-09-20 20:40:58.737,2026-09-21 08:34:13.371,42794.634,713.2439,1.15,low,9.7144,5000.0,1.0,0,0,0,0,0,0,937,369,188,93,34,17,1,3,6,8,8,149
2000,1066,1066,3065,17887773422,17887973322,1789908068833,2026-09-20 20:41:08.833,2026-09-21 08:34:26.341,42797.508,713.2918,1.24,low,9.7145,5000.0,1.0,0,0,0,0,0,0,937,369,188,93,34,17,2,4,7,9,9,150
2000,1067,1067,3066,17887773522,17887973422,1789908079887,2026-09-20 20:41:19.887,2026-09-21 08:34:58.533,42818.646,713.6441,6.7,mid,9.7173,5000.0,1.0,1,1,0,0,0,0,938,370,188,93,34,17,0,0,8,10,10,151
2000,1068,1068,3067,17887773622,17887973522,1789908110800,2026-09-20 20:41:50.800,2026-09-21 08:35:12.478,42801.678,713.3613,1.37,low,9.7152,5000.0,1.0,0,0,0,0,0,0,937,369,188,93,34,17,1,1,9,11,11,152
2000,1069,1069,3068,17887773722,17887973622,1789908124193,2026-09-20 20:42:04.193,2026-09-21 08:35:36.568,42812.375,713.539583,3.2,mid,9.7161,5000.0,1.0,1,0,0,0,0,0,938,369,188,93,34,17,0,2,10,12,12,153
2000,1070,1070,3069,17887773822,17887973722,1789908136977,2026-09-20 20:42:16.977,2026-09-21 08:35:56.607,42819.63,713.6605,2.27,mid,9.7166,5000.0,1.0,1,0,0,0,0,0,939,369,188,93,34,17,0,3,11,13,13,154
2000,1071,1071,3070,17887773922,17887973822,1789908148016,2026-09-20 20:42:28.016,2026-09-21 08:36:11.398,42823.382,713.723033,1.53,low,9.7168,5000.0,1.0,0,0,0,0,0,0,939,369,188,93,34,17,1,4,12,14,14,155
2000,1072,1072,3071,17887774022,17887973922,1789908170162,2026-09-20 20:42:50.162,2026-09-21 08:36:25.431,42815.269,713.587817,1.41,low,9.7162,5000.0,1.0,0,0,0,0,0,0,938,369,188,93,34,17,2,5,13,15,15,156
2000,1073,1073,3072,17887774122,17887974022,1789908194027,2026-09-20 20:43:14.027,2026-09-21 08:36:43.440,42809.413,713.490217,1.88,low,9.7155,5000.0,1.0,0,0,0,0,0,0,937,369,188,93,34,17,3,6,14,16,16,157
2000,1074,1074,3073,17887774222,17887974122,1789908227630,2026-09-20 20:43:47.630,2026-09-21 08:36:53.051,42785.421,713.09035,1.0,low,9.7125,5000.0,1.0,0,0,0,0,0,0,936,368,188,93,34,17,4,7,15,17,17,158
2000,1075,1075,3074,17887774322,17887974222,1789908243687,2026-09-20 20:44:03.687,2026-09-21 08:37:06.560,42782.873,713.047883,1.29,low,9.7123,5000.0,1.0,0,0,0,0,0,0,936,368,188,93,34,17,5,8,16,18,18,159
2000,1076,1076,3075,17887774422,17887974322,1789908259150,2026-09-20 20:44:19.150,2026-09-21 08:37:28.601,42789.451,713.157517,2.68,mid,9.7129,5000.0,1.0,1,0,0,0,0,0,937,368,188,93,34,17,0,9,17,19,19,160
2000,1077,1077,3076,17887774522,17887974422,1789908279143,2026-09-20 20:44:39.143,2026-09-21 08:37:39.059,42779.916,712.9986,1.06,low,9.7123,5000.0,1.0,0,0,0,0,0,0,936,368,188,93,34,17,1,10,18,20,20,161
2000,1078,1078,3077,17887774622,17887974522,1789908290953,2026-09-20 20:44:50.953,2026-09-21 08:38:23.644,42812.691,713.54485,18.08,mid,9.7207,5000.0,1.0,1,1,1,0,0,0,937,369,189,93,34,17,0,0,0,21,21,162
2000,1079,1079,3078,17887774722,17887974622,1789908318860,2026-09-20 20:45:18.860,2026-09-21 08:38:35.028,42796.168,713.269467,1.09,low,9.7191,5000.0,1.0,0,0,0,0,0,0,936,369,189,93,34,17,1,1,1,22,22,163
2000,1080,1080,3079,17887774822,17887974722,1789908334787,2026-09-20 20:45:34.787,2026-09-21 08:38:56.127,42801.34,713.355667,2.51,mid,9.7195,5000.0,1.0,1,0,0,0,0,0,937,369,189,93,34,17,0,2,2,23,23,164
2000,1081,1081,3080,17887774922,17887974822,1789908348350,2026-09-20 20:45:48.350,2026-09-21 08:39:42.355,42834.005,713.900083,20.25,mid,9.729,5000.0,1.0,1,1,1,1,0,0,938,370,190,94,34,17,0,0,0,0,24,165
2000,1082,1082,3081,17887775022,17887974922,1789908363103,2026-09-20 20:46:03.103,2026-09-21 08:40:04.157,42841.054,714.017567,2.66,mid,9.7295,5000.0,1.0,1,0,0,0,0,0,939,370,190,94,34,17,0,1,1,1,25,166
2000,1083,1083,3082,17887775122,17887975022,1789908390070,2026-09-20 20:46:30.070,2026-09-21 08:40:29.812,42839.742,713.9957,3.65,mid,9.7293,5000.0,1.0,1,0,0,0,0,0,939,370,190,94,34,17,0,2,2,2,26,167
2000,1084,1084,3083,17887775222,17887975122,1789908410410,2026-09-20 20:46:50.410,2026-09-21 08:41:19.348,42868.938,714.4823,26.87,high,9.7416,5000.0,1.0,1,1,1,1,0,0,939,371,191,95,34,17,0,0,0,0,27,168
2000,1085,1085,3084,17887775322,17887975222,1789908425790,2026-09-20 20:47:05.790,2026-09-21 08:41:38.948,42873.158,714.552633,2.12,mid,9.7419,5000.0,1.0,1,0,0,0,0,0,940,371,191,95,34,17,0,1,1,1,28,169
2000,1086,1086,3085,17887775422,17887975322,1789908449943,2026-09-20 20:47:29.943,2026-09-21 08:41:53.395,42863.452,714.390867,1.5,low,9.741,5000.0,1.0,0,0,0,0,0,0,939,371,191,95,34,17,1,2,2,2,29,170
2000,1087,1087,3086,17887775522,17887975422,1789908462070,2026-09-20 20:47:42.070,2026-09-21 08:42:10.009,42867.939,714.46565,1.74,low,9.7413,5000.0,1.0,0,0,0,0,0,0,939,371,191,95,34,17,2,3,3,3,30,171
2000,1088,1088,3087,17887775622,17887975522,1789908476100,2026-09-20 20:47:56.100,2026-09-21 08:42:55.355,42899.255,714.987583,18.96,mid,9.7501,5000.0,1.0,1,1,1,0,0,0,940,372,192,95,34,17,0,0,0,4,31,172
2000,1089,1089,3088,17887775722,17887975622,1789908516220,2026-09-20 20:48:36.220,2026-09-21 08:43:14.229,42878.009,714.633483,2.08,mid,9.745,5000.0,1.0,1,0,0,0,0,0,940,371,191,95,34,17,0,1,1,5,32,173
2000,1090,1090,3089,17887775822,17887975722,1789908568500,2026-09-20 20:49:28.500,2026-09-21 08:43:44.034,42855.534,714.2589,5.22,mid,9.7309,5000.0,1.0,1,1,0,0,0,0,940,371,190,94,34,17,0,0,2,6,33,174
2000,1091,1091,3090,17887775922,17887975822,1789908602177,2026-09-20 20:50:02.177,2026-09-21 08:44:09.263,42847.086,714.1181,3.4,mid,9.7291,5000.0,1.0,1,0,0,0,0,0,940,370,190,94,34,17,0,1,3,7,34,175
2000,1092,1092,3091,17887776022,17887975922,1789908617390,2026-09-20 20:50:17.390,2026-09-21 08:44:22.987,42845.597,714.093283,1.38,low,9.729,5000.0,1.0,0,0,0,0,0,0,940,370,190,94,34,17,1,2,4,8,35,176
2000,1093,1093,3092,17887776122,17887976022,1789908667170,2026-09-20 20:51:07.170,2026-09-21 08:44:39.444,42812.274,713.5379,1.7,low,9.7163,5000.0,1.0,0,0,0,0,0,0,939,369,189,93,34,17,2,3,5,9,36,177
2000,1094,1094,3093,17887776222,17887976122,1789908678420,2026-09-20 20:51:18.420,2026-09-21 08:44:51.192,42812.772,713.5462,1.15,low,9.7163,5000.0,1.0,0,0,0,0,0,0,939,369,189,93,34,17,3,4,6,10,37,178
2000,1095,1095,3094,17887776322,17887976222,1789908689043,2026-09-20 20:51:29.043,2026-09-21 08:45:06.626,42817.583,713.626383,1.57,low,9.7166,5000.0,1.0,0,0,0,0,0,0,939,369,189,93,34,17,4,5,7,11,38,179
2000,1096,1096,3095,17887776422,17887976322,1789908700210,2026-09-20 20:51:40.210,2026-09-21 08:45:19.393,42819.183,713.65305,1.25,low,9.7166,5000.0,1.0,0,0,0,0,0,0,939,369,189,93,34,17,5,6,8,12,39,180
2000,1097,1097,3096,17887776522,17887976422,1789908712707,2026-09-20 20:51:52.707,2026-09-21 08:45:30.403,42817.696,713.628267,1.1,low,9.7166,5000.0,1.0,0,0,0,0,0,0,939,369,189,93,34,17,6,7,9,13,40,181
2000,1098,1098,3097,17887776622,17887976522,1789908725413,2026-09-20 20:52:05.413,2026-09-21 08:45:44.608,42819.195,713.65325,1.37,low,9.7166,5000.0,1.0,0,0,0,0,0,0,939,369,189,93,34,17,7,8,10,14,41,182
2000,1099,1099,3098,17887776722,17887976622,1789908745060,2026-09-20 20:52:25.060,2026-09-21 08:45:57.792,42812.732,713.545533,1.29,low,9.7162,5000.0,1.0,0,0,0,0,0,0,938,369,189,93,34,17,8,9,11,15,42,183
2000,1100,1100,3099,17887776822,17887976722,1789908764330,2026-09-20 20:52:44.330,2026-09-21 08:46:26.943,42822.613,713.710217,5.12,mid,9.7177,5000.0,1.0,1,1,0,0,0,0,938,370,189,93,34,17,0,0,12,16,43,184
2000,1101,1101,3100,17887776922,17887976822,1789908778833,2026-09-20 20:52:58.833,2026-09-21 08:46:38.302,42819.469,713.657817,1.12,low,9.7175,5000.0,1.0,0,0,0,0,0,0,938,370,189,93,34,17,1,1,13,17,44,185
2000,1102,1102,3101,17887777022,17887976922,1789908803097,2026-09-20 20:53:23.097,2026-09-21 08:47:13.235,42830.138,713.835633,7.84,mid,9.7198,5000.0,1.0,1,1,0,0,0,0,938,371,189,93,34,17,0,0,14,18,45,186
2000,1103,1103,3102,17887777122,17887977022,1789908822113,2026-09-20 20:53:42.113,2026-09-21 08:47:48.616,42846.503,714.108383,8.36,mid,9.7231,5000.0,1.0,1,1,0,0,0,0,939,372,189,93,34,17,0,0,15,19,46,187
2000,1104,1104,3103,17887777222,17887977122,1789908844357,2026-09-20 20:54:04.357,2026-09-21 08:48:08.296,42843.939,714.06565,2.26,mid,9.7233,5000.0,1.0,1,0,0,0,0,0,940,372,189,93,34,17,0,1,16,20,47,188
2000,1105,1105,3104,17887777322,17887977222,1789908863427,2026-09-20 20:54:23.427,2026-09-21 08:48:18.965,42835.538,713.925633,1.03,low,9.7227,5000.0,1.0,0,0,0,0,0,0,939,372,189,93,34,17,1,2,17,21,48,189
2000,1106,1106,3105,17887777422,17887977322,1789908874483,2026-09-20 20:54:34.483,2026-09-21 08:48:32.878,42838.395,713.97325,1.39,low,9.7229,5000.0,1.0,0,0,0,0,0,0,939,372,189,93,34,17,2,3,18,22,49,190
2000,1107,1107,3106,17887777522,17887977422,1789908914470,2026-09-20 20:55:14.470,2026-09-21 08:48:55.092,42820.622,713.677033,2.8,mid,9.7183,5000.0,1.0,1,0,0,0,0,0,939,371,188,93,34,17,0,4,19,23,50,191
2000,1108,1108,3107,17887777622,17887977522,1789908925640,2026-09-20 20:55:25.640,2026-09-21 08:49:09.088,42823.448,713.724133,1.4,low,9.7184,5000.0,1.0,0,0,0,0,0,0,939,371,188,93,34,17,1,5,20,24,51,192
2000,1109,1109,3108,17887777722,17887977622,1789908938223,2026-09-20 20:55:38.223,2026-09-21 08:49:22.736,42824.513,713.741883,1.35,low,9.7185,5000.0,1.0,0,0,0,0,0,0,939,371,188,93,34,17,2,6,21,25,52,193
2000,1110,1110,3109,17887777822,17887977722,1789908958713,2026-09-20 20:55:58.713,2026-09-21 08:49:41.236,42822.523,713.708717,2.02,mid,9.7183,5000.0,1.0,1,0,0,0,0,0,939,371,188,93,34,17,0,7,22,26,53,194
2000,1111,1111,3110,17887777922,17887977822,1789909007100,2026-09-20 20:56:47.100,2026-09-21 08:50:10.341,42803.241,713.38735,4.65,mid,9.7086,5000.0,1.0,1,0,0,0,0,0,939,370,187,92,34,17,0,8,23,27,54,195
2000,1112,1112,3111,17887778022,17887977922,1789909023387,2026-09-20 20:57:03.387,2026-09-21 08:50:20.394,42797.007,713.28345,1.02,low,9.7082,5000.0,1.0,0,0,0,0,0,0,939,370,187,92,34,17,1,9,24,28,55,196
2000,1113,1113,3112,17887778122,17887978022,1789909034783,2026-09-20 20:57:14.783,2026-09-21 08:50:58.603,42823.82,713.730333,9.92,mid,9.7126,5000.0,1.0,1,1,0,0,0,0,940,371,187,92,34,17,0,0,25,29,56,197
2000,1114,1114,3113,17887778222,17887978122,1789909047860,2026-09-20 20:57:27.860,2026-09-21 08:51:39.031,42851.171,714.186183,13.01,mid,9.7185,5000.0,1.0,1,1,1,0,0,0,941,372,188,92,34,17,0,0,0,30,57,198
2000,1115,1115,3114,17887778322,17887978222,1789909064420,2026-09-20 20:57:44.420,2026-09-21 08:52:01.760,42857.34,714.289,2.84,mid,9.7191,5000.0,1.0,1,0,0,0,0,0,942,372,188,92,34,17,0,1,1,31,58,199
2000,1116,1116,3115,17887778422,17887978322,1789909076953,2026-09-20 20:57:56.953,2026-09-21 08:52:15.117,42858.164,714.302733,1.36,low,9.7191,5000.0,1.0,0,0,0,0,0,0,942,372,188,92,34,17,1,2,2,32,59,200
2000,1117,1117,3116,17887778522,17887978422,1789909087043,2026-09-20 20:58:07.043,2026-09-21 08:52:37.225,42870.182,714.503033,2.69,mid,9.72,5000.0,1.0,1,0,0,0,0,0,943,372,188,92,34,17,0,3,3,33,60,201
2000,1118,1118,3117,17887778622,17887978522,1789909103587,2026-09-20 20:58:23.587,2026-09-21 08:52:47.788,42864.201,714.40335,1.0,low,9.7196,5000.0,1.0,0,0,0,0,0,0,943,372,188,92,34,17,1,4,4,34,61,202
2000,1119,1119,3118,17887778722,17887978622,1789909131167,2026-09-20 20:58:51.167,2026-09-21 08:53:43.836,42892.669,714.877817,46.99,high,9.741,5000.0,1.0,1,1,1,1,0,0,943,373,189,93,34,17,0,0,0,0,62,203
2000,1120,1120,3119,17887778822,17887978722,1789909144973,2026-09-20 20:59:04.973,2026-09-21 08:53:58.789,42893.816,714.896933,1.48,low,9.741,5000.0,1.0,0,0,0,0,0,0,943,373,189,93,34,17,1,1,1,1,63,204
2000,1121,1121,3120,17887778922,17887978822,1789909188763,2026-09-20 20:59:48.763,2026-09-21 08:54:10.855,42862.092,714.3682,1.21,low,9.7334,5000.0,1.0,0,0,0,0,0,0,942,372,188,93,34,17,2,2,2,2,64,205
2000,1122,1122,3121,17887779022,17887978922,1789909206320,2026-09-20 21:00:06.320,2026-09-21 08:54:24.821,42858.501,714.30835,1.36,low,9.7331,5000.0,1.0,0,0,0,0,0,0,942,372,188,93,34,17,3,3,3,3,65,206
2000,1123,1123,3122,17887779122,17887979022,1789909217907,2026-09-20 21:00:17.907,2026-09-21 08:54:41.203,42863.296,714.388267,1.73,low,9.7334,5000.0,1.0,0,0,0,0,0,0,942,372,188,93,34,17,4,4,4,4,66,207
2000,1124,1124,3123,17887779222,17887979122,1789909233060,2026-09-20 21:00:33.060,2026-09-21 08:54:54.693,42861.633,714.36055,1.29,low,9.7333,5000.0,1.0,0,0,0,0,0,0,942,372,188,93,34,17,5,5,5,5,67,208
2000,1125,1125,3124,17887779322,17887979222,1789909243147,2026-09-20 21:00:43.147,2026-09-21 08:55:06.842,42863.695,714.394917,1.23,low,9.7334,5000.0,1.0,0,0,0,0,0,0,942,372,188,93,34,17,6,6,6,6,68,209
2000,1126,1126,3125,17887779422,17887979322,1789909269080,2026-09-20 21:01:09.080,2026-09-21 08:55:42.759,42873.679,714.561317,8.64,mid,9.7358,5000.0,1.0,1,1,0,0,0,0,942,373,188,93,34,17,0,0,7,7,69,210
2000,1127,1127,3126,17887779522,17887979422,1789909283053,2026-09-20 21:01:23.053,2026-09-21 08:55:53.023,42869.97,714.4995,1.03,low,9.7357,5000.0,1.0,0,0,0,0,0,0,942,373,188,93,34,17,1,1,8,8,70,211
2000,1128,1128,3127,17887779622,17887979522,1789909326687,2026-09-20 21:02:06.687,2026-09-21 08:56:21.549,42854.862,714.2477,4.61,mid,9.7298,5000.0,1.0,1,0,0,0,0,0,942,372,187,93,34,17,0,2,9,9,71,212
2000,1129,1129,3128,17887779722,17887979622,1789909352743,2026-09-20 21:02:32.743,2026-09-21 08:56:39.862,42847.119,714.11865,2.01,mid,9.7289,5000.0,1.0,1,0,0,0,0,0,942,372,187,93,34,17,0,3,10,10,72,213
2000,1130,1130,3129,17887779822,17887979722,1789909362847,2026-09-20 21:02:42.847,2026-09-21 08:57:09.507,42866.66,714.444333,4.85,mid,9.7309,5000.0,1.0,1,0,0,0,0,0,943,372,187,93,34,17,0,4,11,11,73,214
2000,1131,1131,3130,17887779922,17887979822,1789909404260,2026-09-20 21:03:24.260,2026-09-21 08:57:23.922,42839.662,713.994367,1.45,low,9.7248,5000.0,1.0,0,0,0,0,0,0,942,371,186,93,34,17,1,5,12,12,74,215
2000,1132,1132,3131,17887780022,17887979922,1789909414373,2026-09-20 21:03:34.373,2026-09-21 08:57:54.223,42859.85,714.330833,5.49,mid,9.7271,5000.0,1.0,1,1,0,0,0,0,943,372,186,93,34,17,0,0,13,13,75,216
2000,1133,1133,3132,17887780122,17887980022,1789909424967,2026-09-20 21:03:44.967,2026-09-21 08:58:25.485,42880.518,714.6753,5.74,mid,9.7294,5000.0,1.0,1,1,0,0,0,0,944,373,186,93,34,17,0,0,14,14,76,217
2000,1134,1134,3133,17887780222,17887980122,1789909481017,2026-09-20 21:04:41.017,2026-09-21 08:58:41.875,42840.858,714.0143,1.76,low,9.7075,5000.0,1.0,0,0,0,0,0,0,943,372,185,92,34,17,1,1,15,15,77,218
2000,1135,1135,3134,17887780322,17887980222,1789909538723,2026-09-20 21:05:38.723,2026-09-21 08:59:14.201,42815.478,713.5913,6.42,mid,9.6846,5000.0,1.0,1,1,0,0,0,0,943,372,184,91,33,17,0,0,16,16,78,219
2000,1136,1136,3135,17887780422,17887980322,1789909552119,2026-09-20 21:05:52.119,2026-09-21 08:59:35.603,42823.484,713.724733,2.5,mid,9.6852,5000.0,1.0,1,0,0,0,0,0,944,372,184,91,33,17,0,1,17,17,79,220
2000,1137,1137,3136,17887780522,17887980422,1789909562170,2026-09-20 21:06:02.170,2026-09-21 09:00:17.182,42855.012,714.2502,13.81,mid,9.6916,5000.0,1.0,1,1,1,0,0,0,945,373,185,91,33,17,0,0,0,18,80,221
2000,1138,1138,3137,17887780622,17887980522,1789909586273,2026-09-20 21:06:26.273,2026-09-21 09:00:32.065,42845.792,714.096533,1.48,low,9.6907,5000.0,1.0,0,0,0,0,0,0,944,373,185,91,33,17,1,1,1,19,81,222
2000,1139,1139,3138,17887780722,17887980622,1789909603137,2026-09-20 21:06:43.137,2026-09-21 09:00:58.096,42854.959,714.249317,3.7,mid,9.6917,5000.0,1.0,1,0,0,0,0,0,945,373,185,91,33,17,0,2,2,20,82,223
2000,1140,1140,3139,17887780822,17887980722,1789909629423,2026-09-20 21:07:09.423,2026-09-21 09:01:15.266,42845.843,714.097383,1.88,low,9.6907,5000.0,1.0,0,0,0,0,0,0,944,373,185,91,33,17,1,3,3,21,83,224
2000,1141,1141,3140,17887780922,17887980822,1789909644303,2026-09-20 21:07:24.303,2026-09-21 09:01:26.614,42842.311,714.038517,1.14,low,9.6905,5000.0,1.0,0,0,0,0,0,0,944,373,185,91,33,17,2,4,4,22,84,225
2000,1142,1142,3141,17887781022,17887980922,1789909661920,2026-09-20 21:07:41.920,2026-09-21 09:01:41.995,42840.075,714.00125,1.49,low,9.6903,5000.0,1.0,0,0,0,0,0,0,944,373,185,91,33,17,3,5,5,23,85,226
2000,1143,1143,3142,17887781122,17887981022,1789909679807,2026-09-20 21:07:59.807,2026-09-21 09:01:53.496,42833.689,713.894817,1.14,low,9.6899,5000.0,1.0,0,0,0,0,0,0,944,373,185,91,33,17,4,6,6,24,86,227
2000,1144,1144,3143,17887781222,17887981122,1789909696980,2026-09-20 21:08:16.980,2026-09-21 09:02:28.433,42851.453,714.190883,7.88,mid,9.6929,5000.0,1.0,1,1,0,0,0,0,945,374,185,91,33,17,0,0,7,25,87,228
2000,1145,1145,3144,17887781322,17887981222,1789909716910,2026-09-20 21:08:36.910,2026-09-21 09:02:51.160,42854.25,714.2375,3.0,mid,9.6933,5000.0,1.0,1,0,0,0,0,0,945,374,185,91,33,17,0,1,8,26,88,229
2000,1146,1146,3145,17887781422,17887981322,1789909735757,2026-09-20 21:08:55.757,2026-09-21 09:03:01.516,42845.759,714.095983,1.0,low,9.6928,5000.0,1.0,0,0,0,0,0,0,944,374,185,91,33,17,1,2,9,27,89,230
2000,1147,1147,3146,17887781522,17887981422,1789909745853,2026-09-20 21:09:05.853,2026-09-21 09:03:12.363,42846.51,714.1085,1.07,low,9.6928,5000.0,1.0,0,0,0,0,0,0,944,374,185,91,33,17,2,3,10,28,90,231
2000,1148,1148,3147,17887781622,17887981522,1789909765650,2026-09-20 21:09:25.650,2026-09-21 09:03:24.215,42838.565,713.976083,1.19,low,9.6923,5000.0,1.0,0,0,0,0,0,0,943,374,185,91,33,17,3,4,11,29,91,232
2000,1149,1149,3148,17887781722,17887981622,1789909793433,2026-09-20 21:09:53.433,2026-09-21 09:03:54.357,42840.924,714.0154,5.21,mid,9.6927,5000.0,1.0,1,1,0,0,0,0,943,375,185,91,33,17,0,0,12,30,92,233
2000,1150,1150,3149,17887781822,17887981722,1789909807170,2026-09-20 21:10:07.170,2026-09-21 09:04:11.009,42843.839,714.063983,1.73,low,9.6929,5000.0,1.0,0,0,0,0,0,0,943,375,185,91,33,17,1,1,13,31,93,234
2000,1151,1151,3150,17887781922,17887981822,1789909818310,2026-09-20 21:10:18.310,2026-09-21 09:04:23.634,42845.324,714.088733,1.23,low,9.6929,5000.0,1.0,0,0,0,0,0,0,943,375,185,91,33,17,2,2,14,32,94,235
2000,1152,1152,3151,17887782022,17887981922,1789909832057,2026-09-20 21:10:32.057,2026-09-21 09:04:33.948,42841.891,714.031517,1.0,low,9.6928,5000.0,1.0,0,0,0,0,0,0,943,375,185,91,33,17,3,3,15,33,95,236
2000,1153,1153,3152,17887782122,17887982022,1789909848963,2026-09-20 21:10:48.963,2026-09-21 09:04:55.187,42846.224,714.103733,2.61,mid,9.6932,5000.0,1.0,1,0,0,0,0,0,944,375,185,91,33,17,0,4,16,34,96,237
2000,1154,1154,3153,17887782222,17887982122,1789909864780,2026-09-20 21:11:04.780,2026-09-21 09:05:14.791,42850.011,714.16685,2.28,mid,9.6935,5000.0,1.0,1,0,0,0,0,0,945,375,185,91,33,17,0,5,17,35,97,238
2000,1155,1155,3154,17887782322,17887982222,1789909874893,2026-09-20 21:11:14.893,2026-09-21 09:05:30.729,42855.836,714.263933,1.62,low,9.6938,5000.0,1.0,0,0,0,0,0,0,945,375,185,91,33,17,1,6,18,36,98,239
2000,1156,1156,3155,17887782422,17887982322,1789909885007,2026-09-20 21:11:25.007,2026-09-21 09:05:47.073,42862.066,714.367767,1.65,low,9.6942,5000.0,1.0,0,0,0,0,0,0,945,375,185,91,33,17,2,7,19,37,99,240
2000,1157,1157,3156,17887782522,17887982422,1789909912680,2026-09-20 21:11:52.680,2026-09-21 09:05:57.152,42844.472,714.074533,1.0,low,9.6925,5000.0,1.0,0,0,0,0,0,0,944,375,185,91,33,17,3,8,20,38,100,241
2000,1158,1158,3157,17887782622,17887982522,1789909924440,2026-09-20 21:12:04.440,2026-09-21 09:06:14.642,42850.202,714.170033,1.91,low,9.6929,5000.0,1.0,0,0,0,0,0,0,944,375,185,91,33,17,4,9,21,39,101,242
2000,1159,1159,3158,17887782722,17887982622,1789909946473,2026-09-20 21:12:26.473,2026-09-21 09:06:26.818,42840.345,714.00575,1.16,low,9.6921,5000.0,1.0,0,0,0,0,0,0,943,375,185,91,33,17,5,10,22,40,102,243
2000,1160,1160,3159,17887782822,17887982722,1789909956560,2026-09-20 21:12:36.560,2026-09-21 09:07:16.375,42879.815,714.663583,26.58,high,9.7049,5000.0,1.0,1,1,1,1,0,0,944,376,186,92,33,17,0,0,0,0,103,244
2000,1161,1161,3160,17887782922,17887982822,1789909970510,2026-09-20 21:12:50.510,2026-09-21 09:07:31.289,42880.779,714.67965,1.51,low,9.7049,5000.0,1.0,0,0,0,0,0,0,944,376,186,92,33,17,1,1,1,1,104,245
2000,1162,1162,3161,17887783022,17887982922,1789909983710,2026-09-20 21:13:03.710,2026-09-21 09:07:43.575,42879.865,714.664417,1.2,low,9.7049,5000.0,1.0,0,0,0,0,0,0,944,376,186,92,33,17,2,2,2,2,105,246
2000,1163,1163,3162,17887783122,17887983022,1789910008343,2026-09-20 21:13:28.343,2026-09-21 09:07:54.593,42866.25,714.4375,1.02,low,9.7037,5000.0,1.0,0,0,0,0,0,0,943,376,186,92,33,17,3,3,3,3,106,247
2000,1164,1164,3163,17887783222,17887983122,1789910029347,2026-09-20 21:13:49.347,2026-09-21 09:08:11.043,42861.696,714.3616,1.69,low,9.7033,5000.0,1.0,0,0,0,0,0,0,942,376,186,92,33,17,4,4,4,4,107,248
2000,1165,1165,3164,17887783322,17887983222,1789910054707,2026-09-20 21:14:14.707,2026-09-21 09:08:27.890,42853.183,714.219717,1.8,low,9.7024,5000.0,1.0,0,0,0,0,0,0,941,376,186,92,33,17,5,5,5,5,108,249
2000,1166,1166,3165,17887783422,17887983322,1789910068857,2026-09-20 21:14:28.857,2026-09-21 09:08:44.313,42855.456,714.2576,1.67,low,9.7025,5000.0,1.0,0,0,0,0,0,0,941,376,186,92,33,17,6,6,6,6,109,250
2000,1167,1167,3166,17887783522,17887983422,1789910089847,2026-09-20 21:14:49.847,2026-09-21 09:08:56.323,42846.476,714.107933,1.19,low,9.7019,5000.0,1.0,0,0,0,0,0,0,940,376,186,92,33,17,7,7,7,7,110,251
2000,1168,1168,3167,17887783622,17887983522,1789910120514,2026-09-20 21:15:20.514,2026-09-21 09:09:06.388,42825.874,713.764567,1.0,low,9.6996,5000.0,1.0,0,0,0,0,0,0,939,375,186,92,33,17,8,8,8,8,111,252
2000,1169,1169,3168,17887783722,17887983622,1789910134587,2026-09-20 21:15:34.587,2026-09-21 09:09:21.332,42826.745,713.779083,1.51,low,9.6997,5000.0,1.0,0,0,0,0,0,0,939,375,186,92,33,17,9,9,9,9,112,253
2000,1170,1170,3169,17887783822,17887983722,1789910165043,2026-09-20 21:16:05.043,2026-09-21 09:09:34.043,42809.0,713.483333,1.25,low,9.6976,5000.0,1.0,0,0,0,0,0,0,938,374,186,92,33,17,10,10,10,10,113,254
2000,1171,1171,3170,17887783922,17887983822,1789910212170,2026-09-20 21:16:52.170,2026-09-21 09:09:47.121,42774.951,712.91585,1.26,low,9.6876,5000.0,1.0,0,0,0,0,0,0,937,373,185,91,33,17,11,11,11,11,114,255
2000,1172,1172,3171,17887784022,17887983922,1789910222247,2026-09-20 21:17:02.247,2026-09-21 09:10:01.549,42779.302,712.988367,1.52,low,9.6879,5000.0,1.0,0,0,0,0,0,0,937,373,185,91,33,17,12,12,12,12,115,256
2000,1173,1173,3172,17887784122,17887984022,1789910234127,2026-09-20 21:17:14.127,2026-09-21 09:10:21.299,42787.172,713.119533,2.12,mid,9.6883,5000.0,1.0,1,0,0,0,0,0,938,373,185,91,33,17,0,13,13,13,116,257
2000,1174,1174,3173,17887784222,17887984122,1789910284950,2026-09-20 21:18:04.950,2026-09-21 09:10:32.886,42747.936,712.4656,1.22,low,9.6742,5000.0,1.0,0,0,0,0,0,0,937,372,184,90,33,17,1,14,14,14,117,258
2000,1175,1175,3174,17887784322,17887984222,1789910295473,2026-09-20 21:18:15.473,2026-09-21 09:10:45.532,42750.059,712.500983,1.22,low,9.6743,5000.0,1.0,0,0,0,0,0,0,937,372,184,90,33,17,2,15,15,15,118,259
2000,1176,1176,3175,17887784422,17887984322,1789910322953,2026-09-20 21:18:42.953,2026-09-21 09:10:58.990,42736.037,712.267283,1.33,low,9.6728,5000.0,1.0,0,0,0,0,0,0,936,372,184,90,33,17,3,16,16,16,119,260
2000,1177,1177,3176,17887784522,17887984422,1789910335493,2026-09-20 21:18:55.493,2026-09-21 09:11:35.033,42759.54,712.659,8.76,mid,9.6766,5000.0,1.0,1,1,0,0,0,0,937,373,184,90,33,17,0,0,17,17,120,261
2000,1178,1178,3177,17887784622,17887984522,1789910347480,2026-09-20 21:19:07.480,2026-09-21 09:11:57.486,42770.006,712.833433,2.66,mid,9.6773,5000.0,1.0,1,0,0,0,0,0,938,373,184,90,33,17,0,1,18,18,121,262
2000,1179,1179,3178,17887784722,17887984622,1789910373800,2026-09-20 21:19:33.800,2026-09-21 09:12:07.215,42753.415,712.556917,1.0,low,9.6759,5000.0,1.0,0,0,0,0,0,0,937,373,184,90,33,17,1,2,19,19,122,263
2000,1180,1180,3179,17887784822,17887984722,1789910390403,2026-09-20 21:19:50.403,2026-09-21 09:12:29.508,42759.105,712.65175,2.85,mid,9.6764,5000.0,1.0,1,0,0,0,0,0,938,373,184,90,33,17,0,3,20,20,123,264
2000,1181,1181,3180,17887784922,17887984822,1789910403847,2026-09-20 21:20:03.847,2026-09-21 09:12:41.884,42758.037,712.63395,1.21,low,9.6764,5000.0,1.0,0,0,0,0,0,0,938,373,184,90,33,17,1,4,21,21,124,265
2000,1182,1182,3181,17887785022,17887984922,1789910416933,2026-09-20 21:20:16.933,2026-09-21 09:12:54.443,42757.51,712.625167,1.21,low,9.6764,5000.0,1.0,0,0,0,0,0,0,938,373,184,90,33,17,2,5,22,22,125,266
2000,1183,1183,3182,17887785122,17887985022,1789910435810,2026-09-20 21:20:35.810,2026-09-21 09:13:07.114,42751.304,712.521733,1.28,low,9.6759,5000.0,1.0,0,0,0,0,0,0,937,373,184,90,33,17,3,6,23,23,126,267
2000,1184,1184,3183,17887785222,17887985122,1789910447087,2026-09-20 21:20:47.087,2026-09-21 09:13:21.254,42754.167,712.56945,1.37,low,9.6761,5000.0,1.0,0,0,0,0,0,0,937,373,184,90,33,17,4,7,24,24,127,268
2000,1185,1185,3184,17887785322,17887985222,1789910463730,2026-09-20 21:21:03.730,2026-09-21 09:13:44.308,42760.578,712.6763,3.0,mid,9.6767,5000.0,1.0,1,0,0,0,0,0,938,373,184,90,33,17,0,8,25,25,128,269
2000,1186,1186,3185,17887785422,17887985322,1789910501837,2026-09-20 21:21:41.837,2026-09-21 09:14:06.192,42744.355,712.405917,2.7,mid,9.6729,5000.0,1.0,1,0,0,0,0,0,938,372,183,90,33,17,0,9,26,26,129,270
2000,1187,1187,3186,17887785522,17887985422,1789910517293,2026-09-20 21:21:57.293,2026-09-21 09:14:43.664,42766.371,712.77285,9.53,mid,9.6769,5000.0,1.0,1,1,0,0,0,0,939,373,183,90,33,17,0,0,27,27,130,271
2000,1188,1188,3187,17887785622,17887985522,1789910530770,2026-09-20 21:22:10.770,2026-09-21 09:14:55.842,42765.072,712.7512,1.18,low,9.6768,5000.0,1.0,0,0,0,0,0,0,939,373,183,90,33,17,1,1,28,28,131,272
2000,1189,1189,3188,17887785722,17887985622,1789910552050,2026-09-20 21:22:32.050,2026-09-21 09:15:07.190,42755.14,712.585667,1.13,low,9.6761,5000.0,1.0,0,0,0,0,0,0,938,373,183,90,33,17,2,2,29,29,132,273
2000,1190,1190,3189,17887785822,17887985722,1789910567643,2026-09-20 21:22:47.643,2026-09-21 09:15:35.430,42767.787,712.79645,4.71,mid,9.6777,5000.0,1.0,1,0,0,0,0,0,939,373,183,90,33,17,0,3,30,30,133,274
2000,1191,1191,3190,17887785922,17887985822,1789910616060,2026-09-20 21:23:36.060,2026-09-21 09:15:51.294,42735.234,712.2539,1.59,low,9.6664,5000.0,1.0,0,0,0,0,0,0,938,372,182,89,33,17,1,4,31,31,134,275
2000,1192,1192,3191,17887786022,17887985922,1789910631627,2026-09-20 21:23:51.627,2026-09-21 09:16:05.279,42733.652,712.227533,1.39,low,9.6663,5000.0,1.0,0,0,0,0,0,0,938,372,182,89,33,17,2,5,32,32,135,276
2000,1193,1193,3192,17887786122,17887986022,1789910651380,2026-09-20 21:24:11.380,2026-09-21 09:16:16.507,42725.127,712.08545,1.11,low,9.6657,5000.0,1.0,0,0,0,0,0,0,937,372,182,89,33,17,3,6,33,33,136,277
2000,1194,1194,3193,17887786222,17887986122,1789910679193,2026-09-20 21:24:39.193,2026-09-21 09:16:36.861,42717.668,711.961133,2.38,mid,9.6647,5000.0,1.0,1,0,0,0,0,0,937,372,182,89,33,17,0,7,34,34,137,278
2000,1195,1195,3194,17887786322,17887986222,1789910699657,2026-09-20 21:24:59.657,2026-09-21 09:17:25.172,42745.515,712.42525,23.28,mid,9.6754,5000.0,1.0,1,1,1,1,0,0,938,373,183,90,33,17,0,0,0,0,138,279
2000,1196,1196,3195,17887786422,17887986322,1789910720263,2026-09-20 21:25:20.263,2026-09-21 09:18:00.103,42759.84,712.664,7.87,mid,9.6781,5000.0,1.0,1,1,0,0,0,0,938,374,183,90,33,17,0,0,1,1,139,280
2000,1197,1197,3196,17887786522,17887986422,1789910737427,2026-09-20 21:25:37.427,2026-09-21 09:18:21.801,42764.374,712.739567,2.77,mid,9.6786,5000.0,1.0,1,0,0,0,0,0,939,374,183,90,33,17,0,1,2,2,140,281
2000,1198,1198,3197,17887786622,17887986522,1789910747773,2026-09-20 21:25:47.773,2026-09-21 09:18:35.717,42767.944,712.799067,1.32,low,9.6788,5000.0,1.0,0,0,0,0,0,0,939,374,183,90,33,17,1,2,3,3,141,282
2000,1199,1199,3198,17887786722,17887986622,1789910771129,2026-09-20 21:26:11.129,2026-09-21 09:18:51.927,42760.798,712.679967,1.75,low,9.6781,5000.0,1.0,0,0,0,0,0,0,938,374,183,90,33,17,2,3,4,4,142,283
2000,1200,1200,3199,17887786822,17887986722,1789910806258,2026-09-20 21:26:46.258,2026-09-21 09:19:10.354,42744.096,712.4016,1.99,low,9.6751,5000.0,1.0,0,0,0,0,0,0,937,373,183,90,33,17,3,4,5,5,143,284
2000,1201,1201,3200,17887786922,17887986822,1789910832437,2026-09-20 21:27:12.437,2026-09-21 09:19:21.332,42728.895,712.14825,1.09,low,9.6737,5000.0,1.0,0,0,0,0,0,0,936,373,183,90,33,17,4,5,6,6,144,285
2000,1202,1202,3201,17887787022,17887986922,1789910862710,2026-09-20 21:27:42.710,2026-09-21 09:19:35.318,42712.608,711.8768,1.39,low,9.6717,5000.0,1.0,0,0,0,0,0,0,935,372,183,90,33,17,5,6,7,7,145,286
2000,1203,1203,3202,17887787122,17887987022,1789910892658,2026-09-20 21:28:12.658,2026-09-21 09:20:02.700,42710.042,711.834033,4.24,mid,9.6713,5000.0,1.0,1,0,0,0,0,0,935,371,183,90,33,17,0,7,8,8,146,287
2000,1204,1204,3203,17887787222,17887987122,1789910905237,2026-09-20 21:28:25.237,2026-09-21 09:20:32.011,42726.774,712.1129,4.84,mid,9.6731,5000.0,1.0,1,0,0,0,0,0,936,371,183,90,33,17,0,8,9,9,147,288
2000,1205,1205,3204,17887787322,17887987222,1789910917647,2026-09-20 21:28:37.647,2026-09-21 09:20:52.592,42734.945,712.249083,2.49,mid,9.6737,5000.0,1.0,1,0,0,0,0,0,937,371,183,90,33,17,0,9,10,10,148,289
2000,1206,1206,3205,17887787422,17887987322,1789910935677,2026-09-20 21:28:55.677,2026-09-21 09:21:03.254,42727.577,712.126283,1.0,low,9.6732,5000.0,1.0,0,0,0,0,0,0,937,371,183,90,33,17,1,10,11,11,149,290
2000,1207,1207,3206,17887787522,17887987422,1789910952673,2026-09-20 21:29:12.673,2026-09-21 09:21:18.199,42725.526,712.0921,1.5,low,9.6731,5000.0,1.0,0,0,0,0,0,0,937,371,183,90,33,17,2,11,12,12,150,291
2000,1208,1208,3207,17887787622,17887987522,1789910978050,2026-09-20 21:29:38.050,2026-09-21 09:21:28.909,42710.859,711.84765,1.12,low,9.6719,5000.0,1.0,0,0,0,0,0,0,936,371,183,90,33,17,3,12,13,13,151,292
2000,1209,1209,3208,17887787722,17887987622,1789910991157,2026-09-20 21:29:51.157,2026-09-21 09:21:39.493,42708.336,711.8056,1.0,low,9.6717,5000.0,1.0,0,0,0,0,0,0,936,371,183,90,33,17,4,13,14,14,152,293
2000,1210,1210,3209,17887787822,17887987722,1789911001243,2026-09-20 21:30:01.243,2026-09-21 09:22:00.718,42719.475,711.99125,2.56,mid,9.6725,5000.0,1.0,1,0,0,0,0,0,937,371,183,90,33,17,0,14,15,15,153,294
2000,1211,1211,3210,17887787922,17887987822,1789911025640,2026-09-20 21:30:25.640,2026-09-21 09:22:12.672,42707.032,711.783867,1.18,low,9.6714,5000.0,1.0,0,0,0,0,0,0,936,371,183,90,33,17,1,15,16,16,154,295
2000,1212,1212,3211,17887788022,17887987922,1789911054210,2026-09-20 21:30:54.210,2026-09-21 09:22:22.980,42688.77,711.4795,1.03,low,9.6696,5000.0,1.0,0,0,0,0,0,0,935,371,183,90,33,17,2,16,17,17,155,296
2000,1213,1213,3212,17887788122,17887988022,1789911117500,2026-09-20 21:31:57.500,2026-09-21 09:22:39.658,42642.158,710.702633,1.74,low,9.6289,5000.0,1.0,0,0,0,0,0,0,934,370,182,89,32,17,3,17,18,18,156,297
2000,1214,1214,3213,17887788222,17887988122,1789911129583,2026-09-20 21:32:09.583,2026-09-21 09:23:10.870,42661.287,711.02145,5.93,mid,9.6313,5000.0,1.0,1,1,0,0,0,0,935,371,182,89,32,17,0,0,19,19,157,298
2000,1215,1215,3214,17887788322,17887988222,1789911169790,2026-09-20 21:32:49.790,2026-09-21 09:23:29.050,42639.26,710.654333,1.95,low,9.6261,5000.0,1.0,0,0,0,0,0,0,934,370,181,89,32,17,1,1,20,20,158,299
2000,1216,1216,3215,17887788422,17887988322,1789911188287,2026-09-20 21:33:08.287,2026-09-21 09:23:40.636,42632.349,710.53915,1.16,low,9.6257,5000.0,1.0,0,0,0,0,0,0,934,370,181,89,32,17,2,2,21,21,159,300
2000,1217,1217,3216,17887788522,17887988422,1789911204390,2026-09-20 21:33:24.390,2026-09-21 09:24:02.971,42638.581,710.643017,2.78,mid,9.6263,5000.0,1.0,1,0,0,0,0,0,935,370,181,89,32,17,0,3,22,22,160,301
2000,1218,1218,3217,17887788622,17887988522,1789911221357,2026-09-20 21:33:41.357,2026-09-21 09:25:12.832,42691.475,711.524583,141.43,extra,9.6961,5000.0,1.0,1,1,1,1,1,1,936,371,182,90,33,18,0,0,0,0,0,0
2000,1219,1219,3218,17887788722,17887988622,1789911241983,2026-09-20 21:34:01.983,2026-09-21 09:25:39.200,42697.217,711.620283,3.93,mid,9.6969,5000.0,1.0,1,0,0,0,0,0,936,371,182,90,33,18,0,1,1,1,1,1
2000,1220,1220,3219,17887788822,17887988722,1789911315217,2026-09-20 21:35:15.217,2026-09-21 09:25:56.718,42641.501,710.691683,1.84,low,9.6032,5000.0,1.0,0,0,0,0,0,0,935,370,181,89,32,17,1,2,2,2,2,2
2000,1221,1221,3220,17887788922,17887988822,1789911361817,2026-09-20 21:36:01.817,2026-09-21 09:26:42.673,42640.856,710.680933,19.91,mid,9.6028,5000.0,1.0,1,1,1,0,0,0,935,370,181,88,32,17,0,0,0,3,3,3
2000,1222,1222,3221,17887789022,17887988922,1789911373630,2026-09-20 21:36:13.630,2026-09-21 09:27:23.836,42670.206,711.1701,12.98,mid,9.6087,5000.0,1.0,1,1,1,0,0,0,936,371,182,88,32,17,0,0,0,4,4,4
2000,1223,1223,3222,17887789122,17887989022,1789911402593,2026-09-20 21:36:42.593,2026-09-21 09:27:33.879,42651.286,710.854767,1.0,low,9.6068,5000.0,1.0,0,0,0,0,0,0,935,371,182,88,32,17,1,1,1,5,5,5
2000,1224,1224,3223,17887789222,17887989122,1789911428733,2026-09-20 21:37:08.733,2026-09-21 09:27:54.669,42645.936,710.7656,2.44,mid,9.6061,5000.0,1.0,1,0,0,0,0,0,935,371,182,88,32,17,0,2,2,6,6,6
2000,1225,1225,3224,17887789322,17887989222,1789911438857,2026-09-20 21:37:18.857,2026-09-21 09:28:07.193,42648.336,710.8056,1.23,low,9.6063,5000.0,1.0,0,0,0,0,0,0,935,371,182,88,32,17,1,3,3,7,7,7
2000,1226,1226,3225,17887789422,17887989322,1789911465633,2026-09-20 21:37:45.633,2026-09-21 09:28:24.579,42638.946,710.6491,1.79,low,9.6051,5000.0,1.0,0,0,0,0,0,0,934,371,182,88,32,17,2,4,4,8,8,8
2000,1227,1227,3226,17887789522,17887989422,1789911483853,2026-09-20 21:38:03.853,2026-09-21 09:28:58.145,42654.292,710.904867,7.3,mid,9.6078,5000.0,1.0,1,1,0,0,0,0,935,372,182,88,32,17,0,0,5,9,9,9
2000,1228,1228,3227,17887789622,17887989522,1789911500633,2026-09-20 21:38:20.633,2026-09-21 09:29:19.393,42658.76,710.979333,2.53,mid,9.6082,5000.0,1.0,1,0,0,0,0,0,936,372,182,88,32,17,0,1,6,10,10,10
2000,1229,1229,3228,17887789722,17887989622,1789911516097,2026-09-20 21:38:36.097,2026-09-21 09:30:00.657,42684.56,711.409333,12.91,mid,9.6139,5000.0,1.0,1,1,1,0,0,0,937,373,183,88,32,17,0,0,0,11,11,11
2000,1230,1230,3229,17887789822,17887989722,1789911543350,2026-09-20 21:39:03.350,2026-09-21 09:30:10.796,42667.446,711.1241,1.08,low,9.6123,5000.0,1.0,0,0,0,0,0,0,936,373,183,88,32,17,1,1,1,12,12,12
2000,1231,1231,3230,17887789922,17887989822,1789911555270,2026-09-20 21:39:15.270,2026-09-21 09:30:30.940,42675.67,711.261167,2.23,mid,9.6129,5000.0,1.0,1,0,0,0,0,0,937,373,183,88,32,17,0,2,2,13,13,13
2000,1232,1232,3231,17887790022,17887989922,1789911572737,2026-09-20 21:39:32.737,2026-09-21 09:30:53.255,42680.518,711.341967,2.83,mid,9.6133,5000.0,1.0,1,0,0,0,0,0,938,373,183,88,32,17,0,3,3,14,14,14
2000,1233,1233,3232,17887790122,17887990022,1789911607327,2026-09-20 21:40:07.327,2026-09-21 09:31:05.038,42657.711,710.96185,1.12,low,9.6101,5000.0,1.0,0,0,0,0,0,0,937,372,183,88,32,17,1,4,4,15,15,15
2000,1234,1234,3233,17887790222,17887990122,1789911619537,2026-09-20 21:40:19.537,2026-09-21 09:31:26.782,42667.245,711.12075,2.6,mid,9.6108,5000.0,1.0,1,0,0,0,0,0,938,372,183,88,32,17,0,5,5,16,16,16
2000,1235,1235,3234,17887790322,17887990222,1789911639728,2026-09-20 21:40:39.728,2026-09-21 09:31:37.326,42657.598,710.959967,1.1,low,9.6102,5000.0,1.0,0,0,0,0,0,0,937,372,183,88,32,17,1,6,6,17,17,17
2000,1236,1236,3235,17887790422,17887990322,1789911650287,2026-09-20 21:40:50.287,2026-09-21 09:31:52.702,42662.415,711.04025,1.5,low,9.6104,5000.0,1.0,0,0,0,0,0,0,937,372,183,88,32,17,2,7,7,18,18,18
2000,1237,1237,3236,17887790522,17887990422,1789911660373,2026-09-20 21:41:00.373,2026-09-21 09:32:06.283,42665.91,711.0985,1.37,low,9.6106,5000.0,1.0,0,0,0,0,0,0,937,372,183,88,32,17,3,8,8,19,19,19
2000,1238,1238,3237,17887790622,17887990522,1789911687950,2026-09-20 21:41:27.950,2026-09-21 09:32:35.406,42667.456,711.124267,4.7,mid,9.6108,5000.0,1.0,1,0,0,0,0,0,937,372,183,88,32,17,0,9,9,20,20,20
2000,1239,1239,3238,17887790722,17887990622,1789911729103,2026-09-20 21:42:09.103,2026-09-21 09:32:51.153,42642.05,710.700833,1.72,low,9.605,5000.0,1.0,0,0,0,0,0,0,936,371,182,88,32,17,1,10,10,21,21,21
2000,1240,1240,3239,17887790822,17887990722,1789911779160,2026-09-20 21:42:59.160,2026-09-21 09:33:37.019,42637.859,710.630983,19.21,mid,9.6007,5000.0,1.0,1,1,1,0,0,0,936,371,182,87,32,17,0,0,0,22,22,22
2000,1241,1241,3240,17887790922,17887990822,1789911811590,2026-09-20 21:43:31.590,2026-09-21 09:33:56.306,42624.716,710.411933,2.16,mid,9.5986,5000.0,1.0,1,0,0,0,0,0,936,370,182,87,32,17,0,1,1,23,23,23
2000,1242,1242,3241,17887791022,17887990922,1789911825067,2026-09-20 21:43:45.067,2026-09-21 09:34:07.130,42622.063,710.367717,1.04,low,9.5984,5000.0,1.0,0,0,0,0,0,0,936,370,182,87,32,17,1,2,2,24,24,24
2000,1243,1243,3242,17887791122,17887991022,1789911835867,2026-09-20 21:43:55.867,2026-09-21 09:34:26.645,42630.778,710.512967,2.26,mid,9.599,5000.0,1.0,1,0,0,0,0,0,937,370,182,87,32,17,0,3,3,25,25,25
2000,1244,1244,3243,17887791222,17887991122,1789911847150,2026-09-20 21:44:07.150,2026-09-21 09:35:02.079,42654.929,710.915483,8.41,mid,9.6027,5000.0,1.0,1,1,0,0,0,0,938,371,182,87,32,17,0,0,4,26,26,26
2000,1245,1245,3244,17887791322,17887991222,1789911857277,2026-09-20 21:44:17.277,2026-09-21 09:35:13.312,42656.035,710.933917,1.07,low,9.6027,5000.0,1.0,0,0,0,0,0,0,938,371,182,87,32,17,1,1,5,27,27,27
2000,1246,1246,3245,17887791422,17887991322,1789911895783,2026-09-20 21:44:55.783,2026-09-21 09:35:34.018,42638.235,710.63725,2.47,mid,9.5986,5000.0,1.0,1,0,0,0,0,0,938,370,181,87,32,17,0,2,6,28,28,28
2000,1247,1247,3246,17887791522,17887991422,1789911926867,2026-09-20 21:45:26.867,2026-09-21 09:35:47.456,42620.589,710.34315,1.32,low,9.5964,5000.0,1.0,0,0,0,0,0,0,937,369,181,87,32,17,1,3,7,29,29,29
2000,1248,1248,3247,17887791622,17887991522,1789911946850,2026-09-20 21:45:46.850,2026-09-21 09:36:06.386,42619.536,710.3256,2.17,mid,9.5964,5000.0,1.0,1,0,0,0,0,0,937,369,181,87,32,17,0,4,8,30,30,30
2000,1249,1249,3248,17887791722,17887991622,1789911974673,2026-09-20 21:46:14.673,2026-09-21 09:36:29.584,42614.911,710.248517,2.98,mid,9.5957,5000.0,1.0,1,0,0,0,0,0,937,369,181,87,32,17,0,5,9,31,31,31
2000,1250,1250,3249,17887791822,17887991722,1789911998807,2026-09-20 21:46:38.807,2026-09-21 09:37:16.488,42637.681,710.628017,21.42,mid,9.6048,5000.0,1.0,1,1,1,1,0,0,937,370,182,88,32,17,0,0,0,0,32,32
2000,1251,1251,3250,17887791922,17887991822,1789912010057,2026-09-20 21:46:50.057,2026-09-21 09:37:55.681,42665.624,711.093733,10.64,mid,9.6096,5000.0,1.0,1,1,1,0,0,0,938,371,183,88,32,17,0,0,0,1,33,33
2000,1252,1252,3251,17887792022,17887991922,1789912031703,2026-09-20 21:47:11.703,2026-09-21 09:38:11.950,42660.247,711.004117,1.74,low,9.6091,5000.0,1.0,0,0,0,0,0,0,937,371,183,88,32,17,1,1,1,2,34,34
2000,1253,1253,3252,17887792122,17887992022,1789912048813,2026-09-20 21:47:28.813,2026-09-21 09:38:46.053,42677.24,711.287333,7.26,mid,9.6119,5000.0,1.0,1,1,0,0,0,0,938,372,183,88,32,17,0,0,2,3,35,35
2000,1254,1254,3253,17887792222,17887992122,1789912063123,2026-09-20 21:47:43.123,2026-09-21 09:39:05.912,42682.789,711.379817,2.35,mid,9.6123,5000.0,1.0,1,0,0,0,0,0,939,372,183,88,32,17,0,1,3,4,36,36
2000,1255,1255,3254,17887792322,17887992222,1789912082110,2026-09-20 21:48:02.110,2026-09-21 09:39:17.324,42675.214,711.253567,1.09,low,9.6118,5000.0,1.0,0,0,0,0,0,0,938,372,183,88,32,17,1,2,4,5,37,37
2000,1256,1256,3255,17887792422,17887992322,1789912096583,2026-09-20 21:48:16.583,2026-09-21 09:40:28.679,42732.096,712.2016,162.79,extra,9.6925,5000.0,1.0,1,1,1,1,1,1,939,373,184,89,33,18,0,0,0,0,0,0
2000,1257,1257,3256,17887792522,17887992422,1789912150713,2026-09-20 21:49:10.713,2026-09-21 09:40:50.192,42699.479,711.657983,2.6,mid,9.6743,5000.0,1.0,1,0,0,0,0,0,939,372,183,88,33,18,0,1,1,1,1,1
2000,1258,1258,3257,17887792622,17887992522,1789912166947,2026-09-20 21:49:26.947,2026-09-21 09:41:01.230,42694.283,711.571383,1.09,low,9.6741,5000.0,1.0,0,0,0,0,0,0,939,372,183,88,33,18,1,2,2,2,2,2
2000,1259,1259,3258,17887792722,17887992622,1789912192433,2026-09-20 21:49:52.433,2026-09-21 09:41:21.684,42689.251,711.487517,2.36,mid,9.6734,5000.0,1.0,1,0,0,0,0,0,939,372,183,88,33,18,0,3,3,3,3,3
2000,1260,1260,3259,17887792822,17887992722,1789912206070,2026-09-20 21:50:06.070,2026-09-21 09:41:37.679,42691.609,711.526817,1.63,low,9.6736,5000.0,1.0,0,0,0,0,0,0,939,372,183,88,33,18,1,4,4,4,4,4
2000,1261,1261,3260,17887792922,17887992822,1789912221083,2026-09-20 21:50:21.083,2026-09-21 09:41:52.862,42691.779,711.52965,1.54,low,9.6736,5000.0,1.0,0,0,0,0,0,0,939,372,183,88,33,18,2,5,5,5,5,5
2000,1262,1262,3261,17887793022,17887992922,1789912246710,2026-09-20 21:50:46.710,2026-09-21 09:42:14.834,42688.124,711.468733,2.75,mid,9.6732,5000.0,1.0,1,0,0,0,0,0,939,372,183,88,33,18,0,6,6,6,6,6
2000,1263,1263,3262,17887793122,17887993022,1789912304503,2026-09-20 21:51:44.503,2026-09-21 09:42:33.417,42648.914,710.815233,2.03,mid,9.6497,5000.0,1.0,1,0,0,0,0,0,939,371,182,87,33,18,0,7,7,7,7,7
2000,1264,1264,3263,17887793222,17887993122,1789912357593,2026-09-20 21:52:37.593,2026-09-21 09:43:07.637,42630.044,710.500733,7.38,mid,9.6356,5000.0,1.0,1,1,0,0,0,0,939,371,181,86,33,18,0,0,8,8,8,8
2000,1265,1265,3264,17887793322,17887993222,1789912368987,2026-09-20 21:52:48.987,2026-09-21 09:43:17.539,42628.552,710.475867,1.02,low,9.6355,5000.0,1.0,0,0,0,0,0,0,939,371,181,86,33,18,1,1,9,9,9,9
2000,1266,1266,3265,17887793422,17887993322,1789912382640,2026-09-20 21:53:02.640,2026-09-21 09:43:46.944,42644.304,710.7384,4.91,mid,9.6373,5000.0,1.0,1,0,0,0,0,0,940,371,181,86,33,18,0,2,10,10,10,10
2000,1267,1267,3266,17887793522,17887993422,1789912405999,2026-09-20 21:53:25.999,2026-09-21 09:44:13.062,42647.063,710.784383,3.83,mid,9.6378,5000.0,1.0,1,0,0,0,0,0,940,371,181,86,33,18,0,3,11,11,11,11
2000,1268,1268,3267,17887793622,17887993522,1789912423443,2026-09-20 21:53:43.443,2026-09-21 09:44:31.090,42647.647,710.794117,1.89,low,9.6378,5000.0,1.0,0,0,0,0,0,0,940,371,181,86,33,18,1,4,12,12,12,12
2000,1269,1269,3268,17887793722,17887993622,1789912439823,2026-09-20 21:53:59.823,2026-09-21 09:44:41.508,42641.685,710.69475,1.03,low,9.6375,5000.0,1.0,0,0,0,0,0,0,940,371,181,86,33,18,2,5,13,13,13,13
2000,1270,1270,3269,17887793822,17887993722,1789912492177,2026-09-20 21:54:52.177,2026-09-21 09:44:59.923,42607.746,710.1291,2.1,mid,9.6218,5000.0,1.0,1,0,0,0,0,0,940,370,180,85,33,18,0,6,14,14,14,14
2000,1271,1271,3270,17887793922,17887993822,1789912515493,2026-09-20 21:55:15.493,2026-09-21 09:45:14.929,42599.436,709.9906,1.42,low,9.6213,5000.0,1.0,0,0,0,0,0,0,939,370,180,85,33,18,1,7,15,15,15,15
2000,1272,1272,3271,17887794022,17887993922,1789912538937,2026-09-20 21:55:38.937,2026-09-21 09:45:37.600,42598.663,709.977717,2.97,mid,9.6212,5000.0,1.0,1,0,0,0,0,0,939,370,180,85,33,18,0,8,16,16,16,16
2000,1273,1273,3272,17887794122,17887994022,1789912551033,2026-09-20 21:55:51.033,2026-09-21 09:46:05.929,42614.896,710.248267,4.54,mid,9.6229,5000.0,1.0,1,0,0,0,0,0,940,370,180,85,33,18,0,9,17,17,17,17
2000,1274,1274,3273,17887794222,17887994122,1789912568470,2026-09-20 21:56:08.470,2026-09-21 09:46:27.687,42619.217,710.320283,2.63,mid,9.6233,5000.0,1.0,1,0,0,0,0,0,941,370,180,85,33,18,0,10,18,18,18,18
2000,1275,1275,3274,17887794322,17887994222,1789912590137,2026-09-20 21:56:30.137,2026-09-21 09:46:40.078,42609.941,710.165683,1.19,low,9.6226,5000.0,1.0,0,0,0,0,0,0,940,370,180,85,33,18,1,11,19,19,19,19
2000,1276,1276,3275,17887794422,17887994322,1789912618983,2026-09-20 21:56:58.983,2026-09-21 09:46:53.480,42594.497,709.908283,1.32,low,9.6209,5000.0,1.0,0,0,0,0,0,0,939,370,180,85,33,18,2,12,20,20,20,20
2000,1277,1277,3276,17887794522,17887994422,1789912629283,2026-09-20 21:57:09.283,2026-09-21 09:47:20.551,42611.268,710.1878,4.27,mid,9.6225,5000.0,1.0,1,0,0,0,0,0,940,370,180,85,33,18,0,13,21,21,21,21
2000,1278,1278,3277,17887794622,17887994522,1789912643210,2026-09-20 21:57:23.210,2026-09-21 09:47:47.754,42624.544,710.409067,4.12,mid,9.6239,5000.0,1.0,1,0,0,0,0,0,941,370,180,85,33,18,0,14,22,22,22,22
2000,1279,1279,3278,17887794722,17887994622,1789912672460,2026-09-20 21:57:52.460,2026-09-21 09:48:19.754,42627.294,710.4549,6.06,mid,9.6244,5000.0,1.0,1,1,0,0,0,0,941,371,180,85,33,18,0,0,23,23,23,23
2000,1280,1280,3279,17887794822,17887994722,1789912683437,2026-09-20 21:58:03.437,2026-09-21 09:48:38.630,42635.193,710.58655,2.19,mid,9.625,5000.0,1.0,1,0,0,0,0,0,942,371,180,85,33,18,0,1,24,24,24,24
2000,1281,1281,3280,17887794922,17887994822,1789912702203,2026-09-20 21:58:22.203,2026-09-21 09:48:57.664,42635.461,710.591017,2.13,mid,9.625,5000.0,1.0,1,0,0,0,0,0,942,371,180,85,33,18,0,2,25,25,25,25
2000,1282,1282,3281,17887795022,17887994922,1789912720940,2026-09-20 21:58:40.940,2026-09-21 09:49:13.076,42632.136,710.5356,1.54,low,9.6248,5000.0,1.0,0,0,0,0,0,0,941,371,180,85,33,18,1,3,26,26,26,26
2000,1283,1283,3282,17887795122,17887995022,1789912764763,2026-09-20 21:59:24.763,2026-09-21 09:49:28.111,42603.348,710.0558,1.48,low,9.6173,5000.0,1.0,0,0,0,0,0,0,940,370,179,85,33,18,2,4,27,27,27,27
2000,1284,1284,3283,17887795222,17887995122,1789912778057,2026-09-20 21:59:38.057,2026-09-21 09:49:44.832,42606.775,710.112917,1.78,low,9.6175,5000.0,1.0,0,0,0,0,0,0,940,370,179,85,33,18,3,5,28,28,28,28
2000,1285,1285,3284,17887795322,17887995222,1789912798500,2026-09-20 21:59:58.500,2026-09-21 09:49:59.566,42601.066,710.017767,1.45,low,9.617,5000.0,1.0,0,0,0,0,0,0,939,370,179,85,33,18,4,6,29,29,29,29
2000,1286,1286,3285,17887795422,17887995322,1789912811317,2026-09-20 22:00:11.317,2026-09-21 09:50:40.706,42629.389,710.489817,13.66,mid,9.6232,5000.0,1.0,1,1,1,0,0,0,940,371,180,85,33,18,0,0,0,30,30,30
2000,1287,1287,3286,17887795522,17887995422,1789912826463,2026-09-20 22:00:26.463,2026-09-21 09:50:50.991,42624.528,710.4088,1.0,low,9.623,5000.0,1.0,0,0,0,0,0,0,940,371,180,85,33,18,1,1,1,31,31,31
2000,1288,1288,3287,17887795622,17887995522,1789912843693,2026-09-20 22:00:43.693,2026-09-21 09:51:04.921,42621.228,710.3538,1.41,low,9.6228,5000.0,1.0,0,0,0,0,0,0,940,371,180,85,33,18,2,2,2,32,32,32
2000,1289,1289,3288,17887795722,17887995622,1789912880373,2026-09-20 22:01:20.373,2026-09-21 09:51:20.007,42599.634,709.9939,1.51,low,9.619,5000.0,1.0,0,0,0,0,0,0,939,370,180,85,33,18,3,3,3,33,33,33
2000,1290,1290,3289,17887795822,17887995722,1789912938560,2026-09-20 22:02:18.560,2026-09-21 09:51:56.460,42577.9,709.631667,9.06,mid,9.5963,5000.0,1.0,1,1,0,0,0,0,939,370,179,84,32,18,0,0,4,34,34,34
2000,1291,1291,3290,17887795922,17887995822,1789912948680,2026-09-20 22:02:28.680,2026-09-21 09:52:16.555,42587.875,709.797917,2.25,mid,9.597,5000.0,1.0,1,0,0,0,0,0,940,370,179,84,32,18,0,1,5,35,35,35
2000,1292,1292,3291,17887796022,17887995922,1789912973980,2026-09-20 22:02:53.980,2026-09-21 09:52:32.312,42578.332,709.638867,1.61,low,9.596,5000.0,1.0,0,0,0,0,0,0,939,370,179,84,32,18,1,2,6,36,36,36
2000,1293,1293,3292,17887796122,17887996022,1789912989633,2026-09-20 22:03:09.633,2026-09-21 09:52:52.161,42582.528,709.7088,2.31,mid,9.5964,5000.0,1.0,1,0,0,0,0,0,940,370,179,84,32,18,0,3,7,37,37,37
2000,1294,1294,3293,17887796222,17887996122,1789913005763,2026-09-20 22:03:25.763,2026-09-21 09:53:27.032,42601.269,710.02115,7.98,mid,9.5995,5000.0,1.0,1,1,0,0,0,0,941,371,179,84,32,18,0,0,8,38,38,38
2000,1295,1295,3294,17887796322,17887996222,1789913018067,2026-09-20 22:03:38.067,2026-09-21 09:53:44.831,42606.764,710.112733,1.91,low,9.5999,5000.0,1.0,0,0,0,0,0,0,941,371,179,84,32,18,1,1,9,39,39,39
2000,1296,1296,3295,17887796422,17887996322,1789913033060,2026-09-20 22:03:53.060,2026-09-21 09:53:56.789,42603.729,710.06215,1.17,low,9.5997,5000.0,1.0,0,0,0,0,0,0,941,371,179,84,32,18,2,2,10,40,40,40
2000,1297,1297,3296,17887796522,17887996422,1789913046817,2026-09-20 22:04:06.817,2026-09-21 09:54:12.604,42605.787,710.09645,1.59,low,9.5999,5000.0,1.0,0,0,0,0,0,0,941,371,179,84,32,18,3,3,11,41,41,41
2000,1298,1298,3297,17887796622,17887996522,1789913056933,2026-09-20 22:04:16.933,2026-09-21 09:54:26.098,42609.165,710.15275,1.31,low,9.6001,5000.0,1.0,0,0,0,0,0,0,941,371,179,84,32,18,4,4,12,42,42,42
2000,1299,1299,3298,17887796722,17887996622,1789913074010,2026-09-20 22:04:34.010,2026-09-21 09:55:00.728,42626.718,710.4453,7.61,mid,9.603,5000.0,1.0,1,1,0,0,0,0,942,372,179,84,32,18,0,0,13,43,43,43
2000,1300,1300,3299,17887796822,17887996722,1789913117100,2026-09-20 22:05:17.100,2026-09-21 09:55:24.660,42607.56,710.126,3.33,mid,9.5969,5000.0,1.0,1,0,0,0,0,0,942,371,178,84,32,18,0,1,14,44,44,44
2000,1301,1301,3300,17887796922,17887996822,1789913133440,2026-09-20 22:05:33.440,2026-09-21 09:55:34.916,42601.476,710.0246,1.0,low,9.5965,5000.0,1.0,0,0,0,0,0,0,942,371,178,84,32,18,1,2,15,45,45,45
2000,1302,1302,3301,17887797022,17887996922,1789913146063,2026-09-20 22:05:46.063,2026-09-21 09:56:02.695,42616.632,710.2772,4.2,mid,9.598,5000.0,1.0,1,0,0,0,0,0,943,371,178,84,32,18,0,3,16,46,46,46
2000,1303,1303,3302,17887797122,17887997022,1789913160377,2026-09-20 22:06:00.377,2026-09-21 09:56:16.351,42615.974,710.266233,1.4,low,9.598,5000.0,1.0,0,0,0,0,0,0,943,371,178,84,32,18,1,4,17,47,47,47
2000,1304,1304,3303,17887797222,17887997122,1789913172160,2026-09-20 22:06:12.160,2026-09-21 09:56:27.429,42615.269,710.254483,1.1,low,9.598,5000.0,1.0,0,0,0,0,0,0,943,371,178,84,32,18,2,5,18,48,48,48
2000,1305,1305,3304,17887797322,17887997222,1789913192970,2026-09-20 22:06:32.970,2026-09-21 09:56:37.873,42604.903,710.081717,1.04,low,9.5973,5000.0,1.0,0,0,0,0,0,0,942,371,178,84,32,18,3,6,19,49,49,49
2000,1306,1306,3305,17887797422,17887997322,1789913206730,2026-09-20 22:06:46.730,2026-09-21 09:56:51.127,42604.397,710.073283,1.3,low,9.5973,5000.0,1.0,0,0,0,0,0,0,942,371,178,84,32,18,4,7,20,50,50,50
2000,1307,1307,3306,17887797522,17887997422,1789913231530,2026-09-20 22:07:11.530,2026-09-21 09:57:22.039,42610.509,710.17515,5.73,mid,9.5984,5000.0,1.0,1,1,0,0,0,0,942,372,178,84,32,18,0,0,21,51,51,51
2000,1308,1308,3307,17887797622,17887997522,1789913279043,2026-09-20 22:07:59.043,2026-09-21 09:57:34.088,42575.045,709.584083,1.16,low,9.5878,5000.0,1.0,0,0,0,0,0,0,941,371,177,83,32,18,1,1,22,52,52,52
2000,1309,1309,3308,17887797722,17887997622,1789913291400,2026-09-20 22:08:11.400,2026-09-21 09:57:50.716,42579.316,709.655267,1.69,low,9.588,5000.0,1.0,0,0,0,0,0,0,941,371,177,83,32,18,2,2,23,53,53,53
2000,1310,1310,3309,17887797822,17887997722,1789913316320,2026-09-20 22:08:36.320,2026-09-21 09:58:20.786,42584.466,709.7411,5.4,mid,9.589,5000.0,1.0,1,1,0,0,0,0,941,372,177,83,32,18,0,0,24,54,54,54
2000,1311,1311,3310,17887797922,17887997822,1789913346010,2026-09-20 22:09:06.010,2026-09-21 09:58:30.737,42564.727,709.412117,1.0,low,9.5869,5000.0,1.0,0,0,0,0,0,0,940,371,177,83,32,18,1,1,25,55,55,55
2000,1312,1312,3311,17887798022,17887997922,1789913365180,2026-09-20 22:09:25.180,2026-09-21 09:59:01.038,42575.858,709.597633,5.3,mid,9.5885,5000.0,1.0,1,1,0,0,0,0,940,372,177,83,32,18,0,0,26,56,56,56
2000,1313,1313,3312,17887798122,17887998022,1789913386213,2026-09-20 22:09:46.213,2026-09-21 09:59:41.542,42595.329,709.92215,12.54,mid,9.5935,5000.0,1.0,1,1,1,0,0,0,940,373,178,83,32,18,0,0,0,57,57,57
2000,1314,1314,3313,17887798222,17887998122,1789913396330,2026-09-20 22:09:56.330,2026-09-21 10:00:57.872,42661.542,711.0257,253.26,extra,9.7197,5000.0,1.0,1,1,1,1,1,1,941,374,179,84,33,19,0,0,0,0,0,0
2000,1315,1315,3314,17887798322,17887998222,1789913408737,2026-09-20 22:10:08.737,2026-09-21 10:01:17.481,42668.744,711.145733,2.23,mid,9.7202,5000.0,1.0,1,0,0,0,0,0,942,374,179,84,33,19,0,1,1,1,1,1
2000,1316,1316,3315,17887798422,17887998322,1789913442300,2026-09-20 22:10:42.300,2026-09-21 10:01:41.642,42659.342,710.989033,3.21,mid,9.7183,5000.0,1.0,1,0,0,0,0,0,942,373,179,84,33,19,0,2,2,2,2,2
2000,1317,1317,3316,17887798522,17887998422,1789913456797,2026-09-20 22:10:56.797,2026-09-21 10:01:54.209,42657.412,710.956867,1.23,low,9.7182,5000.0,1.0,0,0,0,0,0,0,942,373,179,84,33,19,1,3,3,3,3,3
2000,1318,1318,3317,17887798622,17887998522,1789913484310,2026-09-20 22:11:24.310,2026-09-21 10:02:14.166,42649.856,710.830933,2.23,mid,9.7171,5000.0,1.0,1,0,0,0,0,0,942,373,179,84,33,19,0,4,4,4,4,4
2000,1319,1319,3318,17887798722,17887998622,1789913494800,2026-09-20 22:11:34.800,2026-09-21 10:02:27.586,42652.786,710.879767,1.33,low,9.7173,5000.0,1.0,0,0,0,0,0,0,942,373,179,84,33,19,1,5,5,5,5,5
2000,1320,1320,3319,17887798822,17887998722,1789913505840,2026-09-20 22:11:45.840,2026-09-21 10:03:02.118,42676.278,711.2713,7.89,mid,9.7207,5000.0,1.0,1,1,0,0,0,0,943,374,179,84,33,19,0,0,6,6,6,6
2000,1321,1321,3320,17887798922,17887998822,1789913527597,2026-09-20 22:12:07.597,2026-09-21 10:03:16.104,42668.507,711.141783,1.39,low,9.72,5000.0,1.0,0,0,0,0,0,0,942,374,179,84,33,19,1,1,7,7,7,7
2000,1322,1322,3321,17887799022,17887998922,1789913538520,2026-09-20 22:12:18.520,2026-09-21 10:03:26.623,42668.103,711.13505,1.04,low,9.72,5000.0,1.0,0,0,0,0,0,0,942,374,179,84,33,19,2,2,8,8,8,8
2000,1323,1323,3322,17887799122,17887999022,1789913561470,2026-09-20 22:12:41.470,2026-09-21 10:03:37.072,42655.602,710.9267,1.01,low,9.7191,5000.0,1.0,0,0,0,0,0,0,941,374,179,84,33,19,3,3,9,9,9,9
2000,1324,1324,3323,17887799222,17887999122,1789913589900,2026-09-20 22:13:09.900,2026-09-21 10:03:55.214,42645.314,710.755233,1.97,low,9.7178,5000.0,1.0,0,0,0,0,0,0,940,374,179,84,33,19,4,4,10,10,10,10
2000,1325,1325,3324,17887799322,17887999222,1789913601610,2026-09-20 22:13:21.610,2026-09-21 10:04:08.847,42647.237,710.787283,1.37,low,9.7179,5000.0,1.0,0,0,0,0,0,0,940,374,179,84,33,19,5,5,11,11,11,11
2000,1326,1326,3325,17887799422,17887999322,1789913625980,2026-09-20 22:13:45.980,2026-09-21 10:04:20.651,42634.671,710.57785,1.16,low,9.7168,5000.0,1.0,0,0,0,0,0,0,939,374,179,84,33,19,6,6,12,12,12,12
2000,1327,1327,3326,17887799522,17887999422,1789913636700,2026-09-20 22:13:56.700,2026-09-21 10:04:48.952,42652.252,710.870867,4.64,mid,9.7186,5000.0,1.0,1,0,0,0,0,0,940,374,179,84,33,19,0,7,13,13,13,13
2000,1328,1328,3327,17887799622,17887999522,1789913652177,2026-09-20 22:14:12.177,2026-09-21 10:05:06.126,42653.949,710.89915,1.8,low,9.7187,5000.0,1.0,0,0,0,0,0,0,940,374,179,84,33,19,1,8,14,14,14,14
2000,1329,1329,3328,17887799722,17887999622,1789913669040,2026-09-20 22:14:29.040,2026-09-21 10:05:40.119,42671.079,711.18465,7.28,mid,9.7215,5000.0,1.0,1,1,0,0,0,0,941,375,179,84,33,19,0,0,15,15,15,15
2000,1330,1330,3329,17887799822,17887999722,1789913687150,2026-09-20 22:14:47.150,2026-09-21 10:06:11.442,42684.292,711.404867,5.73,mid,9.7234,5000.0,1.0,1,1,0,0,0,0,942,376,179,84,33,19,0,0,16,16,16,16
2000,1331,1331,3330,17887799922,17887999822,1789913704900,2026-09-20 22:15:04.900,2026-09-21 10:06:27.216,42682.316,711.371933,1.64,low,9.7232,5000.0,1.0,0,0,0,0,0,0,942,376,179,84,33,19,1,1,17,17,17,17
2000,1332,1332,3331,17887800022,17887999922,1789913718733,2026-09-20 22:15:18.733,2026-09-21 10:06:39.179,42680.446,711.340767,1.18,low,9.7231,5000.0,1.0,0,0,0,0,0,0,942,376,179,84,33,19,2,2,18,18,18,18
2000,1333,1333,3332,17887800122,17888000022,1789913768676,2026-09-20 22:16:08.676,2026-09-21 10:07:02.845,42654.169,710.902817,3.15,mid,9.7109,5000.0,1.0,1,0,0,0,0,0,942,375,178,83,33,19,0,3,19,19,19,19
2000,1334,1334,3333,17887800222,17888000122,1789913783192,2026-09-20 22:16:23.192,2026-09-21 10:07:34.744,42671.552,711.192533,5.9,mid,9.7132,5000.0,1.0,1,1,0,0,0,0,943,376,178,83,33,19,0,0,20,20,20,20
2000,1335,1335,3334,17887800322,17888000222,1789913828340,2026-09-20 22:17:08.340,2026-09-21 10:07:48.594,42640.254,710.6709,1.38,low,9.7046,5000.0,1.0,0,0,0,0,0,0,942,375,177,83,33,19,1,1,21,21,21,21
2000,1336,1336,3335,17887800422,17888000322,1789913874387,2026-09-20 22:17:54.387,2026-09-21 10:08:03.970,42609.583,710.159717,1.56,low,9.6955,5000.0,1.0,0,0,0,0,0,0,941,374,176,83,33,19,2,2,22,22,22,22
2000,1337,1337,3336,17887800522,17888000422,1789913886673,2026-09-20 22:18:06.673,2026-09-21 10:08:15.530,42608.857,710.147617,1.15,low,9.6954,5000.0,1.0,0,0,0,0,0,0,941,374,176,83,33,19,3,3,23,23,23,23
2000,1338,1338,3337,17887800622,17888000522,1789913913323,2026-09-20 22:18:33.323,2026-09-21 10:08:36.715,42603.392,710.056533,2.4,mid,9.6947,5000.0,1.0,1,0,0,0,0,0,941,374,176,83,33,19,0,4,24,24,24,24
2000,1339,1339,3338,17887800722,17888000622,1789913927823,2026-09-20 22:18:47.823,2026-09-21 10:09:06.561,42618.738,710.3123,5.42,mid,9.6966,5000.0,1.0,1,1,0,0,0,0,942,375,176,83,33,19,0,0,25,25,25,25
2000,1340,1340,3339,17887800822,17888000722,1789913952333,2026-09-20 22:19:12.333,2026-09-21 10:09:21.193,42608.86,710.147667,1.49,low,9.6957,5000.0,1.0,0,0,0,0,0,0,941,375,176,83,33,19,1,1,26,26,26,26
2000,1341,1341,3340,17887800922,17888000822,1789913971513,2026-09-20 22:19:31.513,2026-09-21 10:09:31.757,42600.244,710.004067,1.04,low,9.6952,5000.0,1.0,0,0,0,0,0,0,940,375,176,83,33,19,2,2,27,27,27,27
2000,1342,1342,3341,17887801022,17888000922,1789913992410,2026-09-20 22:19:52.410,2026-09-21 10:10:00.994,42608.584,710.143067,5.04,mid,9.6965,5000.0,1.0,1,1,0,0,0,0,940,376,176,83,33,19,0,0,28,28,28,28
2000,1343,1343,3342,17887801122,17888001022,1789914002510,2026-09-20 22:20:02.510,2026-09-21 10:10:16.574,42614.064,710.2344,1.55,low,9.6967,5000.0,1.0,0,0,0,0,0,0,940,376,176,83,33,19,1,1,29,29,29,29
2000,1344,1344,3343,17887801222,17888001122,1789914020013,2026-09-20 22:20:20.013,2026-09-21 10:10:29.934,42609.921,710.16535,1.33,low,9.6965,5000.0,1.0,0,0,0,0,0,0,940,376,176,83,33,19,2,2,30,30,30,30
2000,1345,1345,3344,17887801322,17888001222,1789914043043,2026-09-20 22:20:43.043,2026-09-21 10:10:49.406,42606.363,710.10605,2.19,mid,9.6961,5000.0,1.0,1,0,0,0,0,0,940,376,176,83,33,19,0,3,31,31,31,31
2000,1346,1346,3345,17887801422,17888001322,1789914069420,2026-09-20 22:21:09.420,2026-09-21 10:11:15.788,42606.368,710.106133,3.9,mid,9.6961,5000.0,1.0,1,0,0,0,0,0,940,376,176,83,33,19,0,4,32,32,32,32
2000,1347,1347,3346,17887801522,17888001422,1789914081470,2026-09-20 22:21:21.470,2026-09-21 10:11:29.877,42608.407,710.140117,1.4,low,9.6962,5000.0,1.0,0,0,0,0,0,0,940,376,176,83,33,19,1,5,33,33,33,33
2000,1348,1348,3347,17887801622,17888001522,1789914108970,2026-09-20 22:21:48.970,2026-09-21 10:11:51.514,42602.544,710.0424,2.58,mid,9.6954,5000.0,1.0,1,0,0,0,0,0,940,376,176,83,33,19,0,6,34,34,34,34
2000,1349,1349,3348,17887801722,17888001622,1789914119070,2026-09-20 22:21:59.070,2026-09-21 10:12:23.224,42624.154,710.402567,6.15,mid,9.6979,5000.0,1.0,1,1,0,0,0,0,941,377,176,83,33,19,0,0,35,35,35,35
2000,1350,1350,3349,17887801822,17888001722,1789914163770,2026-09-20 22:22:43.770,2026-09-21 10:12:49.356,42605.586,710.0931,3.79,mid,9.691,5000.0,1.0,1,0,0,0,0,0,941,376,175,83,33,19,0,1,36,36,36,36
2000,1351,1351,3350,17887801922,17888001822,1789914177600,2026-09-20 22:22:57.600,2026-09-21 10:13:18.780,42621.18,710.353,4.88,mid,9.6927,5000.0,1.0,1,0,0,0,0,0,942,376,175,83,33,19,0,2,37,37,37,37
2000,1352,1352,3351,17887802022,17888001922,1789914197910,2026-09-20 22:23:17.910,2026-09-21 10:13:50.980,42633.07,710.551167,6.22,mid,9.6947,5000.0,1.0,1,1,0,0,0,0,942,377,175,83,33,19,0,0,38,38,38,38
2000,1353,1353,3352,17887802122,17888002022,1789914226613,2026-09-20 22:23:46.613,2026-09-21 10:14:17.719,42631.106,710.518433,4.19,mid,9.6944,5000.0,1.0,1,0,0,0,0,0,942,377,175,83,33,19,0,1,39,39,39,39
2000,1354,1354,3353,17887802222,17888002122,1789914242817,2026-09-20 22:24:02.817,2026-09-21 10:14:39.979,42637.162,710.619367,2.73,mid,9.6949,5000.0,1.0,1,0,0,0,0,0,943,377,175,83,33,19,0,2,40,40,40,40
2000,1355,1355,3354,17887802322,17888002222,1789914314153,2026-09-20 22:25:14.153,2026-09-21 10:14:55.447,42581.294,709.688233,1.56,low,9.6146,5000.0,1.0,0,0,0,0,0,0,942,376,174,82,32,18,1,3,41,41,41,41
2000,1356,1356,3355,17887802422,17888002322,1789914325870,2026-09-20 22:25:25.870,2026-09-21 10:15:06.289,42580.419,709.67365,1.07,low,9.6146,5000.0,1.0,0,0,0,0,0,0,942,376,174,82,32,18,2,4,42,42,42,42
2000,1357,1357,3356,17887802522,17888002422,1789914369740,2026-09-20 22:26:09.740,2026-09-21 10:15:20.031,42550.291,709.171517,1.4,low,9.607,5000.0,1.0,0,0,0,0,0,0,941,375,173,82,32,18,3,5,43,43,43,43
2000,1358,1358,3357,17887802622,17888002522,1789914392850,2026-09-20 22:26:32.850,2026-09-21 10:15:35.731,42542.881,709.048017,1.62,low,9.6066,5000.0,1.0,0,0,0,0,0,0,940,375,173,82,32,18,4,6,44,44,44,44
2000,1359,1359,3358,17887802722,17888002622,1789914410293,2026-09-20 22:26:50.293,2026-09-21 10:16:20.140,42569.847,709.49745,17.22,mid,9.6143,5000.0,1.0,1,1,1,0,0,0,941,376,174,82,32,18,0,0,0,45,45,45
2000,1360,1360,3359,17887802822,17888002722,1789914423310,2026-09-20 22:27:03.310,2026-09-21 10:16:58.356,42595.046,709.917433,10.27,mid,9.6188,5000.0,1.0,1,1,1,0,0,0,942,377,175,82,32,18,0,0,0,46,46,46
2000,1361,1361,3360,17887802922,17888002822,1789914435367,2026-09-20 22:27:15.367,2026-09-21 10:17:11.978,42596.611,709.943517,1.34,low,9.6188,5000.0,1.0,0,0,0,0,0,0,942,377,175,82,32,18,1,1,1,47,47,47
2000,1362,1362,3361,17887803022,17888002922,1789914459150,2026-09-20 22:27:39.150,2026-09-21 10:17:40.678,42601.528,710.025467,4.79,mid,9.6197,5000.0,1.0,1,0,0,0,0,0,942,377,175,82,32,18,0,2,2,48,48,48
2000,1363,1363,3362,17887803122,17888003022,1789914474613,2026-09-20 22:27:54.613,2026-09-21 10:17:53.044,42598.431,709.97385,1.19,low,9.6195,5000.0,1.0,0,0,0,0,0,0,942,377,175,82,32,18,1,3,3,49,49,49
2000,1364,1364,3363,17887803222,17888003122,1789914492740,2026-09-20 22:28:12.740,2026-09-21 10:18:17.901,42605.161,710.086017,3.41,mid,9.6203,5000.0,1.0,1,0,0,0,0,0,943,377,175,82,32,18,0,4,4,50,50,50
2000,1365,1365,3364,17887803322,17888003222,1789914509020,2026-09-20 22:28:29.020,2026-09-21 10:18:37.483,42608.463,710.14105,2.2,mid,9.6205,5000.0,1.0,1,0,0,0,0,0,944,377,175,82,32,18,0,5,5,51,51,51
2000,1366,1366,3365,17887803422,17888003322,1789914527533,2026-09-20 22:28:47.533,2026-09-21 10:18:48.676,42601.143,710.01905,1.12,low,9.6201,5000.0,1.0,0,0,0,0,0,0,944,377,175,82,32,18,1,6,6,52,52,52
2000,1367,1367,3366,17887803522,17888003422,1789914546703,2026-09-20 22:29:06.703,2026-09-21 10:19:04.436,42597.733,709.962217,1.64,low,9.6199,5000.0,1.0,0,0,0,0,0,0,943,377,175,82,32,18,2,7,7,53,53,53
2000,1368,1368,3367,17887803622,17888003522,1789914556800,2026-09-20 22:29:16.800,2026-09-21 10:19:20.455,42603.655,710.060917,1.58,low,9.6202,5000.0,1.0,0,0,0,0,0,0,943,377,175,82,32,18,3,8,8,54,54,54
2000,1369,1369,3368,17887803722,17888003622,1789914575300,2026-09-20 22:29:35.300,2026-09-21 10:19:41.971,42606.671,710.111183,2.62,mid,9.6205,5000.0,1.0,1,0,0,0,0,0,943,377,175,82,32,18,0,9,9,55,55,55
2000,1370,1370,3369,17887803822,17888003722,1789914587717,2026-09-20 22:29:47.717,2026-09-21 10:19:52.266,42604.549,710.075817,1.05,low,9.6204,5000.0,1.0,0,0,0,0,0,0,943,377,175,82,32,18,1,10,10,56,56,56
2000,1371,1371,3370,17887803922,17888003822,1789914599500,2026-09-20 22:29:59.500,2026-09-21 10:20:30.868,42631.368,710.5228,10.58,mid,9.6251,5000.0,1.0,1,1,1,0,0,0,944,378,176,82,32,18,0,0,0,57,57,57
2000,1372,1372,3371,17887804022,17888003922,1789914636760,2026-09-20 22:30:36.760,2026-09-21 10:20:55.076,42618.316,710.305267,3.23,mid,9.6219,5000.0,1.0,1,0,0,0,0,0,944,377,176,82,32,18,0,1,1,58,58,58
2000,1373,1373,3372,17887804122,17888004022,1789914647820,2026-09-20 22:30:47.820,2026-09-21 10:21:06.995,42619.175,710.319583,1.14,low,9.622,5000.0,1.0,0,0,0,0,0,0,944,377,176,82,32,18,1,2,2,59,59,59
2000,1374,1374,3373,17887804222,17888004122,1789914668437,2026-09-20 22:31:08.437,2026-09-21 10:21:16.771,42608.334,710.1389,1.01,low,9.6213,5000.0,1.0,0,0,0,0,0,0,943,377,176,82,32,18,2,3,3,60,60,60
2000,1375,1375,3374,17887804322,17888004222,1789914692397,2026-09-20 22:31:32.397,2026-09-21 10:21:30.951,42598.554,709.9759,1.44,low,9.6204,5000.0,1.0,0,0,0,0,0,0,942,377,176,82,32,18,3,4,4,61,61,61
2000,1376,1376,3375,17887804422,17888004322,1789914708103,2026-09-20 22:31:48.103,2026-09-21 10:21:50.598,42602.495,710.041583,2.15,mid,9.6207,5000.0,1.0,1,0,0,0,0,0,943,377,176,82,32,18,0,5,5,62,62,62
2000,1377,1377,3376,17887804522,17888004422,1789914718593,2026-09-20 22:31:58.593,2026-09-21 10:22:00.818,42602.225,710.037083,1.0,low,9.6207,5000.0,1.0,0,0,0,0,0,0,943,377,176,82,32,18,1,6,6,63,63,63
2000,1378,1378,3377,17887804622,17888004522,1789914743263,2026-09-20 22:32:23.263,2026-09-21 10:22:38.865,42615.602,710.260033,10.24,mid,9.6241,5000.0,1.0,1,1,1,0,0,0,943,378,177,82,32,18,0,0,0,64,64,64
2000,1379,1379,3378,17887804722,17888004622,1789914753893,2026-09-20 22:32:33.893,2026-09-21 10:22:49.216,42615.323,710.255383,1.0,low,9.6241,5000.0,1.0,0,0,0,0,0,0,943,378,177,82,32,18,1,1,1,65,65,65
2000,1380,1380,3379,17887804822,17888004722,1789914770553,2026-09-20 22:32:50.553,2026-09-21 10:23:28.040,42637.487,710.624783,11.2,mid,9.6288,5000.0,1.0,1,1,1,0,0,0,944,379,178,82,32,18,0,0,0,66,66,66
2000,1381,1381,3380,17887804922,17888004822,1789914780800,2026-09-20 22:33:00.800,2026-09-21 10:23:38.238,42637.438,710.623967,1.0,low,9.6288,5000.0,1.0,0,0,0,0,0,0,944,379,178,82,32,18,1,1,1,67,67,67
2000,1382,1382,3381,17887805022,17888004922,1789914791053,2026-09-20 22:33:11.053,2026-09-21 10:23:48.689,42637.636,710.627267,1.0,low,9.6288,5000.0,1.0,0,0,0,0,0,0,944,379,178,82,32,18,2,2,2,68,68,68
2000,1383,1383,3382,17887805122,17888005022,1789914801290,2026-09-20 22:33:21.290,2026-09-21 10:24:01.057,42639.767,710.662783,1.24,low,9.6289,5000.0,1.0,0,0,0,0,0,0,944,379,178,82,32,18,3,3,3,69,69,69
2000,1384,1384,3383,17887805222,17888005122,1789914811417,2026-09-20 22:33:31.417,2026-09-21 10:24:11.146,42639.729,710.66215,1.0,low,9.6289,5000.0,1.0,0,0,0,0,0,0,944,379,178,82,32,18,4,4,4,70,70,70
2000,1385,1385,3384,17887805322,17888005222,1789914821550,2026-09-20 22:33:41.550,2026-09-21 10:24:27.622,42646.072,710.767867,1.67,low,9.6292,5000.0,1.0,0,0,0,0,0,0,944,379,178,82,32,18,5,5,5,71,71,71
2000,1386,1386,3385,17887805422,17888005322,1789914832887,2026-09-20 22:33:52.887,2026-09-21 10:24:37.363,42644.476,710.741267,1.03,low,9.6292,5000.0,1.0,0,0,0,0,0,0,944,379,178,82,32,18,6,6,6,72,72,72
2000,1387,1387,3386,17887805522,17888005422,1789914851527,2026-09-20 22:34:11.527,2026-09-21 10:25:02.382,42650.855,710.847583,3.39,mid,9.6298,5000.0,1.0,1,0,0,0,0,0,944,379,178,82,32,18,0,7,7,73,73,73
2000,1388,1388,3387,17887805622,17888005522,1789914870803,2026-09-20 22:34:30.803,2026-09-21 10:25:16.072,42645.269,710.754483,1.32,low,9.6294,5000.0,1.0,0,0,0,0,0,0,943,379,178,82,32,18,1,8,8,74,74,74
2000,1389,1389,3388,17887805722,17888005622,1789914886687,2026-09-20 22:34:46.687,2026-09-21 10:25:25.487,42638.8,710.646667,1.0,low,9.6291,5000.0,1.0,0,0,0,0,0,0,943,379,178,82,32,18,2,9,9,75,75,75
2000,1390,1390,3389,17887805822,17888005722,1789914914470,2026-09-20 22:35:14.470,2026-09-21 10:25:51.187,42636.717,710.61195,3.61,mid,9.6287,5000.0,1.0,1,0,0,0,0,0,943,379,178,82,32,18,0,10,10,76,76,76
2000,1391,1391,3390,17887805922,17888005822,1789914926867,2026-09-20 22:35:26.867,2026-09-21 10:26:33.469,42666.602,711.110033,14.79,mid,9.6355,5000.0,1.0,1,1,1,0,0,0,944,380,179,82,32,18,0,0,0,77,77,77
2000,1392,1392,3391,17887806022,17888005922,1789914941580,2026-09-20 22:35:41.580,2026-09-21 10:26:47.954,42666.374,711.106233,1.45,low,9.6355,5000.0,1.0,0,0,0,0,0,0,944,380,179,82,32,18,1,1,1,78,78,78
2000,1393,1393,3392,17887806122,17888006022,1789914960810,2026-09-20 22:36:00.810,2026-09-21 10:27:05.533,42664.723,711.078717,1.79,low,9.6353,5000.0,1.0,0,0,0,0,0,0,943,380,179,82,32,18,2,2,2,79,79,79
2000,1394,1394,3393,17887806222,17888006122,1789914971390,2026-09-20 22:36:11.390,2026-09-21 10:27:20.457,42669.067,711.151117,1.53,low,9.6356,5000.0,1.0,0,0,0,0,0,0,943,380,179,82,32,18,3,3,3,80,80,80
2000,1395,1395,3394,17887806322,17888006222,1789915048473,2026-09-20 22:37:28.473,2026-09-21 10:28:04.969,42636.496,710.608267,17.54,mid,9.5134,5000.0,1.0,1,1,1,0,0,0,943,380,179,81,31,17,0,0,0,81,81,81
2000,1396,1396,3395,17887806422,17888006322,1789915110560,2026-09-20 22:38:30.560,2026-09-21 10:28:14.969,42584.409,709.74015,1.0,low,9.4763,5000.0,1.0,0,0,0,0,0,0,942,379,178,80,30,17,1,1,1,82,82,82
2000,1397,1397,3396,17887806522,17888006422,1789915127077,2026-09-20 22:38:47.077,2026-09-21 10:28:38.751,42591.674,709.861233,3.11,mid,9.477,5000.0,1.0,1,0,0,0,0,0,943,379,178,80,30,17,0,2,2,83,83,83
2000,1398,1398,3397,17887806622,17888006522,1789915165990,2026-09-20 22:39:25.990,2026-09-21 10:29:06.492,42580.502,709.675033,4.32,mid,9.4737,5000.0,1.0,1,0,0,0,0,0,943,378,177,80,30,17,0,3,3,84,84,84
2000,1399,1399,3398,17887806722,17888006622,1789915176097,2026-09-20 22:39:36.097,2026-09-21 10:29:24.553,42588.456,709.8076,1.98,low,9.4742,5000.0,1.0,0,0,0,0,0,0,943,378,177,80,30,17,1,4,4,85,85,85
2000,1400,1400,3399,17887806822,17888006722,1789915206970,2026-09-20 22:40:06.970,2026-09-21 10:29:42.377,42575.407,709.590117,1.89,low,9.4723,5000.0,1.0,0,0,0,0,0,0,942,377,177,80,30,17,2,5,5,86,86,86
2000,1401,1401,3400,17887806922,17888006822,1789915217067,2026-09-20 22:40:17.067,2026-09-21 10:29:59.699,42582.632,709.710533,1.81,low,9.4727,5000.0,1.0,0,0,0,0,0,0,942,377,177,80,30,17,3,6,6,87,87,87
2000,1402,1402,3401,17887807022,17888006922,1789915227167,2026-09-20 22:40:27.167,2026-09-21 10:30:39.936,42612.769,710.212817,12.12,mid,9.4783,5000.0,1.0,1,1,1,0,0,0,943,378,178,80,30,17,0,0,0,88,88,88
2000,1403,1403,3402,17887807122,17888007022,1789915262187,2026-09-20 22:41:02.187,2026-09-21 10:30:56.117,42593.93,709.898833,1.67,low,9.4751,5000.0,1.0,0,0,0,0,0,0,942,377,178,80,30,17,1,1,1,89,89,89
2000,1404,1404,3403,17887807222,17888007122,1789915288427,2026-09-20 22:41:28.427,2026-09-21 10:31:16.144,42587.717,709.795283,2.37,mid,9.4744,5000.0,1.0,1,0,0,0,0,0,942,377,178,80,30,17,0,2,2,90,90,90
2000,1405,1405,3404,17887807322,17888007222,1789915302527,2026-09-20 22:41:42.527,2026-09-21 10:31:41.780,42599.253,709.98755,3.6,mid,9.4755,5000.0,1.0,1,0,0,0,0,0,943,377,178,80,30,17,0,3,3,91,91,91
2000,1406,1406,3405,17887807422,17888007322,1789915319797,2026-09-20 22:41:59.797,2026-09-21 10:32:02.012,42602.215,710.036917,2.37,mid,9.4758,5000.0,1.0,1,0,0,0,0,0,944,377,178,80,30,17,0,4,4,92,92,92
2000,1407,1407,3406,17887807522,17888007422,1789915333177,2026-09-20 22:42:13.177,2026-09-21 10:32:23.974,42610.797,710.17995,2.61,mid,9.4764,5000.0,1.0,1,0,0,0,0,0,945,377,178,80,30,17,0,5,5,93,93,93
2000,1408,1408,3407,17887807622,17888007522,1789915375220,2026-09-20 22:42:55.220,2026-09-21 10:33:09.970,42614.75,710.245833,19.91,mid,9.4792,5000.0,1.0,1,1,1,0,0,0,945,377,178,80,30,17,0,0,0,94,94,94
2000,1409,1409,3408,17887807722,17888007622,1789915391163,2026-09-20 22:43:11.163,2026-09-21 10:33:50.210,42639.047,710.650783,12.17,mid,9.4845,5000.0,1.0,1,1,1,0,0,0,946,378,179,80,30,17,0,0,0,95,95,95
2000,1410,1410,3409,17887807822,17888007722,1789915406147,2026-09-20 22:43:26.147,2026-09-21 10:34:08.762,42642.615,710.71025,2.18,mid,9.4848,5000.0,1.0,1,0,0,0,0,0,947,378,179,80,30,17,0,1,1,96,96,96
2000,1411,1411,3410,17887807922,17888007822,1789915434823,2026-09-20 22:43:54.823,2026-09-21 10:34:32.288,42637.465,710.624417,2.95,mid,9.484,5000.0,1.0,1,0,0,0,0,0,947,378,179,80,30,17,0,2,2,97,97,97
2000,1412,1412,3411,17887808022,17888007922,1789915450587,2026-09-20 22:44:10.587,2026-09-21 10:34:44.545,42633.958,710.565967,1.18,low,9.4838,5000.0,1.0,0,0,0,0,0,0,947,378,179,80,30,17,1,3,3,98,98,98
2000,1413,1413,3412,17887808122,17888008022,1789915470340,2026-09-20 22:44:30.340,2026-09-21 10:34:57.275,42626.935,710.448917,1.29,low,9.4834,5000.0,1.0,0,0,0,0,0,0,946,378,179,80,30,17,2,4,4,99,99,99
2000,1414,1414,3413,17887808222,17888008122,1789915482947,2026-09-20 22:44:42.947,2026-09-21 10:35:13.238,42630.291,710.50485,1.61,low,9.4835,5000.0,1.0,0,0,0,0,0,0,946,378,179,80,30,17,3,5,5,100,100,100
2000,1415,1415,3414,17887808322,17888008222,1789915500897,2026-09-20 22:45:00.897,2026-09-21 10:35:24.479,42623.582,710.393033,1.1,low,9.4831,5000.0,1.0,0,0,0,0,0,0,946,378,179,80,30,17,4,6,6,101,101,101
2000,1416,1416,3415,17887808422,17888008322,1789915515647,2026-09-20 22:45:15.647,2026-09-21 10:35:43.396,42627.749,710.462483,2.19,mid,9.4835,5000.0,1.0,1,0,0,0,0,0,947,378,179,80,30,17,0,7,7,102,102,102
2000,1417,1417,3416,17887808522,17888008422,1789915547873,2026-09-20 22:45:47.873,2026-09-21 10:35:56.798,42608.925,710.14875,1.33,low,9.481,5000.0,1.0,0,0,0,0,0,0,946,377,179,80,30,17,1,8,8,103,103,103
2000,1418,1418,3417,17887808622,17888008522,1789915580650,2026-09-20 22:46:20.650,2026-09-21 10:36:14.293,42593.643,709.89405,1.81,low,9.4786,5000.0,1.0,0,0,0,0,0,0,945,376,179,80,30,17,2,9,9,104,104,104
2000,1419,1419,3418,17887808722,17888008622,1789915597290,2026-09-20 22:46:37.290,2026-09-21 10:36:34.770,42597.48,709.958,2.35,mid,9.4789,5000.0,1.0,1,0,0,0,0,0,946,376,179,80,30,17,0,10,10,105,105,105
2000,1420,1420,3419,17887808822,17888008722,1789915610763,2026-09-20 22:46:50.763,2026-09-21 10:36:48.654,42597.891,709.96485,1.39,low,9.4789,5000.0,1.0,0,0,0,0,0,0,946,376,179,80,30,17,1,11,11,106,106,106
2000,1421,1421,3420,17887808922,17888008822,1789915630673,2026-09-20 22:47:10.673,2026-09-21 10:37:27.671,42616.998,710.2833,11.2,mid,9.4834,5000.0,1.0,1,1,1,0,0,0,946,377,180,80,30,17,0,0,0,107,107,107
2000,1422,1422,3421,17887809022,17888008922,1789915655633,2026-09-20 22:47:35.633,2026-09-21 10:37:38.954,42603.321,710.05535,1.12,low,9.4822,5000.0,1.0,0,0,0,0,0,0,945,377,180,80,30,17,1,1,1,108,108,108
2000,1423,1423,3422,17887809122,17888009022,1789915674900,2026-09-20 22:47:54.900,2026-09-21 10:37:49.618,42594.718,709.911967,1.0,low,9.4816,5000.0,1.0,0,0,0,0,0,0,944,377,180,80,30,17,2,2,2,109,109,109
2000,1424,1424,3423,17887809222,17888009122,1789915686990,2026-09-20 22:48:06.990,2026-09-21 10:37:59.812,42592.822,709.880367,1.06,low,9.4816,5000.0,1.0,0,0,0,0,0,0,944,377,180,80,30,17,3,3,3,110,110,110
2000,1425,1425,3424,17887809322,17888009222,1789915702023,2026-09-20 22:48:22.023,2026-09-21 10:39:01.167,42639.144,710.6524,71.07,high,9.5164,5000.0,1.0,1,1,1,1,1,0,945,378,181,81,31,17,0,0,0,0,0,111
2000,1426,1426,3425,17887809422,17888009322,1789915747443,2026-09-20 22:49:07.443,2026-09-21 10:39:16.169,42608.726,710.145433,1.5,low,9.5077,5000.0,1.0,0,0,0,0,0,0,944,377,180,81,31,17,1,1,1,1,1,112
2000,1427,1427,3426,17887809522,17888009422,1789915766573,2026-09-20 22:49:26.573,2026-09-21 10:39:29.319,42602.746,710.045767,1.25,low,9.5072,5000.0,1.0,0,0,0,0,0,0,943,377,180,81,31,17,2,2,2,2,2,113
2000,1428,1428,3427,17887809622,17888009522,1789915780780,2026-09-20 22:49:40.780,2026-09-21 10:39:46.266,42605.486,710.091433,1.82,low,9.5074,5000.0,1.0,0,0,0,0,0,0,943,377,180,81,31,17,3,3,3,3,3,114
2000,1429,1429,3428,17887809722,17888009622,1789915790890,2026-09-20 22:49:50.890,2026-09-21 10:39:56.278,42605.388,710.0898,1.0,low,9.5074,5000.0,1.0,0,0,0,0,0,0,943,377,180,81,31,17,4,4,4,4,4,115
2000,1430,1430,3429,17887809822,17888009722,1789915801840,2026-09-20 22:50:01.840,2026-09-21 10:40:20.326,42618.486,710.3081,3.23,mid,9.5085,5000.0,1.0,1,0,0,0,0,0,944,377,180,81,31,17,0,5,5,5,5,116
2000,1431,1431,3430,17887809922,17888009822,1789915817750,2026-09-20 22:50:17.750,2026-09-21 10:40:33.331,42615.581,710.259683,1.22,low,9.5083,5000.0,1.0,0,0,0,0,0,0,944,377,180,81,31,17,1,6,6,6,6,117
2000,1432,1432,3431,17887810022,17888009922,1789915847263,2026-09-20 22:50:47.263,2026-09-21 10:40:47.419,42600.156,710.0026,1.4,low,9.507,5000.0,1.0,0,0,0,0,0,0,943,377,180,81,31,17,2,7,7,7,7,118
2000,1433,1433,3432,17887810122,17888010022,1789915885737,2026-09-20 22:51:25.737,2026-09-21 10:40:57.089,42571.352,709.522533,1.0,low,9.5031,5000.0,1.0,0,0,0,0,0,0,942,376,180,81,31,17,3,8,8,8,8,119
2000,1434,1434,3433,17887810222,17888010122,1789915904403,2026-09-20 22:51:44.403,2026-09-21 10:41:17.369,42572.966,709.549433,2.41,mid,9.5032,5000.0,1.0,1,0,0,0,0,0,942,376,180,81,31,17,0,9,9,9,9,120
2000,1435,1435,3434,17887810322,17888010222,1789915947600,2026-09-20 22:52:27.600,2026-09-21 10:41:34.197,42546.597,709.10995,1.75,low,9.4963,5000.0,1.0,0,0,0,0,0,0,941,375,179,81,31,17,1,10,10,10,10,121
2000,1436,1436,3435,17887810422,17888010322,1789915978133,2026-09-20 22:52:58.133,2026-09-21 10:41:47.897,42529.764,708.8294,1.36,low,9.4942,5000.0,1.0,0,0,0,0,0,0,940,374,179,81,31,17,2,11,11,11,11,122
2000,1437,1437,3436,17887810522,17888010422,1789915999603,2026-09-20 22:53:19.603,2026-09-21 10:42:07.400,42527.797,708.796617,2.06,mid,9.494,5000.0,1.0,1,0,0,0,0,0,940,374,179,81,31,17,0,12,12,12,12,123
2000,1438,1438,3437,17887810622,17888010522,1789916009782,2026-09-20 22:53:29.782,2026-09-21 10:42:19.658,42529.876,708.831267,1.25,low,9.4941,5000.0,1.0,0,0,0,0,0,0,940,374,179,81,31,17,1,13,13,13,13,124
2000,1439,1439,3438,17887810722,17888010622,1789916020990,2026-09-20 22:53:40.990,2026-09-21 10:42:41.573,42540.583,709.009717,2.7,mid,9.4949,5000.0,1.0,1,0,0,0,0,0,941,374,179,81,31,17,0,14,14,14,14,125
2000,1440,1440,3439,17887810822,17888010722,1789916032510,2026-09-20 22:53:52.510,2026-09-21 10:42:58.197,42545.687,709.094783,1.74,low,9.4952,5000.0,1.0,0,0,0,0,0,0,941,374,179,81,31,17,1,15,15,15,15,126
2000,1441,1441,3440,17887810922,17888010822,1789916056097,2026-09-20 22:54:16.097,2026-09-21 10:43:23.345,42547.248,709.1208,3.6,mid,9.4955,5000.0,1.0,1,0,0,0,0,0,941,374,179,81,31,17,0,16,16,16,16,127
2000,1442,1442,3441,17887811022,17888010922,1789916072100,2026-09-20 22:54:32.100,2026-09-21 10:43:36.999,42544.899,709.08165,1.32,low,9.4953,5000.0,1.0,0,0,0,0,0,0,941,374,179,81,31,17,1,17,17,17,17,128
2000,1443,1443,3442,17887811122,17888011022,1789916096583,2026-09-20 22:54:56.583,2026-09-21 10:43:50.110,42533.527,708.892117,1.31,low,9.4943,5000.0,1.0,0,0,0,0,0,0,940,374,179,81,31,17,2,18,18,18,18,129
2000,1444,1444,3443,17887811222,17888011122,1789916130857,2026-09-20 22:55:30.857,2026-09-21 10:44:16.529,42525.672,708.7612,3.86,mid,9.4925,5000.0,1.0,1,0,0,0,0,0,940,373,179,81,31,17,0,19,19,19,19,130
2000,1445,1445,3444,17887811322,17888011222,1789916183170,2026-09-20 22:56:23.170,2026-09-21 10:45:12.524,42529.354,708.822567,45.3,high,9.4984,5000.0,1.0,1,1,1,1,0,0,940,373,179,81,31,17,0,0,0,0,20,131
2000,1446,1446,3445,17887811422,17888011322,1789916200330,2026-09-20 22:56:40.330,2026-09-21 10:45:27.787,42527.457,708.79095,1.53,low,9.4983,5000.0,1.0,0,0,0,0,0,0,940,373,179,81,31,17,1,1,1,1,21,132
2000,1447,1447,3446,17887811522,17888011422,1789916219260,2026-09-20 22:56:59.260,2026-09-21 10:45:37.740,42518.48,708.641333,1.02,low,9.4977,5000.0,1.0,0,0,0,0,0,0,939,373,179,81,31,17,2,2,2,2,22,133
2000,1448,1448,3447,17887811622,17888011522,1789916246207,2026-09-20 22:57:26.207,2026-09-21 10:45:53.596,42507.389,708.456483,1.58,low,9.4969,5000.0,1.0,0,0,0,0,0,0,938,373,179,81,31,17,3,3,3,3,23,134
2000,1449,1449,3448,17887811722,17888011622,1789916290940,2026-09-20 22:58:10.940,2026-09-21 10:46:18.245,42487.305,708.12175,3.49,mid,9.4897,5000.0,1.0,1,0,0,0,0,0,938,372,178,81,31,17,0,4,4,4,24,135
2000,1450,1450,3449,17887811822,17888011722,1789916308060,2026-09-20 22:58:28.060,2026-09-21 10:46:31.432,42483.372,708.0562,1.25,low,9.4895,5000.0,1.0,0,0,0,0,0,0,938,372,178,81,31,17,1,5,5,5,25,136
2000,1451,1451,3450,17887811922,17888011822,1789916338010,2026-09-20 22:58:58.010,2026-09-21 10:46:45.650,42467.64,707.794,1.42,low,9.4876,5000.0,1.0,0,0,0,0,0,0,937,371,178,81,31,17,2,6,6,6,26,137
2000,1452,1452,3451,17887812022,17888011922,1789916350800,2026-09-20 22:59:10.800,2026-09-21 10:47:00.103,42469.303,707.821717,1.44,low,9.4878,5000.0,1.0,0,0,0,0,0,0,937,371,178,81,31,17,3,7,7,7,27,138
2000,1453,1453,3452,17887812122,17888012022,1789916361810,2026-09-20 22:59:21.810,2026-09-21 10:47:15.724,42473.914,707.898567,1.62,low,9.4881,5000.0,1.0,0,0,0,0,0,0,937,371,178,81,31,17,4,8,8,8,28,139
2000,1454,1454,3453,17887812222,17888012122,1789916375097,2026-09-20 22:59:35.097,2026-09-21 10:47:36.624,42481.527,708.02545,2.53,mid,9.4888,5000.0,1.0,1,0,0,0,0,0,938,371,178,81,31,17,0,9,9,9,29,140
2000,1455,1455,3454,17887812322,17888012222,1789916448903,2026-09-20 23:00:48.903,2026-09-21 10:47:49.226,42420.323,707.005383,1.22,low,9.3896,5000.0,1.0,0,0,0,0,0,0,937,370,177,80,30,16,1,10,10,10,30,141
2000,1456,1456,3455,17887812422,17888012322,1789916468288,2026-09-20 23:01:08.288,2026-09-21 10:48:18.106,42429.818,707.163633,4.73,mid,9.3909,5000.0,1.0,1,0,0,0,0,0,937,370,177,80,30,16,0,11,11,11,31,142
2000,1457,1457,3456,17887812522,17888012422,1789916507670,2026-09-20 23:01:47.670,2026-09-21 10:48:40.977,42413.307,706.88845,2.97,mid,9.3867,5000.0,1.0,1,0,0,0,0,0,937,369,176,80,30,16,0,12,12,12,32,143
2000,1458,1458,3457,17887812622,17888012522,1789916523833,2026-09-20 23:02:03.833,2026-09-21 10:48:53.592,42409.759,706.829317,1.21,low,9.3864,5000.0,1.0,0,0,0,0,0,0,937,369,176,80,30,16,1,13,13,13,33,144
2000,1459,1459,3458,17887812722,17888012622,1789916594103,2026-09-20 23:03:14.103,2026-09-21 10:49:04.662,42350.559,705.84265,1.14,low,9.3131,5000.0,1.0,0,0,0,0,0,0,936,368,175,79,29,15,2,14,14,14,34,145
2000,1460,1460,3459,17887812822,17888012722,1789916613550,2026-09-20 23:03:33.550,2026-09-21 10:49:20.162,42346.612,705.776867,1.58,low,9.3128,5000.0,1.0,0,0,0,0,0,0,935,368,175,79,29,15,3,15,15,15,35,146
2000,1461,1461,3460,17887812922,17888012822,1789916682620,2026-09-20 23:04:42.620,2026-09-21 10:49:35.711,42293.091,704.88485,1.54,low,9.2468,5000.0,1.0,0,0,0,0,0,0,934,367,174,78,28,14,4,16,16,16,36,147
2000,1462,1462,3461,17887813022,17888012922,1789916708423,2026-09-20 23:05:08.423,2026-09-21 10:49:45.759,42277.336,704.622267,1.0,low,9.2455,5000.0,1.0,0,0,0,0,0,0,933,367,174,78,28,14,5,17,17,17,37,148
2000,1463,1463,3462,17887813122,17888013022,1789916722510,2026-09-20 23:05:22.510,2026-09-21 10:50:04.632,42282.122,704.702033,2.14,mid,9.2458,5000.0,1.0,1,0,0,0,0,0,934,367,174,78,28,14,0,18,18,18,38,149
2000,1464,1464,3463,17887813222,17888013122,1789916735033,2026-09-20 23:05:35.033,2026-09-21 10:50:57.918,42322.885,705.381417,34.47,high,9.2625,5000.0,1.0,1,1,1,1,0,0,935,368,175,79,28,14,0,0,0,0,39,150
2000,1465,1465,3464,17887813322,17888013222,1789916767830,2026-09-20 23:06:07.830,2026-09-21 10:51:39.218,42331.388,705.523133,13.82,mid,9.2661,5000.0,1.0,1,1,1,0,0,0,935,368,176,79,28,14,0,0,0,1,40,151
2000,1466,1466,3465,17887813422,17888013322,1789916789983,2026-09-20 23:06:29.983,2026-09-21 10:52:06.366,42336.383,705.606383,4.09,mid,9.267,5000.0,1.0,1,0,0,0,0,0,935,368,176,79,28,14,0,1,1,2,41,152
2000,1467,1467,3466,17887813522,17888013422,1789916803567,2026-09-20 23:06:43.567,2026-09-21 10:52:57.833,42374.266,706.237767,31.63,high,9.2822,5000.0,1.0,1,1,1,1,0,0,936,369,177,80,28,14,0,0,0,0,42,153
2000,1468,1468,3467,17887813622,17888013522,1789916826750,2026-09-20 23:07:06.750,2026-09-21 10:53:23.951,42377.201,706.286683,3.83,mid,9.2826,5000.0,1.0,1,0,0,0,0,0,936,369,177,80,28,14,0,1,1,1,43,154
2000,1469,1469,3468,17887813722,17888013622,1789916853643,2026-09-20 23:07:33.643,2026-09-21 10:53:35.096,42361.453,706.024217,1.1,low,9.2811,5000.0,1.0,0,0,0,0,0,0,935,369,177,80,28,14,1,2,2,2,44,155
2000,1470,1470,3469,17887813822,17888013722,1789916876303,2026-09-20 23:07:56.303,2026-09-21 10:54:18.862,42382.559,706.375983,16.58,mid,9.288,5000.0,1.0,1,1,1,0,0,0,935,370,178,80,28,14,0,0,0,3,45,156
2000,1471,1471,3470,17887813922,17888013822,1789916889123,2026-09-20 23:08:09.123,2026-09-21 10:54:30.627,42381.504,706.3584,1.17,low,9.2879,5000.0,1.0,0,0,0,0,0,0,935,370,178,80,28,14,1,1,1,4,46,157
2000,1472,1472,3471,17887814022,17888013922,1789916903283,2026-09-20 23:08:23.283,2026-09-21 10:54:41.405,42378.122,706.302033,1.07,low,9.2878,5000.0,1.0,0,0,0,0,0,0,935,370,178,80,28,14,2,2,2,5,47,158
2000,1473,1473,3472,17887814122,17888014022,1789916927213,2026-09-20 23:08:47.213,2026-09-21 10:54:56.905,42369.692,706.161533,1.55,low,9.287,5000.0,1.0,0,0,0,0,0,0,934,370,178,80,28,14,3,3,3,6,48,159
2000,1474,1474,3473,17887814222,17888014122,1789916961987,2026-09-20 23:09:21.987,2026-09-21 10:55:33.808,42371.821,706.197017,9.41,mid,9.2878,5000.0,1.0,1,1,0,0,0,0,934,370,178,80,28,14,0,0,4,7,49,160
2000,1475,1475,3474,17887814322,17888014222,1789916975460,2026-09-20 23:09:35.460,2026-09-21 10:56:01.360,42385.9,706.431667,4.22,mid,9.2892,5000.0,1.0,1,0,0,0,0,0,935,370,178,80,28,14,0,1,5,8,50,161
2000,1476,1476,3475,17887814422,17888014322,1789916990620,2026-09-20 23:09:50.620,2026-09-21 10:56:15.779,42385.159,706.419317,1.46,low,9.2892,5000.0,1.0,0,0,0,0,0,0,935,370,178,80,28,14,1,2,6,9,51,162
2000,1477,1477,3476,17887814522,17888014422,1789917010783,2026-09-20 23:10:10.783,2026-09-21 10:56:34.861,42384.078,706.4013,2.07,mid,9.2891,5000.0,1.0,1,0,0,0,0,0,935,370,178,80,28,14,0,3,7,10,52,163
2000,1478,1478,3477,17887814622,17888014522,1789917021610,2026-09-20 23:10:21.610,2026-09-21 10:56:53.234,42391.624,706.527067,1.95,low,9.2895,5000.0,1.0,0,0,0,0,0,0,935,370,178,80,28,14,1,4,8,11,53,164
2000,1479,1479,3478,17887814722,17888014622,1789917031873,2026-09-20 23:10:31.873,2026-09-21 10:57:02.846,42390.973,706.516217,1.01,low,9.2895,5000.0,1.0,0,0,0,0,0,0,935,370,178,80,28,14,2,5,9,12,54,165
2000,1480,1480,3479,17887814822,17888014722,1789917078180,2026-09-20 23:11:18.180,2026-09-21 10:57:14.734,42356.554,705.942567,1.14,low,9.28,5000.0,1.0,0,0,0,0,0,0,934,369,177,79,28,14,3,6,10,13,55,166
2000,1481,1481,3480,17887814922,17888014822,1789917089793,2026-09-20 23:11:29.793,2026-09-21 10:57:47.618,42377.825,706.297083,6.82,mid,9.2829,5000.0,1.0,1,1,0,0,0,0,935,370,177,79,28,14,0,0,11,14,56,167
2000,1482,1482,3481,17887815022,17888014922,1789917099927,2026-09-20 23:11:39.927,2026-09-21 10:57:59.452,42379.525,706.325417,1.13,low,9.2829,5000.0,1.0,0,0,0,0,0,0,935,370,177,79,28,14,1,1,12,15,57,168
2000,1483,1483,3482,17887815122,17888015022,1789917116717,2026-09-20 23:11:56.717,2026-09-21 10:58:39.668,42402.951,706.71585,12.43,mid,9.2883,5000.0,1.0,1,1,1,0,0,0,936,371,178,79,28,14,0,0,0,16,58,169
2000,1484,1484,3483,17887815222,17888015122,1789917127783,2026-09-20 23:12:07.783,2026-09-21 10:58:53.642,42405.859,706.764317,1.37,low,9.2884,5000.0,1.0,0,0,0,0,0,0,936,371,178,79,28,14,1,1,1,17,59,170
2000,1485,1485,3484,17887815322,17888015222,1789917153340,2026-09-20 23:12:33.340,2026-09-21 10:59:05.407,42392.067,706.53445,1.14,low,9.2872,5000.0,1.0,0,0,0,0,0,0,935,371,178,79,28,14,2,2,2,18,60,171
2000,1486,1486,3485,17887815422,17888015322,1789917172157,2026-09-20 23:12:52.157,2026-09-21 10:59:43.682,42411.525,706.85875,10.82,mid,9.2916,5000.0,1.0,1,1,1,0,0,0,935,372,179,79,28,14,0,0,0,19,61,172
2000,1487,1487,3486,17887815522,17888015422,1789917191470,2026-09-20 23:13:11.470,2026-09-21 11:00:11.699,42420.229,707.003817,4.44,mid,9.2927,5000.0,1.0,1,0,0,0,0,0,935,372,179,79,28,14,0,1,1,20,62,173
2000,1488,1488,3487,17887815622,17888015522,1789917213760,2026-09-20 23:13:33.760,2026-09-21 11:00:21.610,42407.85,706.7975,1.01,low,9.2918,5000.0,1.0,0,0,0,0,0,0,934,372,179,79,28,14,1,2,2,21,63,174
2000,1489,1489,3488,17887815722,17888015622,1789917267660,2026-09-20 23:14:27.660,2026-09-21 11:00:54.345,42386.685,706.44475,6.75,mid,9.2761,5000.0,1.0,1,1,0,0,0,0,934,372,178,78,28,14,0,0,3,22,64,175
2000,1490,1490,3489,17887815822,17888015722,1789917286398,2026-09-20 23:14:46.398,2026-09-21 11:01:07.275,42380.877,706.34795,1.25,low,9.2757,5000.0,1.0,0,0,0,0,0,0,933,372,178,78,28,14,1,1,4,23,65,176
2000,1491,1491,3490,17887815922,17888015822,1789917296487,2026-09-20 23:14:56.487,2026-09-21 11:01:28.268,42391.781,706.529683,2.56,mid,9.2765,5000.0,1.0,1,0,0,0,0,0,934,372,178,78,28,14,0,2,5,24,66,177
2000,1492,1492,3491,17887816022,17888015922,1789917347350,2026-09-20 23:15:47.350,2026-09-21 11:01:55.073,42367.723,706.128717,3.89,mid,9.2637,5000.0,1.0,1,0,0,0,0,0,934,371,177,77,28,14,0,3,6,25,67,178
2000,1493,1493,3492,17887816122,17888016022,1789917357467,2026-09-20 23:15:57.467,2026-09-21 11:02:22.209,42384.742,706.412367,4.13,mid,9.2652,5000.0,1.0,1,0,0,0,0,0,935,371,177,77,28,14,0,4,7,26,68,179
2000,1494,1494,3493,17887816222,17888016122,1789917376577,2026-09-20 23:16:16.577,2026-09-21 11:02:52.939,42396.362,706.606033,5.76,mid,9.2671,5000.0,1.0,1,1,0,0,0,0,935,372,177,77,28,14,0,0,8,27,69,180
2000,1495,1495,3494,17887816322,17888016222,1789917387240,2026-09-20 23:16:27.240,2026-09-21 11:03:27.925,42420.685,707.011417,7.52,mid,9.2703,5000.0,1.0,1,1,0,0,0,0,936,373,177,77,28,14,0,0,9,28,70,181
2000,1496,1496,3495,17887816422,17888016322,1789917426957,2026-09-20 23:17:06.957,2026-09-21 11:03:46.348,42399.391,706.656517,2.03,mid,9.2654,5000.0,1.0,1,0,0,0,0,0,936,372,176,77,28,14,0,1,10,29,71,182
2000,1497,1497,3496,17887816522,17888016422,1789917440710,2026-09-20 23:17:20.710,2026-09-21 11:03:56.344,42395.634,706.5939,1.01,low,9.2653,5000.0,1.0,0,0,0,0,0,0,936,372,176,77,28,14,1,2,11,30,72,183
2000,1498,1498,3497,17887816622,17888016522,1789917462780,2026-09-20 23:17:42.780,2026-09-21 11:04:12.252,42389.472,706.4912,1.59,low,9.2647,5000.0,1.0,0,0,0,0,0,0,935,372,176,77,28,14,2,3,12,31,73,184
2000,1499,1499,3498,17887816722,17888016622,1789917501790,2026-09-20 23:18:21.790,2026-09-21 11:04:25.179,42363.389,706.056483,1.3,low,9.2607,5000.0,1.0,0,0,0,0,0,0,934,371,176,77,28,14,3,4,13,32,74,185
2000,1500,1500,3499,17887816822,17888016722,1789917511923,2026-09-20 23:18:31.923,2026-09-21 11:04:48.420,42376.497,706.27495,2.91,mid,9.2616,5000.0,1.0,1,0,0,0,0,0,935,371,176,77,28,14,0,5,14,33,75,186
2000,1501,1501,3500,17887816922,17888016822,1789917523240,2026-09-20 23:18:43.240,2026-09-21 11:05:16.430,42393.19,706.553167,4.59,mid,9.2634,5000.0,1.0,1,0,0,0,0,0,936,371,176,77,28,14,0,6,15,34,76,187
2000,1502,1502,3501,17887817022,17888016922,1789917533383,2026-09-20 23:18:53.383,2026-09-21 11:05:28.374,42394.991,706.583183,1.2,low,9.2635,5000.0,1.0,0,0,0,0,0,0,936,371,176,77,28,14,1,7,16,35,77,188
2000,1503,1503,3502,17887817122,17888017022,1789917549370,2026-09-20 23:19:09.370,2026-09-21 11:05:50.377,42401.007,706.68345,2.58,mid,9.264,5000.0,1.0,1,0,0,0,0,0,937,371,176,77,28,14,0,8,17,36,78,189
2000,1504,1504,3503,17887817222,17888017122,1789917567027,2026-09-20 23:19:27.027,2026-09-21 11:06:09.443,42402.416,706.706933,2.19,mid,9.2641,5000.0,1.0,1,0,0,0,0,0,938,371,176,77,28,14,0,9,18,37,79,190
2000,1505,1505,3504,17887817322,17888017222,1789917599223,2026-09-20 23:19:59.223,2026-09-21 11:06:26.148,42386.925,706.44875,1.71,low,9.2618,5000.0,1.0,0,0,0,0,0,0,937,370,176,77,28,14,1,10,19,38,80,191
2000,1506,1506,3505,17887817422,17888017322,1789917610440,2026-09-20 23:20:10.440,2026-09-21 11:07:05.403,42414.963,706.91605,11.07,mid,9.2668,5000.0,1.0,1,1,1,0,0,0,938,371,177,77,28,14,0,0,0,39,81,192
2000,1507,1507,3506,17887817522,17888017422,1789917620557,2026-09-20 23:20:20.557,2026-09-21 11:07:15.512,42414.955,706.915917,1.07,low,9.2669,5000.0,1.0,0,0,0,0,0,0,938,371,177,77,28,14,1,1,1,40,82,193
2000,1508,1508,3507,17887817622,17888017522,1789917631717,2026-09-20 23:20:31.717,2026-09-21 11:07:25.796,42414.079,706.901317,1.0,low,9.2668,5000.0,1.0,0,0,0,0,0,0,938,371,177,77,28,14,2,2,2,41,83,194
2000,1509,1509,3508,17887817722,17888017622,1789917644047,2026-09-20 23:20:44.047,2026-09-21 11:07:52.893,42428.846,707.147433,4.14,mid,9.2683,5000.0,1.0,1,0,0,0,0,0,939,371,177,77,28,14,0,3,3,42,84,195
2000,1510,1510,3509,17887817822,17888017722,1789917665953,2026-09-20 23:21:05.953,2026-09-21 11:08:53.411,42467.458,707.790967,65.82,high,9.2998,5000.0,1.0,1,1,1,1,1,0,939,372,178,78,29,14,0,0,0,0,0,196
2000,1511,1511,3510,17887817922,17888017822,1789917677710,2026-09-20 23:21:17.710,2026-09-21 11:09:19.051,42481.341,708.02235,3.63,mid,9.3011,5000.0,1.0,1,0,0,0,0,0,940,372,178,78,29,14,0,1,1,1,1,197
2000,1512,1512,3511,17887818022,17888017922,1789917694270,2026-09-20 23:21:34.270,2026-09-21 11:09:51.334,42497.064,708.2844,6.23,mid,9.3034,5000.0,1.0,1,1,0,0,0,0,941,373,178,78,29,14,0,0,2,2,2,198
2000,1513,1513,3512,17887818122,17888018022,1789917704397,2026-09-20 23:21:44.397,2026-09-21 11:10:07.606,42503.209,708.386817,1.74,low,9.3038,5000.0,1.0,0,0,0,0,0,0,941,373,178,78,29,14,1,1,3,3,3,199
2000,1514,1514,3513,17887818222,17888018122,1789917714683,2026-09-20 23:21:54.683,2026-09-21 11:10:30.017,42515.334,708.5889,2.77,mid,9.3046,5000.0,1.0,1,0,0,0,0,0,942,373,178,78,29,14,0,2,4,4,4,200
2000,1515,1515,3514,17887818322,17888018222,1789917729037,2026-09-20 23:22:09.037,2026-09-21 11:10:43.946,42514.909,708.581817,1.37,low,9.3046,5000.0,1.0,0,0,0,0,0,0,942,373,178,78,29,14,1,3,5,5,5,201
2000,1516,1516,3515,17887818422,17888018322,1789917740533,2026-09-20 23:22:20.533,2026-09-21 11:11:45.765,42565.232,709.420533,70.31,high,9.3392,5000.0,1.0,1,1,1,1,1,0,943,374,179,79,30,14,0,0,0,0,0,202
2000,1517,1517,3516,17887818522,17888018422,1789917778170,2026-09-20 23:22:58.170,2026-09-21 11:12:05.997,42547.827,709.13045,2.39,mid,9.3355,5000.0,1.0,1,0,0,0,0,0,943,373,179,79,30,14,0,1,1,1,1,203
2000,1518,1518,3517,17887818622,17888018522,1789917788270,2026-09-20 23:23:08.270,2026-09-21 11:13:15.182,42606.912,710.1152,135.0,extra,9.4025,5000.0,1.0,1,1,1,1,1,1,944,374,180,80,31,15,0,0,0,0,0,0
2000,1519,1519,3518,17887818722,17888018622,1789917820710,2026-09-20 23:23:40.710,2026-09-21 11:13:53.915,42613.205,710.220083,11.06,mid,9.4051,5000.0,1.0,1,1,1,0,0,0,944,374,181,80,31,15,0,0,0,1,1,1
2000,1520,1520,3519,17887818822,17888018722,1789917837617,2026-09-20 23:23:57.617,2026-09-21 11:14:06.599,42608.982,710.1497,1.25,low,9.4048,5000.0,1.0,0,0,0,0,0,0,944,374,181,80,31,15,1,1,1,2,2,2
2000,1521,1521,3520,17887818922,17888018822,1789917849224,2026-09-20 23:24:09.224,2026-09-21 11:14:18.967,42609.743,710.162383,1.24,low,9.4049,5000.0,1.0,0,0,0,0,0,0,944,374,181,80,31,15,2,2,2,3,3,3
2000,1522,1522,3521,17887819022,17888018922,1789917871527,2026-09-20 23:24:31.527,2026-09-21 11:14:29.919,42598.392,709.9732,1.05,low,9.404,5000.0,1.0,0,0,0,0,0,0,943,374,181,80,31,15,3,3,3,4,4,4
2000,1523,1523,3522,17887819122,17888019022,1789917882590,2026-09-20 23:24:42.590,2026-09-21 11:14:43.295,42600.705,710.01175,1.36,low,9.4042,5000.0,1.0,0,0,0,0,0,0,943,374,181,80,31,15,4,4,4,5,5,5
2000,1524,1524,3523,17887819222,17888019122,1789917903457,2026-09-20 23:25:03.457,2026-09-21 11:15:06.300,42602.843,710.047383,2.85,mid,9.4044,5000.0,1.0,1,0,0,0,0,0,943,374,181,80,31,15,0,5,5,6,6,6
2000,1525,1525,3524,17887819322,17888019222,1789917924620,2026-09-20 23:25:24.620,2026-09-21 11:15:16.379,42591.759,709.86265,1.0,low,9.4036,5000.0,1.0,0,0,0,0,0,0,942,374,181,80,31,15,1,6,6,7,7,7
2000,1526,1526,3525,17887819422,17888019322,1789917944903,2026-09-20 23:25:44.903,2026-09-21 11:15:32.100,42587.197,709.786617,1.59,low,9.4032,5000.0,1.0,0,0,0,0,0,0,941,374,181,80,31,15,2,7,7,8,8,8
2000,1527,1527,3526,17887819522,17888019422,1789917976890,2026-09-20 23:26:16.890,2026-09-21 11:15:46.723,42569.833,709.497217,1.46,low,9.4009,5000.0,1.0,0,0,0,0,0,0,940,373,181,80,31,15,3,8,8,9,9,9
2000,1528,1528,3527,17887819622,17888019522,1789917995663,2026-09-20 23:26:35.663,2026-09-21 11:16:08.563,42572.9,709.548333,2.66,mid,9.4012,5000.0,1.0,1,0,0,0,0,0,940,373,181,80,31,15,0,9,9,10,10,10
2000,1529,1529,3528,17887819722,17888019622,1789918026937,2026-09-20 23:27:06.937,2026-09-21 11:16:24.726,42557.789,709.296483,1.62,low,9.3991,5000.0,1.0,0,0,0,0,0,0,939,372,181,80,31,15,1,10,10,11,11,11
2000,1530,1530,3529,17887819822,17888019722,1789918056230,2026-09-20 23:27:36.230,2026-09-21 11:16:39.727,42543.497,709.058283,1.58,low,9.3974,5000.0,1.0,0,0,0,0,0,0,938,372,181,80,31,15,2,11,11,12,12,12
2000,1531,1531,3530,17887819922,17888019822,1789918072147,2026-09-20 23:27:52.147,2026-09-21 11:16:56.740,42544.593,709.07655,1.72,low,9.3974,5000.0,1.0,0,0,0,0,0,0,938,372,181,80,31,15,3,12,12,13,13,13
2000,1532,1532,3531,17887820022,17888019922,1789918108253,2026-09-20 23:28:28.253,2026-09-21 11:17:06.687,42518.434,708.640567,1.03,low,9.3936,5000.0,1.0,0,0,0,0,0,0,937,371,181,80,31,15,4,13,13,14,14,14
2000,1533,1533,3532,17887820122,17888020022,1789918145387,2026-09-20 23:29:05.387,2026-09-21 11:17:31.620,42506.233,708.437217,3.45,mid,9.3906,5000.0,1.0,1,0,0,0,0,0,937,370,181,80,31,15,0,14,14,15,15,15
2000,1534,1534,3533,17887820222,17888020122,1789918162923,2026-09-20 23:29:22.923,2026-09-21 11:18:01.603,42518.68,708.644667,5.27,mid,9.3923,5000.0,1.0,1,1,0,0,0,0,938,371,181,80,31,15,0,0,15,16,16,16
2000,1535,1535,3534,17887820322,17888020222,1789918177687,2026-09-20 23:29:37.687,2026-09-21 11:18:22.838,42525.151,708.752517,2.44,mid,9.3928,5000.0,1.0,1,0,0,0,0,0,939,371,181,80,31,15,0,1,16,17,17,17
2000,1536,1536,3535,17887820422,17888020322,1789918193320,2026-09-20 23:29:53.320,2026-09-21 11:18:59.615,42546.295,709.104917,9.66,mid,9.3969,5000.0,1.0,1,1,0,0,0,0,940,372,181,80,31,15,0,0,17,18,18,18
2000,1537,1537,3536,17887820522,17888020422,1789918215063,2026-09-20 23:30:15.063,2026-09-21 11:19:16.766,42541.703,709.028383,1.77,low,9.3964,5000.0,1.0,0,0,0,0,0,0,939,372,181,80,31,15,1,1,18,19,19,19
2000,1538,1538,3537,17887820622,17888020522,1789918228823,2026-09-20 23:30:28.823,2026-09-21 11:19:39.402,42550.579,709.176317,2.74,mid,9.3971,5000.0,1.0,1,0,0,0,0,0,940,372,181,80,31,15,0,2,19,20,20,20
2000,1539,1539,3538,17887820722,17888020622,1789918262490,2026-09-20 23:31:02.490,2026-09-21 11:19:52.813,42530.323,708.838717,1.37,low,9.3942,5000.0,1.0,0,0,0,0,0,0,939,371,181,80,31,15,1,3,20,21,21,21
2000,1540,1540,3539,17887820822,17888020722,1789918288060,2026-09-20 23:31:28.060,2026-09-21 11:20:08.421,42520.361,708.672683,1.61,low,9.3932,5000.0,1.0,0,0,0,0,0,0,938,371,181,80,31,15,2,4,21,22,22,22
2000,1541,1541,3540,17887820922,17888020822,1789918305043,2026-09-20 23:31:45.043,2026-09-21 11:20:23.108,42518.065,708.634417,1.48,low,9.3931,5000.0,1.0,0,0,0,0,0,0,938,371,181,80,31,15,3,5,22,23,23,23
2000,1542,1542,3541,17887821022,17888020922,1789918316230,2026-09-20 23:31:56.230,2026-09-21 11:20:35.936,42519.706,708.661767,1.24,low,9.3931,5000.0,1.0,0,0,0,0,0,0,938,371,181,80,31,15,4,6,23,24,24,24
2000,1543,1543,3542,17887821122,17888021022,1789918340967,2026-09-20 23:32:20.967,2026-09-21 11:20:46.334,42505.367,708.422783,1.05,low,9.392,5000.0,1.0,0,0,0,0,0,0,937,371,181,80,31,15,5,7,24,25,25,25
2000,1544,1544,3543,17887821222,17888021122,1789918362870,2026-09-20 23:32:42.870,2026-09-21 11:20:57.648,42494.778,708.2463,1.13,low,9.3912,5000.0,1.0,0,0,0,0,0,0,936,371,181,80,31,15,6,8,25,26,26,26
2000,1545,1545,3544,17887821322,17888021222,1789918389053,2026-09-20 23:33:09.053,2026-09-21 11:21:22.418,42493.365,708.22275,3.26,mid,9.3909,5000.0,1.0,1,0,0,0,0,0,936,371,181,80,31,15,0,9,26,27,27,27
2000,1546,1546,3545,17887821422,17888021322,1789918406997,2026-09-20 23:33:26.997,2026-09-21 11:22:05.175,42518.178,708.6363,15.01,mid,9.3975,5000.0,1.0,1,1,1,0,0,0,937,372,182,80,31,15,0,0,0,28,28,28
2000,1547,1547,3546,17887821522,17888021422,1789918428227,2026-09-20 23:33:48.227,2026-09-21 11:22:25.471,42517.244,708.620733,2.48,mid,9.3974,5000.0,1.0,1,0,0,0,0,0,937,372,182,80,31,15,0,1,1,29,29,29
2000,1548,1548,3547,17887821622,17888021522,1789918459647,2026-09-20 23:34:19.647,2026-09-21 11:22:51.552,42511.905,708.53175,3.66,mid,9.3963,5000.0,1.0,1,0,0,0,0,0,937,371,182,80,31,15,0,2,2,30,30,30
2000,1549,1549,3548,17887821722,17888021622,1789918469770,2026-09-20 23:34:29.770,2026-09-21 11:23:10.403,42520.633,708.677217,2.12,mid,9.3969,5000.0,1.0,1,0,0,0,0,0,938,371,182,80,31,15,0,3,3,31,31,31
2000,1550,1550,3549,17887821822,17888021722,1789918486833,2026-09-20 23:34:46.833,2026-09-21 11:23:21.824,42514.991,708.583183,1.09,low,9.3965,5000.0,1.0,0,0,0,0,0,0,938,371,182,80,31,15,1,4,4,32,32,32
2000,1551,1551,3550,17887821922,17888021822,1789918518930,2026-09-20 23:35:18.930,2026-09-21 11:23:31.613,42492.683,708.211383,1.0,low,9.3939,5000.0,1.0,0,0,0,0,0,0,937,370,182,80,31,15,2,5,5,33,33,33
2000,1552,1552,3551,17887822022,17888021922,1789918531037,2026-09-20 23:35:31.037,2026-09-21 11:23:55.997,42504.96,708.416,3.14,mid,9.3949,5000.0,1.0,1,0,0,0,0,0,938,370,182,80,31,15,0,6,6,34,34,34
2000,1553,1553,3552,17887822122,17888022022,1789918541147,2026-09-20 23:35:41.147,2026-09-21 11:24:06.579,42505.432,708.423867,1.13,low,9.395,5000.0,1.0,0,0,0,0,0,0,938,370,182,80,31,15,1,7,7,35,35,35
2000,1554,1554,3553,17887822222,17888022122,1789918554680,2026-09-20 23:35:54.680,2026-09-21 11:24:19.855,42505.175,708.419583,1.24,low,9.3949,5000.0,1.0,0,0,0,0,0,0,938,370,182,80,31,15,2,8,8,36,36,36
2000,1555,1555,3554,17887822322,17888022222,1789918582273,2026-09-20 23:36:22.273,2026-09-21 11:24:30.673,42488.4,708.14,1.11,low,9.3933,5000.0,1.0,0,0,0,0,0,0,937,370,182,80,31,15,3,9,9,37,37,37
2000,1556,1556,3555,17887822422,17888022322,1789918599323,2026-09-20 23:36:39.323,2026-09-21 11:25:21.465,42522.142,708.702367,28.44,high,9.4067,5000.0,1.0,1,1,1,1,0,0,938,371,183,81,31,15,0,0,0,0,38,38
2000,1557,1557,3556,17887822522,17888022422,1789918622697,2026-09-20 23:37:02.697,2026-09-21 11:25:32.155,42509.458,708.490967,1.07,low,9.4057,5000.0,1.0,0,0,0,0,0,0,937,371,183,81,31,15,1,1,1,1,39,39
2000,1558,1558,3557,17887822622,17888022522,1789918641057,2026-09-20 23:37:21.057,2026-09-21 11:25:44.169,42503.112,708.3852,1.23,low,9.4053,5000.0,1.0,0,0,0,0,0,0,936,371,183,81,31,15,2,2,2,2,40,40
2000,1559,1559,3558,17887822722,17888022622,1789918672877,2026-09-20 23:37:52.877,2026-09-21 11:25:54.582,42481.705,708.028417,1.03,low,9.4028,5000.0,1.0,0,0,0,0,0,0,935,370,183,81,31,15,3,3,3,3,41,41
2000,1560,1560,3559,17887822822,17888022722,1789918686817,2026-09-20 23:38:06.817,2026-09-21 11:26:09.063,42482.246,708.037433,1.45,low,9.4028,5000.0,1.0,0,0,0,0,0,0,935,370,183,81,31,15,4,4,4,4,42,42
2000,1561,1561,3560,17887822922,17888022822,1789918738303,2026-09-20 23:38:58.303,2026-09-21 11:26:49.206,42470.903,707.848383,12.16,mid,9.3932,5000.0,1.0,1,1,1,0,0,0,935,370,183,80,31,15,0,0,0,5,43,43
2000,1562,1562,3561,17887823022,17888022922,1789918754336,2026-09-20 23:39:14.336,2026-09-21 11:27:06.609,42472.273,707.871217,1.86,low,9.3933,5000.0,1.0,0,0,0,0,0,0,935,370,183,80,31,15,1,1,1,6,44,44
2000,1563,1563,3562,17887823122,17888023022,1789918785964,2026-09-20 23:39:45.964,2026-09-21 11:27:20.357,42454.393,707.573217,1.29,low,9.391,5000.0,1.0,0,0,0,0,0,0,934,369,183,80,31,15,2,2,2,7,45,45
2000,1564,1564,3563,17887823222,17888023122,1789918805073,2026-09-20 23:40:05.073,2026-09-21 11:27:32.996,42447.923,707.465383,1.29,low,9.3905,5000.0,1.0,0,0,0,0,0,0,933,369,183,80,31,15,3,3,3,8,46,46
2000,1565,1565,3564,17887823322,17888023222,1789918832591,2026-09-20 23:40:32.591,2026-09-21 11:28:05.197,42452.606,707.543433,6.29,mid,9.3916,5000.0,1.0,1,1,0,0,0,0,933,370,183,80,31,15,0,0,4,9,47,47
2000,1566,1566,3565,17887823422,17888023322,1789918843063,2026-09-20 23:40:43.063,2026-09-21 11:28:20.109,42457.046,707.617433,1.45,low,9.3918,5000.0,1.0,0,0,0,0,0,0,933,370,183,80,31,15,1,1,5,10,48,48
2000,1567,1567,3566,17887823522,17888023422,1789918854283,2026-09-20 23:40:54.283,2026-09-21 11:28:36.888,42462.605,707.710083,1.85,low,9.3921,5000.0,1.0,0,0,0,0,0,0,933,370,183,80,31,15,2,2,6,11,49,49
2000,1568,1568,3567,17887823622,17888023522,1789918880030,2026-09-20 23:41:20.030,2026-09-21 11:28:50.422,42450.392,707.506533,1.31,low,9.391,5000.0,1.0,0,0,0,0,0,0,932,370,183,80,31,15,3,3,7,12,50,50
2000,1569,1569,3568,17887823722,17888023622,1789918895123,2026-09-20 23:41:35.123,2026-09-21 11:29:22.826,42467.703,707.79505,6.17,mid,9.3933,5000.0,1.0,1,1,0,0,0,0,933,371,183,80,31,15,0,0,8,13,51,51
2000,1570,1570,3569,17887823822,17888023722,1789918905540,2026-09-20 23:41:45.540,2026-09-21 11:30:06.209,42500.669,708.344483,16.59,mid,9.4011,5000.0,1.0,1,1,1,0,0,0,934,372,184,80,31,15,0,0,0,14,52,52
2000,1571,1571,3570,17887823922,17888023822,1789918924853,2026-09-20 23:42:04.853,2026-09-21 11:31:02.927,42538.074,708.9679,49.36,high,9.4247,5000.0,1.0,1,1,1,1,0,0,934,373,185,81,31,15,0,0,0,0,53,53
2000,1572,1572,3571,17887824022,17888023922,1789918950930,2026-09-20 23:42:30.930,2026-09-21 11:31:43.873,42552.943,709.215717,13.13,mid,9.4297,5000.0,1.0,1,1,1,0,0,0,934,374,186,81,31,15,0,0,0,1,54,54
2000,1573,1573,3572,17887824122,17888024022,1789919066430,2026-09-20 23:44:26.430,2026-09-21 11:32:09.936,42463.506,707.7251,3.71,mid,6.9316,1498.33,1.0,1,0,0,0,0,0,934,373,185,80,30,14,0,1,1,2,55,55
2000,1574,1574,3573,17887824222,17888024122,1789919086687,2026-09-20 23:44:46.687,2026-09-21 11:32:37.505,42470.818,707.846967,4.09,mid,6.9325,1498.33,1.0,1,0,0,0,0,0,934,373,185,80,30,14,0,2,2,3,56,56
2000,1575,1575,3574,17887824322,17888024222,1789919102433,2026-09-20 23:45:02.433,2026-09-21 11:32:47.647,42465.214,707.753567,1.04,low,6.9322,1498.33,1.0,0,0,0,0,0,0,934,373,185,80,30,14,1,3,3,4,57,57
2000,1576,1576,3575,17887824422,17888024322,1789919114693,2026-09-20 23:45:14.693,2026-09-21 11:33:04.085,42469.392,707.8232,1.75,low,6.9324,1498.33,1.0,0,0,0,0,0,0,934,373,185,80,30,14,2,4,4,5,58,58
2000,1577,1577,3576,17887824522,17888024422,1789919125730,2026-09-20 23:45:25.730,2026-09-21 11:33:27.330,42481.6,708.026667,2.94,mid,6.9334,1498.33,1.0,1,0,0,0,0,0,935,373,185,80,30,14,0,5,5,6,59,59
2000,1578,1578,3577,17887824622,17888024522,1789919137030,2026-09-20 23:45:37.030,2026-09-21 11:33:43.626,42486.596,708.109933,1.61,low,6.9336,1498.33,1.0,0,0,0,0,0,0,935,373,185,80,30,14,1,6,6,7,60,60
2000,1579,1579,3578,17887824722,17888024622,1789919154293,2026-09-20 23:45:54.293,2026-09-21 11:33:59.624,42485.331,708.08885,1.73,low,6.9336,1498.33,1.0,0,0,0,0,0,0,935,373,185,80,30,14,2,7,7,8,61,61
2000,1580,1580,3579,17887824822,17888024722,1789919164423,2026-09-20 23:46:04.423,2026-09-21 11:34:58.253,42533.83,708.897167,57.13,high,6.9616,1498.33,1.0,1,1,1,1,1,0,936,374,186,81,31,14,0,0,0,0,0,62
2000,1581,1581,3580,17887824922,17888024822,1789919177897,2026-09-20 23:46:17.897,2026-09-21 11:35:13.859,42535.962,708.9327,1.61,low,6.9618,1498.33,1.0,0,0,0,0,0,0,936,374,186,81,31,14,1,1,1,1,1,63
2000,1582,1582,3581,17887825022,17888024922,1789919225437,2026-09-20 23:47:05.437,2026-09-21 11:35:24.665,42499.228,708.320467,1.0,low,6.9511,1498.33,1.0,0,0,0,0,0,0,935,373,185,80,31,14,2,2,2,2,2,64
2000,1583,1583,3582,17887825122,17888025022,1789919244963,2026-09-20 23:47:24.963,2026-09-21 11:35:59.187,42514.224,708.5704,7.89,mid,6.9539,1498.33,1.0,1,1,0,0,0,0,935,374,185,80,31,14,0,0,3,3,3,65
2000,1584,1584,3583,17887825222,17888025122,1789919285080,2026-09-20 23:48:05.080,2026-09-21 11:36:21.697,42496.617,708.27695,2.82,mid,6.9492,1498.33,1.0,1,0,0,0,0,0,935,373,184,80,31,14,0,1,4,4,4,66
2000,1585,1585,3584,17887825322,17888025222,1789919314993,2026-09-20 23:48:34.993,2026-09-21 11:36:38.422,42483.429,708.05715,1.79,low,6.9475,1498.33,1.0,0,0,0,0,0,0,934,372,184,80,31,14,1,2,5,5,5,67
2000,1586,1586,3585,17887825422,17888025322,1789919336010,2026-09-20 23:48:56.010,2026-09-21 11:36:50.782,42474.772,707.912867,1.18,low,6.9469,1498.33,1.0,0,0,0,0,0,0,933,372,184,80,31,14,2,3,6,6,6,68
2000,1587,1587,3586,17887825522,17888025422,1789919346740,2026-09-20 23:49:06.740,2026-09-21 11:37:09.647,42482.907,708.04845,2.07,mid,6.9474,1498.33,1.0,1,0,0,0,0,0,934,372,184,80,31,14,0,4,7,7,7,69
2000,1588,1588,3587,17887825622,17888025522,1789919360200,2026-09-20 23:49:20.200,2026-09-21 11:37:43.018,42502.818,708.3803,7.13,mid,6.9503,1498.33,1.0,1,1,0,0,0,0,935,373,184,80,31,14,0,0,8,8,8,70
2000,1589,1589,3588,17887825722,17888025622,1789919378320,2026-09-20 23:49:38.320,2026-09-21 11:38:30.620,42532.3,708.871667,21.44,mid,6.96,1498.33,1.0,1,1,1,1,0,0,936,374,185,81,31,14,0,0,0,0,9,71
2000,1590,1590,3589,17887825822,17888025722,1789919397590,2026-09-20 23:49:57.590,2026-09-21 11:38:54.552,42536.962,708.949367,3.24,mid,6.9606,1498.33,1.0,1,0,0,0,0,0,936,374,185,81,31,14,0,1,1,1,10,72
2000,1591,1591,3590,17887825922,17888025822,1789919416913,2026-09-20 23:50:16.913,2026-09-21 11:39:10.945,42534.032,708.900533,1.76,low,6.9604,1498.33,1.0,0,0,0,0,0,0,935,374,185,81,31,14,1,2,2,2,11,73
2000,1592,1592,3591,17887826022,17888025922,1789919429727,2026-09-20 23:50:29.727,2026-09-21 11:39:47.584,42557.857,709.297617,8.91,mid,6.9643,1498.33,1.0,1,1,0,0,0,0,936,375,185,81,31,14,0,0,3,3,12,74
2000,1593,1593,3592,17887826122,17888026022,1789919452097,2026-09-20 23:50:52.097,2026-09-21 11:40:01.268,42549.171,709.15285,1.37,low,6.9636,1498.33,1.0,0,0,0,0,0,0,935,375,185,81,31,14,1,1,4,4,13,75
2000,1594,1594,3593,17887826222,17888026122,1789919462203,2026-09-20 23:51:02.203,2026-09-21 11:40:16.529,42554.326,709.238767,1.51,low,6.9639,1498.33,1.0,0,0,0,0,0,0,935,375,185,81,31,14,2,2,5,5,14,76
2000,1595,1595,3594,17887826322,17888026222,1789919476717,2026-09-20 23:51:16.717,2026-09-21 11:40:50.759,42574.042,709.567367,7.31,mid,6.9668,1498.33,1.0,1,1,0,0,0,0,936,376,185,81,31,14,0,0,6,6,15,77
2000,1596,1596,3595,17887826422,17888026322,1789919493320,2026-09-20 23:51:33.320,2026-09-21 11:41:07.311,42573.991,709.566517,1.78,low,6.9668,1498.33,1.0,0,0,0,0,0,0,936,376,185,81,31,14,1,1,7,7,16,78
2000,1597,1597,3596,17887826522,17888026422,1789919515873,2026-09-20 23:51:55.873,2026-09-21 11:41:20.637,42564.764,709.412733,1.27,low,6.966,1498.33,1.0,0,0,0,0,0,0,935,376,185,81,31,14,2,2,8,8,17,79
2000,1598,1598,3597,17887826622,17888026522,1789919543507,2026-09-20 23:52:23.507,2026-09-21 11:41:35.728,42552.221,709.203683,1.61,low,6.9647,1498.33,1.0,0,0,0,0,0,0,934,376,185,81,31,14,3,3,9,9,18,80
2000,1599,1599,3598,17887826722,17888026622,1789919580737,2026-09-20 23:53:00.737,2026-09-21 11:41:46.954,42526.217,708.770283,1.09,low,6.9605,1498.33,1.0,0,0,0,0,0,0,933,375,185,81,31,14,4,4,10,10,19,81
2000,1600,1600,3599,17887826822,17888026722,1789919597617,2026-09-20 23:53:17.617,2026-09-21 11:41:58.069,42520.452,708.6742,1.0,low,6.9601,1498.33,1.0,0,0,0,0,0,0,933,375,185,81,31,14,5,5,11,11,20,82
2000,1601,1601,3600,17887826922,17888026822,1789919620350,2026-09-20 23:53:40.350,2026-09-21 11:42:16.025,42515.675,708.594583,1.95,low,6.9597,1498.33,1.0,0,0,0,0,0,0,932,375,185,81,31,14,6,6,12,12,21,83
2000,1602,1602,3601,17887827022,17888026922,1789919651483,2026-09-20 23:54:11.483,2026-09-21 11:42:38.969,42507.486,708.4581,2.76,mid,6.9582,1498.33,1.0,1,0,0,0,0,0,932,374,185,81,31,14,0,7,13,13,22,84
2000,1603,1603,3602,17887827122,17888027022,1789919669933,2026-09-20 23:54:29.933,2026-09-21 11:43:14.745,42524.812,708.746867,8.85,mid,6.9616,1498.33,1.0,1,1,0,0,0,0,933,375,185,81,31,14,0,0,14,14,23,85
2000,1604,1604,3603,17887827222,17888027122,1789919689017,2026-09-20 23:54:49.017,2026-09-21 11:43:25.023,42516.006,708.6001,1.0,low,6.9611,1498.33,1.0,0,0,0,0,0,0,932,375,185,81,31,14,1,1,15,15,24,86
2000,1605,1605,3604,17887827322,17888027222,1789919700797,2026-09-20 23:55:00.797,2026-09-21 11:43:39.513,42518.716,708.645267,1.49,low,6.9612,1498.33,1.0,0,0,0,0,0,0,932,375,185,81,31,14,2,2,16,16,25,87
2000,1606,1606,3605,17887827422,17888027322,1789919718950,2026-09-20 23:55:18.950,2026-09-21 11:44:01.347,42522.397,708.706617,2.58,mid,6.9615,1498.33,1.0,1,0,0,0,0,0,933,375,185,81,31,14,0,3,17,17,26,88
2000,1607,1607,3606,17887827522,17888027422,1789919763500,2026-09-20 23:56:03.500,2026-09-21 11:44:12.965,42489.465,708.15775,1.13,low,6.9534,1498.33,1.0,0,0,0,0,0,0,932,374,184,81,31,14,1,4,18,18,27,89
2000,1608,1608,3607,17887827622,17888027522,1789919774163,2026-09-20 23:56:14.163,2026-09-21 11:44:22.699,42488.536,708.142267,1.0,low,6.9534,1498.33,1.0,0,0,0,0,0,0,932,374,184,81,31,14,2,5,19,19,28,90
2000,1609,1609,3608,17887827722,17888027622,1789919795923,2026-09-20 23:56:35.923,2026-09-21 11:44:45.334,42489.411,708.15685,2.82,mid,6.9535,1498.33,1.0,1,0,0,0,0,0,932,374,184,81,31,14,0,6,20,20,29,91
2000,1610,1610,3609,17887827822,17888027722,1789919806733,2026-09-20 23:56:46.733,2026-09-21 11:45:11.066,42504.333,708.40555,3.68,mid,6.9548,1498.33,1.0,1,0,0,0,0,0,933,374,184,81,31,14,0,7,21,21,30,92
2000,1611,1611,3610,17887827922,17888027822,1789919848397,2026-09-20 23:57:28.397,2026-09-21 11:45:22.329,42473.932,707.898867,1.14,low,6.9491,1498.33,1.0,0,0,0,0,0,0,932,373,183,81,31,14,1,8,22,22,31,93
2000,1612,1612,3611,17887828022,17888027922,1789919859100,2026-09-20 23:57:39.100,2026-09-21 11:45:37.637,42478.537,707.975617,1.46,low,6.9493,1498.33,1.0,0,0,0,0,0,0,932,373,183,81,31,14,2,9,23,23,32,94
2000,1613,1613,3612,17887828122,17888028022,1789919875603,2026-09-20 23:57:55.603,2026-09-21 11:45:58.242,42482.639,708.043983,2.51,mid,6.9497,1498.33,1.0,1,0,0,0,0,0,933,373,183,81,31,14,0,10,24,24,33,95
2000,1614,1614,3613,17887828222,17888028122,1789919885773,2026-09-20 23:58:05.773,2026-09-21 11:46:11.602,42485.829,708.09715,1.3,low,6.9498,1498.33,1.0,0,0,0,0,0,0,933,373,183,81,31,14,1,11,25,25,34,96
2000,1615,1615,3614,17887828322,17888028222,1789919948910,2026-09-20 23:59:08.910,2026-09-21 11:47:17.848,42488.938,708.148967,107.76,extra,6.9627,1498.33,1.0,1,1,1,1,1,1,933,373,183,81,31,15,0,0,0,0,0,0
2000,1616,1616,3615,17887828422,17888028322,1789919981640,2026-09-20 23:59:41.640,2026-09-21 11:47:36.707,42475.067,707.917783,2.07,mid,6.9604,1498.33,1.0,1,0,0,0,0,0,933,372,183,81,31,15,0,1,1,1,1,1
2000,1617,1617,3616,17887828522,17888028422,1789919993219,2026-09-20 23:59:53.219,2026-09-21 11:48:33.762,42520.543,708.675717,49.65,high,6.9847,1498.33,1.0,1,1,1,1,0,0,934,373,184,82,31,15,0,0,0,0,2,2
2000,1618,1618,3617,17887828622,17888028522,1789920017856,2026-09-21 00:00:17.856,2026-09-21 11:49:08.699,42530.843,708.847383,7.82,mid,6.9869,1498.33,1.0,1,1,0,0,0,0,934,374,184,82,31,15,0,0,1,1,3,3
2000,1619,1619,3618,17887828722,17888028622,1789920033890,2026-09-21 00:00:33.890,2026-09-21 11:49:54.324,42560.434,709.340567,18.55,mid,6.9953,1498.33,1.0,1,1,1,0,0,0,935,375,185,82,31,15,0,0,0,2,4,4
2000,1620,1620,3619,17887828822,17888028722,1789920044592,2026-09-21 00:00:44.592,2026-09-21 11:50:11.246,42566.654,709.444233,1.87,low,6.9957,1498.33,1.0,0,0,0,0,0,0,935,375,185,82,31,15,1,1,1,3,5,5
2000,1621,1621,3620,17887828922,17888028822,1789920065545,2026-09-21 00:01:05.545,2026-09-21 11:50:28.628,42563.083,709.384717,1.77,low,6.9954,1498.33,1.0,0,0,0,0,0,0,934,375,185,82,31,15,2,2,2,4,6,6
2000,1622,1622,3621,17887829022,17888028922,1789920086837,2026-09-21 00:01:26.837,2026-09-21 11:50:48.475,42561.638,709.360633,2.37,mid,6.9953,1498.33,1.0,1,0,0,0,0,0,934,375,185,82,31,15,0,3,3,5,7,7
2000,1623,1623,3622,17887829122,17888029022,1789920098547,2026-09-21 00:01:38.547,2026-09-21 11:51:23.461,42584.914,709.748567,7.66,mid,6.9986,1498.33,1.0,1,1,0,0,0,0,935,376,185,82,31,15,0,0,4,6,8,8
2000,1624,1624,3623,17887829222,17888029122,1789920130607,2026-09-21 00:02:10.607,2026-09-21 11:51:43.682,42573.075,709.55125,2.43,mid,6.9967,1498.33,1.0,1,0,0,0,0,0,935,375,185,82,31,15,0,1,5,7,9,9
2000,1625,1625,3624,17887829322,17888029222,1789920147517,2026-09-21 00:02:27.517,2026-09-21 11:51:55.662,42568.145,709.469083,1.17,low,6.9964,1498.33,1.0,0,0,0,0,0,0,935,375,185,82,31,15,1,2,6,8,10,10
2000,1626,1626,3625,17887829422,17888029322,1789920162980,2026-09-21 00:02:42.980,2026-09-21 11:52:16.668,42573.688,709.561467,2.52,mid,6.9969,1498.33,1.0,1,0,0,0,0,0,936,375,185,82,31,15,0,3,7,9,11,11
2000,1627,1627,3626,17887829522,17888029422,1789920173457,2026-09-21 00:02:53.457,2026-09-21 11:52:28.685,42575.228,709.587133,1.17,low,6.9969,1498.33,1.0,0,0,0,0,0,0,936,375,185,82,31,15,1,4,8,10,12,12
2000,1628,1628,3627,17887829622,17888029522,1789920185367,2026-09-21 00:03:05.367,2026-09-21 11:52:44.957,42579.59,709.659833,1.59,low,6.9971,1498.33,1.0,0,0,0,0,0,0,936,375,185,82,31,15,2,5,9,11,13,13
2000,1629,1629,3628,17887829722,17888029622,1789920196077,2026-09-21 00:03:16.077,2026-09-21 11:52:59.751,42583.674,709.7279,1.6,low,6.9974,1498.33,1.0,0,0,0,0,0,0,936,375,185,82,31,15,3,6,10,12,14,14
2000,1630,1630,3629,17887829822,17888029722,1789920220227,2026-09-21 00:03:40.227,2026-09-21 11:53:11.618,42571.391,709.523183,1.13,low,6.9963,1498.33,1.0,0,0,0,0,0,0,935,375,185,82,31,15,4,7,11,13,15,15
2000,1631,1631,3630,17887829922,17888029822,1789920242833,2026-09-21 00:04:02.833,2026-09-21 11:53:47.362,42584.529,709.74215,8.58,mid,6.9992,1498.33,1.0,1,1,0,0,0,0,935,376,185,82,31,15,0,0,12,14,16,16
2000,1632,1632,3631,17887830022,17888029922,1789920256003,2026-09-21 00:04:16.003,2026-09-21 11:54:06.229,42590.226,709.8371,1.99,low,6.9996,1498.33,1.0,0,0,0,0,0,0,935,376,185,82,31,15,1,1,13,15,17,17
2000,1633,1633,3632,17887830122,17888030022,1789920267053,2026-09-21 00:04:27.053,2026-09-21 11:54:36.040,42608.987,710.149783,5.49,mid,7.0018,1498.33,1.0,1,1,0,0,0,0,936,377,185,82,31,15,0,0,14,16,18,18
2000,1634,1634,3633,17887830222,17888030122,1789920280067,2026-09-21 00:04:40.067,2026-09-21 11:54:53.289,42613.222,710.220367,1.74,low,7.002,1498.33,1.0,0,0,0,0,0,0,936,377,185,82,31,15,1,1,15,17,19,19
2000,1635,1635,3634,17887830322,17888030222,1789920305797,2026-09-21 00:05:05.797,2026-09-21 11:55:03.524,42597.727,709.962117,1.07,low,7.0007,1498.33,1.0,0,0,0,0,0,0,935,377,185,82,31,15,2,2,16,18,20,20
2000,1636,1636,3635,17887830422,17888030322,1789920325020,2026-09-21 00:05:25.020,2026-09-21 11:55:29.537,42604.517,710.075283,3.65,mid,7.0014,1498.33,1.0,1,0,0,0,0,0,935,377,185,82,31,15,0,3,17,19,21,21
2000,1637,1637,3636,17887830522,17888030422,1789920337050,2026-09-21 00:05:37.050,2026-09-21 11:55:53.551,42616.501,710.275017,3.19,mid,7.0024,1498.33,1.0,1,0,0,0,0,0,936,377,185,82,31,15,0,4,18,20,22,22
2000,1638,1638,3637,17887830622,17888030522,1789920350340,2026-09-21 00:05:50.340,2026-09-21 11:56:03.685,42613.345,710.222417,1.03,low,7.0023,1498.33,1.0,0,0,0,0,0,0,936,377,185,82,31,15,1,5,19,21,23,23
2000,1639,1639,3638,17887830722,17888030622,1789920369680,2026-09-21 00:06:09.680,2026-09-21 11:56:26.150,42616.47,710.2745,2.68,mid,7.0026,1498.33,1.0,1,0,0,0,0,0,936,377,185,82,31,15,0,6,20,22,24,24
2000,1640,1640,3639,17887830822,17888030722,1789920406773,2026-09-21 00:06:46.773,2026-09-21 11:56:45.918,42599.145,709.98575,2.35,mid,6.9993,1498.33,1.0,1,0,0,0,0,0,936,376,185,82,31,15,0,7,21,23,25,25
2000,1641,1641,3640,17887830922,17888030822,1789920435403,2026-09-21 00:07:15.403,2026-09-21 11:57:31.731,42616.328,710.272133,18.78,mid,7.0064,1498.33,1.0,1,1,1,0,0,0,936,377,186,82,31,15,0,0,0,24,26,26
2000,1642,1642,3641,17887831022,17888030922,1789920445507,2026-09-21 00:07:25.507,2026-09-21 11:57:45.683,42620.176,710.336267,1.4,low,7.0066,1498.33,1.0,0,0,0,0,0,0,936,377,186,82,31,15,1,1,1,25,27,27
2000,1643,1643,3642,17887831122,17888031022,1789920457090,2026-09-21 00:07:37.090,2026-09-21 11:57:56.427,42619.337,710.322283,1.08,low,7.0065,1498.33,1.0,0,0,0,0,0,0,936,377,186,82,31,15,2,2,2,26,28,28
2000,1644,1644,3643,17887831222,17888031122,1789920493300,2026-09-21 00:08:13.300,2026-09-21 11:58:10.473,42597.173,709.952883,1.42,low,7.0029,1498.33,1.0,0,0,0,0,0,0,935,376,186,82,31,15,3,3,3,27,29,29
2000,1645,1645,3644,17887831322,17888031222,1789920506368,2026-09-21 00:08:26.368,2026-09-21 11:59:02.730,42636.362,710.606033,32.16,high,7.0183,1498.33,1.0,1,1,1,1,0,0,936,377,187,83,31,15,0,0,0,0,30,30
2000,1646,1646,3645,17887831422,17888031322,1789920527213,2026-09-21 00:08:47.213,2026-09-21 11:59:26.535,42639.322,710.655367,3.18,mid,7.0187,1498.33,1.0,1,0,0,0,0,0,936,377,187,83,31,15,0,1,1,1,31,31
2000,1647,1647,3646,17887831522,17888031422,1789920537316,2026-09-21 00:08:57.316,2026-09-21 11:59:52.261,42654.945,710.91575,3.61,mid,7.02,1498.33,1.0,1,0,0,0,0,0,937,377,187,83,31,15,0,2,2,2,32,32
2000,1648,1648,3647,17887831622,17888031522,1789920554960,2026-09-21 00:09:14.960,2026-09-21 12:00:23.827,42668.867,711.147783,5.27,mid,7.0217,1498.33,1.0,1,1,0,0,0,0,938,378,187,83,31,15,0,0,3,3,33,33
2000,1649,1649,3648,17887831722,17888031622,1789920602360,2026-09-21 00:10:02.360,2026-09-21 12:00:43.699,42641.339,710.688983,1.96,low,7.0115,1498.33,1.0,0,0,0,0,0,0,937,377,186,82,31,15,1,1,4,4,34,34
2000,1650,1650,3649,17887831822,17888031722,1789920612463,2026-09-21 00:10:12.463,2026-09-21 12:01:12.462,42659.999,710.999983,4.75,mid,7.0134,1498.33,1.0,1,0,0,0,0,0,938,377,186,82,31,15,0,2,5,5,35,35
2000,1651,1651,3650,17887831922,17888031822,1789920632467,2026-09-21 00:10:32.467,2026-09-21 12:01:24.469,42652.002,710.8667,1.18,low,7.0129,1498.33,1.0,0,0,0,0,0,0,937,377,186,82,31,15,1,3,6,6,36,36
2000,1652,1652,3651,17887832022,17888031922,1789920673023,2026-09-21 00:11:13.023,2026-09-21 12:01:52.544,42639.521,710.658683,4.44,mid,7.0088,1498.33,1.0,1,0,0,0,0,0,937,376,185,82,31,15,0,4,7,7,37,37
2000,1653,1653,3652,17887832122,17888032022,1789920683400,2026-09-21 00:11:23.400,2026-09-21 12:02:06.783,42643.383,710.72305,1.39,low,7.009,1498.33,1.0,0,0,0,0,0,0,937,376,185,82,31,15,1,5,8,8,38,38
2000,1654,1654,3653,17887832222,17888032122,1789920705900,2026-09-21 00:11:45.900,2026-09-21 12:02:50.778,42664.878,711.0813,16.48,mid,7.0158,1498.33,1.0,1,1,1,0,0,0,937,377,186,82,31,15,0,0,0,9,39,39
2000,1655,1655,3654,17887832322,17888032222,1789920722313,2026-09-21 00:12:02.313,2026-09-21 12:03:04.906,42662.593,711.043217,1.43,low,7.0156,1498.33,1.0,0,0,0,0,0,0,937,377,186,82,31,15,1,1,1,10,40,40
2000,1656,1656,3655,17887832422,17888032322,1789920741773,2026-09-21 00:12:21.773,2026-09-21 12:03:16.841,42655.068,710.9178,1.22,low,7.0152,1498.33,1.0,0,0,0,0,0,0,936,377,186,82,31,15,2,2,2,11,41,41
2000,1657,1657,3656,17887832522,17888032422,1789920758340,2026-09-21 00:12:38.340,2026-09-21 12:03:30.870,42652.53,710.8755,1.33,low,7.015,1498.33,1.0,0,0,0,0,0,0,936,377,186,82,31,15,3,3,3,12,42,42
2000,1658,1658,3657,17887832622,17888032522,1789920776283,2026-09-21 00:12:56.283,2026-09-21 12:03:47.924,42651.641,710.860683,1.89,low,7.015,1498.33,1.0,0,0,0,0,0,0,936,377,186,82,31,15,4,4,4,13,43,43
2000,1659,1659,3658,17887832722,17888032622,1789920799111,2026-09-21 00:13:19.111,2026-09-21 12:04:01.050,42641.939,710.698983,1.22,low,7.0141,1498.33,1.0,0,0,0,0,0,0,935,377,186,82,31,15,5,5,5,14,44,44
2000,1660,1660,3659,17887832822,17888032722,1789920836742,2026-09-21 00:13:56.742,2026-09-21 12:04:39.652,42642.91,710.715167,10.78,mid,7.0148,1498.33,1.0,1,1,1,0,0,0,935,377,187,82,31,15,0,0,0,15,45,45
2000,1661,1661,3660,17887832922,17888032822,1789920855250,2026-09-21 00:14:15.250,2026-09-21 12:05:30.594,42675.344,711.255733,30.66,high,7.0292,1498.33,1.0,1,1,1,1,0,0,936,378,188,83,31,15,0,0,0,0,46,46
2000,1662,1662,3661,17887833022,17888032922,1789920868793,2026-09-21 00:14:28.793,2026-09-21 12:05:55.916,42687.123,711.45205,3.56,mid,7.0303,1498.33,1.0,1,0,0,0,0,0,937,378,188,83,31,15,0,1,1,1,47,47
2000,1663,1663,3662,17887833122,17888033022,1789920883837,2026-09-21 00:14:43.837,2026-09-21 12:06:07.646,42683.809,711.396817,1.15,low,7.0301,1498.33,1.0,0,0,0,0,0,0,937,378,188,83,31,15,1,2,2,2,48,48
2000,1664,1664,3663,17887833222,17888033122,1789920898117,2026-09-21 00:14:58.117,2026-09-21 12:06:36.892,42698.775,711.64625,4.92,mid,7.0319,1498.33,1.0,1,0,0,0,0,0,938,378,188,83,31,15,0,3,3,3,49,49
2000,1665,1665,3664,17887833322,17888033222,1789920915010,2026-09-21 00:15:15.010,2026-09-21 12:06:58.066,42703.056,711.7176,2.53,mid,7.0323,1498.33,1.0,1,0,0,0,0,0,939,378,188,83,31,15,0,4,4,4,50,50
2000,1666,1666,3665,17887833422,17888033322,1789920941660,2026-09-21 00:15:41.660,2026-09-21 12:07:08.149,42686.489,711.441483,1.0,low,7.0308,1498.33,1.0,0,0,0,0,0,0,938,378,188,83,31,15,1,5,5,5,51,51
2000,1667,1667,3666,17887833522,17888033422,1789920976490,2026-09-21 00:16:16.490,2026-09-21 12:07:45.349,42688.859,711.480983,9.56,mid,7.0316,1498.33,1.0,1,1,0,0,0,0,938,378,188,83,31,15,0,0,6,6,52,52
2000,1668,1668,3667,17887833622,17888033522,1789920994523,2026-09-21 00:16:34.523,2026-09-21 12:08:03.082,42688.559,711.475983,1.9,low,7.0316,1498.33,1.0,0,0,0,0,0,0,938,378,188,83,31,15,1,1,7,7,53,53
2000,1669,1669,3668,17887833722,17888033622,1789921004810,2026-09-21 00:16:44.810,2026-09-21 12:08:19.475,42694.665,711.57775,1.7,low,7.032,1498.33,1.0,0,0,0,0,0,0,938,378,188,83,31,15,2,2,8,8,54,54
2000,1670,1670,3669,17887833822,17888033722,1789921018057,2026-09-21 00:16:58.057,2026-09-21 12:08:45.107,42707.05,711.784167,3.66,mid,7.0331,1498.33,1.0,1,0,0,0,0,0,939,378,188,83,31,15,0,3,9,9,55,55
2000,1671,1671,3670,17887833922,17888033822,1789921040737,2026-09-21 00:17:20.737,2026-09-21 12:08:56.337,42695.6,711.593333,1.1,low,7.0323,1498.33,1.0,0,0,0,0,0,0,938,378,188,83,31,15,1,4,10,10,56,56
2000,1672,1672,3671,17887834022,17888033922,1789921050837,2026-09-21 00:17:30.837,2026-09-21 12:09:16.082,42705.245,711.754083,2.23,mid,7.0329,1498.33,1.0,1,0,0,0,0,0,939,378,188,83,31,15,0,5,11,11,57,57
2000,1673,1673,3672,17887834122,17888034022,1789921067743,2026-09-21 00:17:47.743,2026-09-21 12:09:59.769,42732.026,712.200433,16.35,mid,7.0402,1498.33,1.0,1,1,1,0,0,0,940,379,189,83,31,15,0,0,0,12,58,58
2000,1674,1674,3673,17887834222,17888034122,1789921081743,2026-09-21 00:18:01.743,2026-09-21 12:10:34.499,42752.756,712.545933,7.75,mid,7.0433,1498.33,1.0,1,1,0,0,0,0,941,380,189,83,31,15,0,0,1,13,59,59
2000,1675,1675,3674,17887834322,17888034222,1789921092447,2026-09-21 00:18:12.447,2026-09-21 12:10:46.072,42753.625,712.560417,1.14,low,7.0434,1498.33,1.0,0,0,0,0,0,0,941,380,189,83,31,15,1,1,2,14,60,60
2000,1676,1676,3675,17887834422,17888034322,1789921109220,2026-09-21 00:18:29.220,2026-09-21 12:11:14.213,42764.993,712.749883,4.52,mid,7.0448,1498.33,1.0,1,0,0,0,0,0,942,380,189,83,31,15,0,2,3,15,61,61
2000,1677,1677,3676,17887834522,17888034422,1789921144440,2026-09-21 00:19:04.440,2026-09-21 12:11:25.967,42741.527,712.358783,1.12,low,7.0413,1498.33,1.0,0,0,0,0,0,0,941,379,189,83,31,15,1,3,4,16,62,62
2000,1678,1678,3677,17887834622,17888034522,1789921167500,2026-09-21 00:19:27.500,2026-09-21 12:11:42.632,42735.132,712.2522,1.79,low,7.0407,1498.33,1.0,0,0,0,0,0,0,940,379,189,83,31,15,2,4,5,17,63,63
2000,1679,1679,3678,17887834722,17888034622,1789921219830,2026-09-21 00:20:19.830,2026-09-21 12:12:28.037,42728.207,712.136783,18.61,mid,7.0333,1498.33,1.0,1,1,1,0,0,0,940,379,189,82,31,15,0,0,0,18,64,64
2000,1680,1680,3679,17887834822,17888034722,1789921230097,2026-09-21 00:20:30.097,2026-09-21 12:12:51.549,42741.452,712.357533,3.15,mid,7.0343,1498.33,1.0,1,0,0,0,0,0,941,379,189,82,31,15,0,1,1,19,65,65
2000,1681,1681,3680,17887834922,17888034822,1789921241463,2026-09-21 00:20:41.463,2026-09-21 12:13:03.448,42741.985,712.366417,1.15,low,7.0343,1498.33,1.0,0,0,0,0,0,0,941,379,189,82,31,15,1,2,2,20,66,66
2000,1682,1682,3681,17887835022,17888034922,1789921254413,2026-09-21 00:20:54.413,2026-09-21 12:13:17.149,42742.736,712.378933,1.35,low,7.0344,1498.33,1.0,0,0,0,0,0,0,941,379,189,82,31,15,2,3,3,21,67,67
2000,1683,1683,3682,17887835122,17888035022,1789921266800,2026-09-21 00:21:06.800,2026-09-21 12:13:39.568,42752.768,712.546133,2.76,mid,7.0352,1498.33,1.0,1,0,0,0,0,0,942,379,189,82,31,15,0,4,4,22,68,68
2000,1684,1684,3683,17887835222,17888035122,1789921279887,2026-09-21 00:21:19.887,2026-09-21 12:13:55.657,42755.77,712.596167,1.69,low,7.0354,1498.33,1.0,0,0,0,0,0,0,942,379,189,82,31,15,1,5,5,23,69,69
2000,1685,1685,3684,17887835322,17888035222,1789921295470,2026-09-21 00:21:35.470,2026-09-21 12:14:12.188,42756.718,712.611967,1.68,low,7.0354,1498.33,1.0,0,0,0,0,0,0,942,379,189,82,31,15,2,6,6,24,70,70
2000,1686,1686,3685,17887835422,17888035322,1789921307177,2026-09-21 00:21:47.177,2026-09-21 12:14:24.012,42756.835,712.613917,1.2,low,7.0354,1498.33,1.0,0,0,0,0,0,0,942,379,189,82,31,15,3,7,7,25,71,71
2000,1687,1687,3686,17887835522,17888035422,1789921354854,2026-09-21 00:22:34.854,2026-09-21 12:15:24.509,42769.655,712.827583,65.03,high,7.0565,1498.33,1.0,1,1,1,1,1,0,942,379,189,82,32,15,0,0,0,0,0,72
2000,1688,1688,3687,17887835622,17888035522,1789921365210,2026-09-21 00:22:45.210,2026-09-21 12:15:41.983,42776.773,712.946217,1.87,low,7.057,1498.33,1.0,0,0,0,0,0,0,942,379,189,82,32,15,1,1,1,1,1,73
2000,1689,1689,3688,17887835722,17888035622,1789921414775,2026-09-21 00:23:34.775,2026-09-21 12:15:53.788,42739.013,712.316883,1.1,low,7.0442,1498.33,1.0,0,0,0,0,0,0,941,378,188,81,32,15,2,2,2,2,2,74
2000,1690,1690,3689,17887835822,17888035722,1789921426354,2026-09-21 00:23:46.354,2026-09-21 12:16:08.878,42742.524,712.3754,1.59,low,7.0444,1498.33,1.0,0,0,0,0,0,0,941,378,188,81,32,15,3,3,3,3,3,75
2000,1691,1691,3690,17887835922,17888035822,1789921436693,2026-09-21 00:23:56.693,2026-09-21 12:16:24.862,42748.169,712.469483,1.63,low,7.0447,1498.33,1.0,0,0,0,0,0,0,941,378,188,81,32,15,4,4,4,4,4,76
2000,1692,1692,3691,17887836022,17888035922,1789921455733,2026-09-21 00:24:15.733,2026-09-21 12:16:39.218,42743.485,712.391417,1.43,low,7.0444,1498.33,1.0,0,0,0,0,0,0,940,378,188,81,32,15,5,5,5,5,5,77
2000,1693,1693,3692,17887836122,17888036022,1789921474503,2026-09-21 00:24:34.503,2026-09-21 12:16:50.522,42736.019,712.266983,1.11,low,7.0439,1498.33,1.0,0,0,0,0,0,0,939,378,188,81,32,15,6,6,6,6,6,78
2000,1694,1694,3693,17887836222,17888036122,1789921509300,2026-09-21 00:25:09.300,2026-09-21 12:17:29.401,42740.101,712.335017,10.99,mid,7.0455,1498.33,1.0,1,1,1,0,0,0,939,378,189,81,32,15,0,0,0,7,7,79
2000,1695,1695,3694,17887836322,17888036222,1789921526013,2026-09-21 00:25:26.013,2026-09-21 12:17:41.812,42735.799,712.263317,1.22,low,7.0452,1498.33,1.0,0,0,0,0,0,0,939,378,189,81,32,15,1,1,1,8,8,80
2000,1696,1696,3695,17887836422,17888036322,1789921539920,2026-09-21 00:25:39.920,2026-09-21 12:17:53.922,42734.002,712.233367,1.19,low,7.0451,1498.33,1.0,0,0,0,0,0,0,939,378,189,81,32,15,2,2,2,9,9,81
2000,1697,1697,3696,17887836522,17888036422,1789921550627,2026-09-21 00:25:50.627,2026-09-21 12:18:20.662,42750.035,712.500583,4.01,mid,7.0466,1498.33,1.0,1,0,0,0,0,0,940,378,189,81,32,15,0,3,3,10,10,82
2000,1698,1698,3697,17887836622,17888036522,1789921597330,2026-09-21 00:26:37.330,2026-09-21 12:18:38.662,42721.332,712.0222,1.94,low,7.0371,1498.33,1.0,0,0,0,0,0,0,939,377,188,80,32,15,1,4,4,11,11,83
2000,1699,1699,3698,17887836722,17888036622,1789921649087,2026-09-21 00:27:29.087,2026-09-21 12:18:51.764,42682.677,711.37795,1.3,low,7.0218,1498.33,1.0,0,0,0,0,0,0,938,376,187,79,32,15,2,5,5,12,12,84
2000,1700,1700,3699,17887836822,17888036722,1789921660657,2026-09-21 00:27:40.657,2026-09-21 12:19:12.991,42692.334,711.5389,2.51,mid,7.0225,1498.33,1.0,1,0,0,0,0,0,939,376,187,79,32,15,0,6,6,13,13,85
2000,1701,1701,3700,17887836922,17888036822,1789921679010,2026-09-21 00:27:59.010,2026-09-21 12:19:28.121,42689.111,711.485183,1.53,low,7.0223,1498.33,1.0,0,0,0,0,0,0,939,376,187,79,32,15,1,7,7,14,14,86
2000,1702,1702,3701,17887837022,17888036922,1789921690273,2026-09-21 00:28:10.273,2026-09-21 12:20:05.918,42715.645,711.927417,10.04,mid,7.0267,1498.33,1.0,1,1,1,0,0,0,940,377,188,79,32,15,0,0,0,15,15,87
2000,1703,1703,3702,17887837122,17888037022,1789921701200,2026-09-21 00:28:21.200,2026-09-21 12:20:36.011,42734.811,712.24685,5.17,mid,7.0288,1498.33,1.0,1,1,0,0,0,0,941,378,188,79,32,15,0,0,1,16,16,88
2000,1704,1704,3703,17887837222,17888037122,1789921720347,2026-09-21 00:28:40.347,2026-09-21 12:20:56.209,42735.862,712.264367,2.39,mid,7.0289,1498.33,1.0,1,0,0,0,0,0,941,378,188,79,32,15,0,1,2,17,17,89
2000,1705,1705,3704,17887837322,17888037222,1789921740547,2026-09-21 00:29:00.547,2026-09-21 12:21:08.571,42728.024,712.133733,1.25,low,7.0286,1498.33,1.0,0,0,0,0,0,0,941,378,188,79,32,15,1,2,3,18,18,90
2000,1706,1706,3705,17887837422,17888037322,1789921761437,2026-09-21 00:29:21.437,2026-09-21 12:21:22.700,42721.263,712.02105,1.33,low,7.028,1498.33,1.0,0,0,0,0,0,0,940,378,188,79,32,15,2,3,4,19,19,91
2000,1707,1707,3706,17887837522,17888037422,1789921778393,2026-09-21 00:29:38.393,2026-09-21 12:22:08.514,42750.121,712.502017,19.27,mid,7.0367,1498.33,1.0,1,1,1,0,0,0,941,379,189,79,32,15,0,0,0,20,20,92
2000,1708,1708,3707,17887837622,17888037522,1789921801533,2026-09-21 00:30:01.533,2026-09-21 12:22:23.103,42741.57,712.3595,1.56,low,7.036,1498.33,1.0,0,0,0,0,0,0,940,379,189,79,32,15,1,1,1,21,21,93
2000,1709,1709,3708,17887837722,17888037622,1789921814787,2026-09-21 00:30:14.787,2026-09-21 12:23:14.974,42780.187,713.003117,31.27,high,7.051,1498.33,1.0,1,1,1,1,0,0,941,380,190,80,32,15,0,0,0,0,22,94
2000,1710,1710,3709,17887837822,17888037722,1789921828793,2026-09-21 00:30:28.793,2026-09-21 12:23:28.844,42780.051,713.00085,1.36,low,7.051,1498.33,1.0,0,0,0,0,0,0,941,380,190,80,32,15,1,1,1,1,23,95
2000,1711,1711,3710,17887837922,17888037822,1789921858573,2026-09-21 00:30:58.573,2026-09-21 12:23:56.332,42777.759,712.96265,4.36,mid,7.0506,1498.33,1.0,1,0,0,0,0,0,941,379,190,80,32,15,0,2,2,2,24,96
2000,1712,1712,3711,17887838022,17888037922,1789921892117,2026-09-21 00:31:32.117,2026-09-21 12:24:15.396,42763.279,712.721317,2.07,mid,7.0481,1498.33,1.0,1,0,0,0,0,0,941,378,190,80,32,15,0,3,3,3,25,97
2000,1713,1713,3712,17887838122,17888038022,1789921907240,2026-09-21 00:31:47.240,2026-09-21 12:24:32.284,42765.044,712.750733,1.82,low,7.0483,1498.33,1.0,0,0,0,0,0,0,941,378,190,80,32,15,1,4,4,4,26,98
2000,1714,1714,3713,17887838222,17888038122,1789921927483,2026-09-21 00:32:07.483,2026-09-21 12:24:42.809,42755.326,712.588767,1.04,low,7.0476,1498.33,1.0,0,0,0,0,0,0,940,378,190,80,32,15,2,5,5,5,27,99
2000,1715,1715,3714,17887838322,17888038222,1789921937593,2026-09-21 00:32:17.593,2026-09-21 12:25:09.740,42772.147,712.869117,4.03,mid,7.0491,1498.33,1.0,1,0,0,0,0,0,941,378,190,80,32,15,0,6,6,6,28,100
2000,1716,1716,3715,17887838422,17888038322,1789921953723,2026-09-21 00:32:33.723,2026-09-21 12:25:29.803,42776.08,712.934667,2.28,mid,7.0494,1498.33,1.0,1,0,0,0,0,0,942,378,190,80,32,15,0,7,7,7,29,101
2000,1717,1717,3716,17887838522,17888038422,1789922002903,2026-09-21 00:33:22.903,2026-09-21 12:25:57.298,42754.395,712.57325,4.3,mid,7.0387,1498.33,1.0,1,0,0,0,0,0,942,377,189,79,32,15,0,8,8,8,30,102
2000,1718,1718,3717,17887838622,17888038522,1789922024387,2026-09-21 00:33:44.387,2026-09-21 12:26:15.232,42750.845,712.514083,1.95,low,7.0384,1498.33,1.0,0,0,0,0,0,0,941,377,189,79,32,15,1,9,9,9,31,103
2000,1719,1719,3718,17887838722,17888038622,1789922034697,2026-09-21 00:33:54.697,2026-09-21 12:26:47.202,42772.505,712.875083,6.19,mid,7.041,1498.33,1.0,1,1,0,0,0,0,942,378,189,79,32,15,0,0,10,10,32,104
2000,1720,1720,3719,17887838822,17888038722,1789922051193,2026-09-21 00:34:11.193,2026-09-21 12:27:24.894,42793.701,713.22835,9.64,mid,7.045,1498.33,1.0,1,1,0,0,0,0,943,379,189,79,32,15,0,0,11,11,33,105
2000,1721,1721,3720,17887838922,17888038822,1789922062467,2026-09-21 00:34:22.467,2026-09-21 12:27:59.589,42817.122,713.6187,7.86,mid,7.0483,1498.33,1.0,1,1,0,0,0,0,944,380,189,79,32,15,0,0,12,12,34,106
2000,1722,1722,3721,17887839022,17888038922,1789922080280,2026-09-21 00:34:40.280,2026-09-21 12:28:27.292,42827.012,713.783533,4.21,mid,7.0495,1498.33,1.0,1,0,0,0,0,0,945,380,189,79,32,15,0,1,13,13,35,107
2000,1723,1723,3722,17887839122,17888039022,1789922103864,2026-09-21 00:35:03.864,2026-09-21 12:29:11.620,42847.756,714.129267,17.89,mid,7.0569,1498.33,1.0,1,1,1,0,0,0,945,381,190,79,32,15,0,0,0,14,36,108
2000,1724,1724,3723,17887839222,17888039122,1789922117510,2026-09-21 00:35:17.510,2026-09-21 12:29:27.228,42849.718,714.161967,1.6,low,7.057,1498.33,1.0,0,0,0,0,0,0,945,381,190,79,32,15,1,1,1,15,37,109
2000,1725,1725,3724,17887839322,17888039222,1789922162767,2026-09-21 00:36:02.767,2026-09-21 12:29:43.134,42820.367,713.672783,1.59,low,7.0485,1498.33,1.0,0,0,0,0,0,0,944,380,189,79,32,15,2,2,2,16,38,110
2000,1726,1726,3725,17887839422,17888039322,1789922177200,2026-09-21 00:36:17.200,2026-09-21 12:29:53.975,42816.775,713.612917,1.05,low,7.0483,1498.33,1.0,0,0,0,0,0,0,944,380,189,79,32,15,3,3,3,17,39,111
2000,1727,1727,3726,17887839522,17888039422,1789922193547,2026-09-21 00:36:33.547,2026-09-21 12:30:22.376,42828.829,713.813817,4.71,mid,7.0498,1498.33,1.0,1,0,0,0,0,0,945,380,189,79,32,15,0,4,4,18,40,112
2000,1728,1728,3727,17887839622,17888039522,1789922204813,2026-09-21 00:36:44.813,2026-09-21 12:30:32.496,42827.683,713.794717,1.0,low,7.0498,1498.33,1.0,0,0,0,0,0,0,945,380,189,79,32,15,1,5,5,19,41,113
2000,1729,1729,3728,17887839722,17888039622,1789922221217,2026-09-21 00:37:01.217,2026-09-21 12:30:57.692,42836.475,713.94125,3.53,mid,7.0507,1498.33,1.0,1,0,0,0,0,0,946,380,189,79,32,15,0,6,6,20,42,114
2000,1730,1730,3729,17887839822,17888039722,1789922234270,2026-09-21 00:37:14.270,2026-09-21 12:31:10.088,42835.818,713.9303,1.22,low,7.0507,1498.33,1.0,0,0,0,0,0,0,946,380,189,79,32,15,1,7,7,21,43,115
2000,1731,1731,3730,17887839922,17888039822,1789922248487,2026-09-21 00:37:28.487,2026-09-21 12:31:32.579,42844.092,714.0682,2.82,mid,7.0514,1498.33,1.0,1,0,0,0,0,0,947,380,189,79,32,15,0,8,8,22,44,116
2000,1732,1732,3731,17887840022,17888039922,1789922260413,2026-09-21 00:37:40.413,2026-09-21 12:32:02.302,42861.889,714.364817,5.14,mid,7.0533,1498.33,1.0,1,1,0,0,0,0,948,381,189,79,32,15,0,0,9,23,45,117
2000,1733,1733,3732,17887840122,17888040022,1789922298687,2026-09-21 00:38:18.687,2026-09-21 12:32:18.906,42840.219,714.00365,1.73,low,7.049,1498.33,1.0,0,0,0,0,0,0,947,380,188,79,32,15,1,1,10,24,46,118
2000,1734,1734,3733,17887840222,17888040122,1789922344513,2026-09-21 00:39:04.513,2026-09-21 12:32:36.576,42812.063,713.534383,1.89,low,7.0402,1498.33,1.0,0,0,0,0,0,0,946,379,187,79,32,15,2,2,11,25,47,119
2000,1735,1735,3734,17887840322,17888040222,1789922365963,2026-09-21 00:39:25.963,2026-09-21 12:32:51.284,42805.321,713.422017,1.46,low,7.0396,1498.33,1.0,0,0,0,0,0,0,945,379,187,79,32,15,3,3,12,26,48,120
2000,1736,1736,3735,17887840422,17888040322,1789922380653,2026-09-21 00:39:40.653,2026-09-21 12:33:52.036,42851.383,714.189717,66.69,high,7.0723,1498.33,1.0,1,1,1,1,1,0,946,380,188,80,33,15,0,0,0,0,0,121
2000,1737,1737,3736,17887840522,17888040422,1789922395300,2026-09-21 00:39:55.300,2026-09-21 12:34:05.532,42850.232,714.170533,1.15,low,7.0721,1498.33,1.0,0,0,0,0,0,0,946,380,188,80,33,15,1,1,1,1,1,122
2000,1738,1738,3737,17887840622,17888040522,1789922417433,2026-09-21 00:40:17.433,2026-09-21 12:34:26.896,42849.463,714.157717,2.56,mid,7.072,1498.33,1.0,1,0,0,0,0,0,946,380,188,80,33,15,0,2,2,2,2,123
2000,1739,1739,3738,17887840722,17888040622,1789922445110,2026-09-21 00:40:45.110,2026-09-21 12:34:41.519,42836.409,713.94015,1.47,low,7.0706,1498.33,1.0,0,0,0,0,0,0,945,380,188,80,33,15,1,3,3,3,3,124
2000,1740,1740,3739,17887840822,17888040722,1789922466940,2026-09-21 00:41:06.940,2026-09-21 12:34:51.616,42824.676,713.7446,1.0,low,7.0697,1498.33,1.0,0,0,0,0,0,0,944,380,188,80,33,15,2,4,4,4,4,125
2000,1741,1741,3740,17887840922,17888040822,1789922480593,2026-09-21 00:41:20.593,2026-09-21 12:35:06.449,42825.856,713.764267,1.49,low,7.0698,1498.33,1.0,0,0,0,0,0,0,944,380,188,80,33,15,3,5,5,5,5,126
2000,1742,1742,3741,17887841022,17888040922,1789922493107,2026-09-21 00:41:33.107,2026-09-21 12:35:17.056,42823.949,713.732483,1.05,low,7.0697,1498.33,1.0,0,0,0,0,0,0,944,380,188,80,33,15,4,6,6,6,6,127
2000,1743,1743,3742,17887841122,17888041022,1789922503710,2026-09-21 00:41:43.710,2026-09-21 12:35:36.486,42832.776,713.8796,2.23,mid,7.0703,1498.33,1.0,1,0,0,0,0,0,945,380,188,80,33,15,0,7,7,7,7,128
2000,1744,1744,3743,17887841222,17888041122,1789922514773,2026-09-21 00:41:54.773,2026-09-21 12:35:48.906,42834.133,713.902217,1.22,low,7.0704,1498.33,1.0,0,0,0,0,0,0,945,380,188,80,33,15,1,8,8,8,8,129
2000,1745,1745,3744,17887841322,17888041222,1789922531347,2026-09-21 00:42:11.347,2026-09-21 12:36:32.654,42861.307,714.355117,16.23,mid,7.0776,1498.33,1.0,1,1,1,0,0,0,946,381,189,80,33,15,0,0,0,9,9,130
2000,1746,1746,3745,17887841422,17888041322,1789922542813,2026-09-21 00:42:22.813,2026-09-21 12:36:46.178,42863.365,714.389417,1.33,low,7.0777,1498.33,1.0,0,0,0,0,0,0,946,381,189,80,33,15,1,1,1,10,10,131
2000,1747,1747,3746,17887841522,17888041422,1789922566200,2026-09-21 00:42:46.200,2026-09-21 12:37:00.582,42854.382,714.2397,1.44,low,7.077,1498.33,1.0,0,0,0,0,0,0,945,381,189,80,33,15,2,2,2,11,11,132
2000,1748,1748,3747,17887841622,17888041522,1789922587110,2026-09-21 00:43:07.110,2026-09-21 12:37:15.331,42848.221,714.137017,1.51,low,7.0766,1498.33,1.0,0,0,0,0,0,0,944,381,189,80,33,15,3,3,3,12,12,133
2000,1749,1749,3748,17887841722,17888041622,1789922603913,2026-09-21 00:43:23.913,2026-09-21 12:37:46.797,42862.884,714.3814,5.81,mid,7.0786,1498.33,1.0,1,1,0,0,0,0,945,382,189,80,33,15,0,0,4,13,13,134
2000,1750,1750,3749,17887841822,17888041722,1789922635197,2026-09-21 00:43:55.197,2026-09-21 12:38:17.936,42862.739,714.378983,5.61,mid,7.0785,1498.33,1.0,1,1,0,0,0,0,945,382,189,80,33,15,0,0,5,14,14,135
2000,1751,1751,3750,17887841922,17888041822,1789922648907,2026-09-21 00:44:08.907,2026-09-21 12:38:31.693,42862.786,714.379767,1.43,low,7.0785,1498.33,1.0,0,0,0,0,0,0,945,382,189,80,33,15,1,1,6,15,15,136
2000,1752,1752,3751,17887842022,17888041922,1789922659650,2026-09-21 00:44:19.650,2026-09-21 12:38:44.338,42864.688,714.411467,1.19,low,7.0786,1498.33,1.0,0,0,0,0,0,0,945,382,189,80,33,15,2,2,7,16,16,137
2000,1753,1753,3752,17887842122,17888042022,1789922672243,2026-09-21 00:44:32.243,2026-09-21 12:39:01.401,42869.158,714.485967,1.87,low,7.0789,1498.33,1.0,0,0,0,0,0,0,945,382,189,80,33,15,3,3,8,17,17,138
2000,1754,1754,3753,17887842222,17888042122,1789922690412,2026-09-21 00:44:50.412,2026-09-21 12:39:14.088,42863.676,714.3946,1.23,low,7.0785,1498.33,1.0,0,0,0,0,0,0,945,382,189,80,33,15,4,4,9,18,18,139
2000,1755,1755,3754,17887842322,17888042222,1789922701579,2026-09-21 00:45:01.579,2026-09-21 12:39:24.037,42862.458,714.3743,1.0,low,7.0785,1498.33,1.0,0,0,0,0,0,0,945,382,189,80,33,15,5,5,10,19,19,140
2000,1756,1756,3755,17887842422,17888042322,1789922715990,2026-09-21 00:45:15.990,2026-09-21 12:40:02.855,42886.865,714.781083,10.57,mid,7.083,1498.33,1.0,1,1,1,0,0,0,946,383,190,80,33,15,0,0,0,20,20,141
2000,1757,1757,3756,17887842522,17888042422,1789922748793,2026-09-21 00:45:48.793,2026-09-21 12:40:13.715,42864.922,714.415367,1.04,low,7.0802,1498.33,1.0,0,0,0,0,0,0,945,382,190,80,33,15,1,1,1,21,21,142
2000,1758,1758,3757,17887842622,17888042522,1789922771660,2026-09-21 00:46:11.660,2026-09-21 12:40:23.503,42851.843,714.197383,1.01,low,7.0793,1498.33,1.0,0,0,0,0,0,0,944,382,190,80,33,15,2,2,2,22,22,143
2000,1759,1759,3758,17887842722,17888042622,1789922792287,2026-09-21 00:46:32.287,2026-09-21 12:40:35.088,42842.801,714.046683,1.13,low,7.0787,1498.33,1.0,0,0,0,0,0,0,943,382,190,80,33,15,3,3,3,23,23,144
2000,1760,1760,3759,17887842822,17888042722,1789922804240,2026-09-21 00:46:44.240,2026-09-21 12:40:45.115,42840.875,714.014583,1.0,low,7.0786,1498.33,1.0,0,0,0,0,0,0,943,382,190,80,33,15,4,4,4,24,24,145
2000,1761,1761,3760,17887842922,17888042822,1789922814340,2026-09-21 00:46:54.340,2026-09-21 12:40:55.315,42840.975,714.01625,1.01,low,7.0786,1498.33,1.0,0,0,0,0,0,0,943,382,190,80,33,15,5,5,5,25,25,146
2000,1762,1762,3761,17887843022,17888042922,1789922827783,2026-09-21 00:47:07.783,2026-09-21 12:41:05.668,42837.885,713.96475,1.02,low,7.0784,1498.33,1.0,0,0,0,0,0,0,943,382,190,80,33,15,6,6,6,26,26,147
2000,1763,1763,3762,17887843122,17888043022,1789922838327,2026-09-21 00:47:18.327,2026-09-21 12:41:16.058,42837.731,713.962183,1.06,low,7.0784,1498.33,1.0,0,0,0,0,0,0,943,382,190,80,33,15,7,7,7,27,27,148
2000,1764,1764,3763,17887843222,17888043122,1789922869357,2026-09-21 00:47:49.357,2026-09-21 12:41:27.331,42817.974,713.6329,1.1,low,7.0761,1498.33,1.0,0,0,0,0,0,0,942,381,190,80,33,15,8,8,8,28,28,149
2000,1765,1765,3764,17887843322,17888043222,1789922886993,2026-09-21 00:48:06.993,2026-09-21 12:41:48.201,42821.208,713.6868,2.55,mid,7.0766,1498.33,1.0,1,0,0,0,0,0,943,381,190,80,33,15,0,9,9,29,29,150
2000,1766,1766,3765,17887843422,17888043322,1789922916447,2026-09-21 00:48:36.447,2026-09-21 12:42:01.365,42804.918,713.4153,1.2,low,7.0747,1498.33,1.0,0,0,0,0,0,0,942,380,190,80,33,15,1,10,10,30,30,151
2000,1767,1767,3766,17887843522,17888043422,1789922933593,2026-09-21 00:48:53.593,2026-09-21 12:42:14.886,42801.293,713.354883,1.32,low,7.0745,1498.33,1.0,0,0,0,0,0,0,942,380,190,80,33,15,2,11,11,31,31,152
2000,1768,1768,3767,17887843622,17888043522,1789922980150,2026-09-21 00:49:40.150,2026-09-21 12:42:39.407,42779.257,712.987617,3.3,mid,7.0662,1498.33,1.0,1,0,0,0,0,0,942,379,189,80,33,15,0,12,12,32,32,153
2000,1769,1769,3768,17887843722,17888043622,1789923001380,2026-09-21 00:50:01.380,2026-09-21 12:43:06.668,42785.288,713.088133,4.19,mid,7.067,1498.33,1.0,1,0,0,0,0,0,942,379,189,80,33,15,0,13,13,33,33,154
2000,1770,1770,3769,17887843822,17888043722,1789923020550,2026-09-21 00:50:20.550,2026-09-21 12:43:31.160,42790.61,713.176833,3.32,mid,7.0676,1498.33,1.0,1,0,0,0,0,0,942,379,189,80,33,15,0,14,14,34,34,155
2000,1771,1771,3770,17887843922,17888043822,1789923036213,2026-09-21 00:50:36.213,2026-09-21 12:43:42.009,42785.796,713.0966,1.07,low,7.0673,1498.33,1.0,0,0,0,0,0,0,942,379,189,80,33,15,1,15,15,35,35,156
2000,1772,1772,3771,17887844022,17888043922,1789923097440,2026-09-21 00:51:37.440,2026-09-21 12:44:14.199,42756.759,712.61265,6.29,mid,7.0398,1498.33,1.0,1,1,0,0,0,0,942,379,188,79,32,15,0,0,16,36,36,157
2000,1773,1773,3772,17887844122,17888044022,1789923119010,2026-09-21 00:51:59.010,2026-09-21 12:44:28.374,42749.364,712.4894,1.42,low,7.0393,1498.33,1.0,0,0,0,0,0,0,941,379,188,79,32,15,1,1,17,37,37,158
2000,1774,1774,3773,17887844222,17888044122,1789923154543,2026-09-21 00:52:34.543,2026-09-21 12:44:39.513,42724.97,712.082833,1.06,low,7.0357,1498.33,1.0,0,0,0,0,0,0,940,378,188,79,32,15,2,2,18,38,38,159
2000,1775,1775,3774,17887844322,17888044222,1789923168640,2026-09-21 00:52:48.640,2026-09-21 12:44:52.485,42723.845,712.064083,1.35,low,7.0357,1498.33,1.0,0,0,0,0,0,0,940,378,188,79,32,15,3,3,19,39,39,160
2000,1776,1776,3775,17887844422,17888044322,1789923182660,2026-09-21 00:53:02.660,2026-09-21 12:45:09.723,42727.063,712.117717,1.8,low,7.0359,1498.33,1.0,0,0,0,0,0,0,940,378,188,79,32,15,4,4,20,40,40,161
2000,1777,1777,3776,17887844522,17888044422,1789923201620,2026-09-21 00:53:21.620,2026-09-21 12:45:21.682,42720.062,712.001033,1.2,low,7.0354,1498.33,1.0,0,0,0,0,0,0,939,378,188,79,32,15,5,5,21,41,41,162
2000,1778,1778,3777,17887844622,17888044522,1789923215977,2026-09-21 00:53:35.977,2026-09-21 12:45:36.309,42720.332,712.005533,1.44,low,7.0355,1498.33,1.0,0,0,0,0,0,0,939,378,188,79,32,15,6,6,22,42,42,163
2000,1779,1779,3778,17887844722,17888044622,1789923244717,2026-09-21 00:54:04.717,2026-09-21 12:45:57.904,42713.187,711.88645,2.48,mid,7.0343,1498.33,1.0,1,0,0,0,0,0,939,378,188,79,32,15,0,7,23,43,43,164
2000,1780,1780,3779,17887844822,17888044722,1789923257590,2026-09-21 00:54:17.590,2026-09-21 12:46:11.693,42714.103,711.901717,1.39,low,7.0344,1498.33,1.0,0,0,0,0,0,0,939,378,188,79,32,15,1,8,24,44,44,165
2000,1781,1781,3780,17887844922,17888044822,1789923292227,2026-09-21 00:54:52.227,2026-09-21 12:46:21.761,42689.534,711.492233,1.03,low,7.0311,1498.33,1.0,0,0,0,0,0,0,938,377,188,79,32,15,2,9,25,45,45,166
2000,1782,1782,3781,17887845022,17888044922,1789923309137,2026-09-21 00:55:09.137,2026-09-21 12:47:14.066,42724.929,712.08215,31.99,high,7.0462,1498.33,1.0,1,1,1,1,0,0,939,378,189,80,32,15,0,0,0,0,46,167
2000,1783,1783,3782,17887845122,17888045022,1789923324280,2026-09-21 00:55:24.280,2026-09-21 12:47:41.418,42737.138,712.285633,4.17,mid,7.0475,1498.33,1.0,1,0,0,0,0,0,940,378,189,80,32,15,0,1,1,1,47,168
2000,1784,1784,3783,17887845222,17888045122,1789923341320,2026-09-21 00:55:41.320,2026-09-21 12:48:08.307,42746.987,712.449783,4.23,mid,7.0487,1498.33,1.0,1,0,0,0,0,0,941,378,189,80,32,15,0,2,2,2,48,169
2000,1785,1785,3784,17887845322,17888045222,1789923356303,2026-09-21 00:55:56.303,2026-09-21 12:48:20.867,42744.564,712.4094,1.18,low,7.0487,1498.33,1.0,0,0,0,0,0,0,941,378,189,80,32,15,1,3,3,3,49,170
2000,1786,1786,3785,17887845422,17888045322,1789923374834,2026-09-21 00:56:14.834,2026-09-21 12:48:36.119,42741.285,712.35475,1.56,low,7.0485,1498.33,1.0,0,0,0,0,0,0,940,378,189,80,32,15,2,4,4,4,50,171
2000,1787,1787,3786,17887845522,17888045422,1789923385215,2026-09-21 00:56:25.215,2026-09-21 12:49:37.639,42792.424,713.207067,72.67,high,7.0843,1498.33,1.0,1,1,1,1,1,0,941,379,190,81,33,15,0,0,0,0,0,172
2000,1788,1788,3787,17887845622,17888045522,1789923399120,2026-09-21 00:56:39.120,2026-09-21 12:49:49.842,42790.722,713.1787,1.19,low,7.0842,1498.33,1.0,0,0,0,0,0,0,941,379,190,81,33,15,1,1,1,1,1,173
2000,1789,1789,3788,17887845722,17888045622,1789923443190,2026-09-21 00:57:23.190,2026-09-21 12:50:00.533,42757.343,712.622383,1.02,low,7.0763,1498.33,1.0,0,0,0,0,0,0,940,378,189,81,33,15,2,2,2,2,2,174
2000,1790,1790,3789,17887845822,17888045722,1789923455090,2026-09-21 00:57:35.090,2026-09-21 12:50:10.180,42755.09,712.584833,1.0,low,7.0762,1498.33,1.0,0,0,0,0,0,0,940,378,189,81,33,15,3,3,3,3,3,175
2000,1791,1791,3790,17887845922,17888045822,1789923466263,2026-09-21 00:57:46.263,2026-09-21 12:50:20.259,42753.996,712.5666,1.0,low,7.0762,1498.33,1.0,0,0,0,0,0,0,940,378,189,81,33,15,4,4,4,4,4,176
2000,1792,1792,3791,17887846022,17888045922,1789923481420,2026-09-21 00:58:01.420,2026-09-21 12:51:04.644,42783.224,713.053733,17.1,mid,7.084,1498.33,1.0,1,1,1,0,0,0,941,379,190,81,33,15,0,0,0,5,5,177
2000,1793,1793,3792,17887846122,17888046022,1789923505333,2026-09-21 00:58:25.333,2026-09-21 12:51:21.877,42776.544,712.9424,1.78,low,7.0833,1498.33,1.0,0,0,0,0,0,0,940,379,190,81,33,15,1,1,1,6,6,178
2000,1794,1794,3793,17887846222,17888046122,1789923533683,2026-09-21 00:58:53.683,2026-09-21 12:51:40.715,42767.032,712.783867,2.12,mid,7.082,1498.33,1.0,1,0,0,0,0,0,940,379,190,81,33,15,0,2,2,7,7,179
2000,1795,1795,3794,17887846322,17888046222,1789923551250,2026-09-21 00:59:11.250,2026-09-21 12:51:57.218,42765.968,712.766133,1.75,low,7.082,1498.33,1.0,0,0,0,0,0,0,940,379,190,81,33,15,1,3,3,8,8,180
2000,1796,1796,3795,17887846422,17888046322,1789923567367,2026-09-21 00:59:27.367,2026-09-21 12:52:14.489,42767.122,712.785367,1.8,low,7.0821,1498.33,1.0,0,0,0,0,0,0,940,379,190,81,33,15,2,4,4,9,9,181
2000,1797,1797,3796,17887846522,17888046422,1789923586463,2026-09-21 00:59:46.463,2026-09-21 12:52:25.309,42758.846,712.647433,1.07,low,7.0815,1498.33,1.0,0,0,0,0,0,0,939,379,190,81,33,15,3,5,5,10,10,182
2000,1798,1798,3797,17887846622,17888046522,1789923604453,2026-09-21 01:00:04.453,2026-09-21 12:52:39.036,42754.583,712.576383,1.36,low,7.0812,1498.33,1.0,0,0,0,0,0,0,939,379,190,81,33,15,4,6,6,11,11,183
2000,1799,1799,3798,17887846722,17888046622,1789923621483,2026-09-21 01:00:21.483,2026-09-21 12:52:51.052,42749.569,712.492817,1.18,low,7.0809,1498.33,1.0,0,0,0,0,0,0,939,379,190,81,33,15,5,7,7,12,12,184
2000,1800,1800,3799,17887846822,17888046722,1789923631600,2026-09-21 01:00:31.600,2026-09-21 12:53:51.363,42799.763,713.329383,65.66,high,7.1133,1498.33,1.0,1,1,1,1,1,0,940,380,191,82,34,15,0,0,0,0,0,185
2000,1801,1801,3800,17887846922,17888046822,1789923644590,2026-09-21 01:00:44.590,2026-09-21 12:54:04.214,42799.624,713.327067,1.25,low,7.1133,1498.33,1.0,0,0,0,0,0,0,940,380,191,82,34,15,1,1,1,1,1,186
2000,1802,1802,3801,17887847022,17888046922,1789923658937,2026-09-21 01:00:58.937,2026-09-21 12:54:29.486,42810.549,713.50915,3.64,mid,7.1144,1498.33,1.0,1,0,0,0,0,0,941,380,191,82,34,15,0,2,2,2,2,187
2000,1803,1803,3802,17887847122,17888047022,1789923699860,2026-09-21 01:01:39.860,2026-09-21 12:54:40.950,42781.09,713.018167,1.07,low,7.1084,1498.33,1.0,0,0,0,0,0,0,940,379,190,82,34,15,1,3,3,3,3,188
2000,1804,1804,3803,17887847222,17888047122,1789923737080,2026-09-21 01:02:17.080,2026-09-21 12:54:57.702,42760.622,712.677033,1.78,low,7.1045,1498.33,1.0,0,0,0,0,0,0,939,378,190,82,34,15,2,4,4,4,4,189
2000,1805,1805,3804,17887847322,17888047222,1789923755847,2026-09-21 01:02:35.847,2026-09-21 12:55:13.112,42757.265,712.621083,1.6,low,7.1043,1498.33,1.0,0,0,0,0,0,0,938,378,190,82,34,15,3,5,5,5,5,190
2000,1806,1806,3805,17887847422,17888047322,1789923765943,2026-09-21 01:02:45.943,2026-09-21 12:55:46.024,42780.081,713.00135,6.47,mid,7.107,1498.33,1.0,1,1,0,0,0,0,939,379,190,82,34,15,0,0,6,6,6,191
2000,1807,1807,3806,17887847522,17888047422,1789923778463,2026-09-21 01:02:58.463,2026-09-21 12:56:01.458,42782.995,713.049917,1.6,low,7.1072,1498.33,1.0,0,0,0,0,0,0,939,379,190,82,34,15,1,1,7,7,7,192
2000,1808,1808,3807,17887847622,17888047522,1789923794210,2026-09-21 01:03:14.210,2026-09-21 12:56:35.553,42801.343,713.355717,7.13,mid,7.1099,1498.33,1.0,1,1,0,0,0,0,940,380,190,82,34,15,0,0,8,8,8,193
2000,1809,1809,3808,17887847722,17888047622,1789923824307,2026-09-21 01:03:44.307,2026-09-21 12:57:00.642,42796.335,713.27225,3.59,mid,7.1091,1498.33,1.0,1,0,0,0,0,0,940,379,190,82,34,15,0,1,9,9,9,194
2000,1810,1810,3809,17887847822,17888047722,1789923841117,2026-09-21 01:04:01.117,2026-09-21 12:57:10.749,42789.632,713.160533,1.01,low,7.1087,1498.33,1.0,0,0,0,0,0,0,940,379,190,82,34,15,1,2,10,10,10,195
2000,1811,1811,3810,17887847922,17888047822,1789923851967,2026-09-21 01:04:11.967,2026-09-21 12:57:29.973,42798.006,713.3001,2.22,mid,7.1093,1498.33,1.0,1,0,0,0,0,0,941,379,190,82,34,15,0,3,11,11,11,196
2000,1812,1812,3811,17887848022,17888047922,1789923863977,2026-09-21 01:04:23.977,2026-09-21 12:57:42.376,42798.399,713.30665,1.2,low,7.1093,1498.33,1.0,0,0,0,0,0,0,941,379,190,82,34,15,1,4,12,12,12,197
2000,1813,1813,3812,17887848122,17888048022,1789923886783,2026-09-21 01:04:46.783,2026-09-21 12:58:15.049,42808.266,713.4711,6.45,mid,7.1111,1498.33,1.0,1,1,0,0,0,0,941,380,190,82,34,15,0,0,13,13,13,198
2000,1814,1814,3813,17887848222,17888048122,1789923896877,2026-09-21 01:04:56.877,2026-09-21 12:58:50.906,42834.029,713.900483,8.55,mid,7.1149,1498.33,1.0,1,1,0,0,0,0,942,381,190,82,34,15,0,0,14,14,14,199
2000,1815,1815,3814,17887848322,17888048222,1789923916413,2026-09-21 01:05:16.413,2026-09-21 12:59:21.606,42845.193,714.08655,5.56,mid,7.1165,1498.33,1.0,1,1,0,0,0,0,942,382,190,82,34,15,0,0,15,15,15,200
2000,1816,1816,3815,17887848422,17888048322,1789923933433,2026-09-21 01:05:33.433,2026-09-21 13:00:19.519,42886.086,714.7681,53.07,high,7.1422,1498.33,1.0,1,1,1,1,1,0,943,383,191,83,35,15,0,0,0,0,0,201
2000,1817,1817,3816,17887848522,17888048422,1789923957220,2026-09-21 01:05:57.220,2026-09-21 13:00:37.183,42879.963,714.66605,1.81,low,7.1415,1498.33,1.0,0,0,0,0,0,0,942,383,191,83,35,15,1,1,1,1,1,202
2000,1818,1818,3817,17887848622,17888048522,1789923972285,2026-09-21 01:06:12.285,2026-09-21 13:01:06.191,42893.906,714.898433,4.91,mid,7.1432,1498.33,1.0,1,0,0,0,0,0,943,383,191,83,35,15,0,2,2,2,2,203
2000,1819,1819,3818,17887848722,17888048622,1789923988520,2026-09-21 01:06:28.520,2026-09-21 13:01:24.046,42895.526,714.925433,1.91,low,7.1434,1498.33,1.0,0,0,0,0,0,0,943,383,191,83,35,15,1,3,3,3,3,204
2000,1820,1820,3819,17887848822,17888048722,1789924014107,2026-09-21 01:06:54.107,2026-09-21 13:01:36.834,42882.727,714.712117,1.24,low,7.1422,1498.33,1.0,0,0,0,0,0,0,942,383,191,83,35,15,2,4,4,4,4,205
2000,1821,1821,3820,17887848922,17888048822,1789924031070,2026-09-21 01:07:11.070,2026-09-21 13:02:10.610,42899.54,714.992333,7.02,mid,7.1448,1498.33,1.0,1,1,0,0,0,0,943,384,191,83,35,15,0,0,5,5,5,206
2000,1822,1822,3821,17887849022,17888048922,1789924063553,2026-09-21 01:07:43.553,2026-09-21 13:03:34.639,42951.086,715.851433,472.96,extra,7.378,1498.33,1.0,1,1,1,1,1,1,943,384,192,84,36,16,0,0,0,0,0,0
2000,1823,1823,3822,17887849122,17888049022,1789924093580,2026-09-21 01:08:13.580,2026-09-21 13:03:58.223,42944.643,715.74405,3.14,mid,7.3773,1498.33,1.0,1,0,0,0,0,0,943,384,192,84,36,16,0,1,1,1,1,1
2000,1824,1824,3823,17887849222,17888049122,1789924111773,2026-09-21 01:08:31.773,2026-09-21 13:04:10.679,42938.906,715.648433,1.21,low,7.3769,1498.33,1.0,0,0,0,0,0,0,943,384,192,84,36,16,1,2,2,2,2,2
2000,1825,1825,3824,17887849322,17888049222,1789924127003,2026-09-21 01:08:47.003,2026-09-21 13:04:27.989,42940.986,715.6831,1.83,low,7.3771,1498.33,1.0,0,0,0,0,0,0,943,384,192,84,36,16,2,3,3,3,3,3
2000,1826,1826,3825,17887849422,17888049322,1789924139500,2026-09-21 01:08:59.500,2026-09-21 13:04:54.076,42954.576,715.9096,3.78,mid,7.3783,1498.33,1.0,1,0,0,0,0,0,944,384,192,84,36,16,0,4,4,4,4,4
2000,1827,1827,3826,17887849522,17888049422,1789924150220,2026-09-21 01:09:10.220,2026-09-21 13:05:14.469,42964.249,716.070817,2.36,mid,7.379,1498.33,1.0,1,0,0,0,0,0,945,384,192,84,36,16,0,5,5,5,5,5
2000,1828,1828,3827,17887849622,17888049522,1789924164010,2026-09-21 01:09:24.010,2026-09-21 13:05:41.996,42977.986,716.299767,4.27,mid,7.3805,1498.33,1.0,1,0,0,0,0,0,946,384,192,84,36,16,0,6,6,6,6,6
2000,1829,1829,3828,17887849722,17888049622,1789924187557,2026-09-21 01:09:47.557,2026-09-21 13:05:52.101,42964.544,716.075733,1.01,low,7.3795,1498.33,1.0,0,0,0,0,0,0,945,384,192,84,36,16,1,7,7,7,7,7
2000,1830,1830,3829,17887849822,17888049722,1789924206563,2026-09-21 01:10:06.563,2026-09-21 13:06:05.692,42959.129,715.985483,1.36,low,7.3793,1498.33,1.0,0,0,0,0,0,0,945,384,192,84,36,16,2,8,8,8,8,8
2000,1831,1831,3830,17887849922,17888049822,1789924223883,2026-09-21 01:10:23.883,2026-09-21 13:06:22.683,42958.8,715.98,1.78,low,7.3793,1498.33,1.0,0,0,0,0,0,0,945,384,192,84,36,16,3,9,9,9,9,9
2000,1832,1832,3831,17887850022,17888049922,1789924261183,2026-09-21 01:11:01.183,2026-09-21 13:06:35.316,42934.133,715.568883,1.21,low,7.3751,1498.33,1.0,0,0,0,0,0,0,944,383,192,84,36,16,4,10,10,10,10,10
2000,1833,1833,3832,17887850122,17888050022,1789924294317,2026-09-21 01:11:34.317,2026-09-21 13:06:56.311,42921.994,715.366567,2.56,mid,7.373,1498.33,1.0,1,0,0,0,0,0,944,382,192,84,36,16,0,11,11,11,11,11
2000,1834,1834,3833,17887850222,17888050122,1789924314567,2026-09-21 01:11:54.567,2026-09-21 13:07:10.196,42915.629,715.260483,1.37,low,7.3725,1498.33,1.0,0,0,0,0,0,0,943,382,192,84,36,16,1,12,12,12,12,12
2000,1835,1835,3834,17887850322,17888050222,1789924325810,2026-09-21 01:12:05.810,2026-09-21 13:07:24.347,42918.537,715.30895,1.41,low,7.3727,1498.33,1.0,0,0,0,0,0,0,943,382,192,84,36,16,2,13,13,13,13,13
2000,1836,1836,3835,17887850422,17888050322,1789924357330,2026-09-21 01:12:37.330,2026-09-21 13:07:40.069,42902.739,715.04565,1.61,low,7.3705,1498.33,1.0,0,0,0,0,0,0,942,381,192,84,36,16,3,14,14,14,14,14
2000,1837,1837,3836,17887850522,17888050422,1789924372737,2026-09-21 01:12:52.737,2026-09-21 13:07:52.278,42899.541,714.99235,1.18,low,7.3705,1498.33,1.0,0,0,0,0,0,0,942,381,192,84,36,16,4,15,15,15,15,15
2000,1838,1838,3837,17887850622,17888050522,1789924385807,2026-09-21 01:13:05.807,2026-09-21 13:08:03.063,42897.256,714.954267,1.08,low,7.3704,1498.33,1.0,0,0,0,0,0,0,942,381,192,84,36,16,5,16,16,16,16,16
2000,1839,1839,3838,17887850722,17888050622,1789924401630,2026-09-21 01:13:21.630,2026-09-21 13:08:14.757,42893.127,714.88545,1.12,low,7.3701,1498.33,1.0,0,0,0,0,0,0,942,381,192,84,36,16,6,17,17,17,17,17
2000,1840,1840,3839,17887850822,17888050722,1789924421713,2026-09-21 01:13:41.713,2026-09-21 13:08:39.459,42897.746,714.962433,3.49,mid,7.3707,1498.33,1.0,1,0,0,0,0,0,942,381,192,84,36,16,0,18,18,18,18,18
2000,1841,1841,3840,17887850922,17888050822,1789924444967,2026-09-21 01:14:04.967,2026-09-21 13:08:56.341,42891.374,714.856233,1.7,low,7.37,1498.33,1.0,0,0,0,0,0,0,941,381,192,84,36,16,1,19,19,19,19,19
2000,1842,1842,3841,17887851022,17888050922,1789924457530,2026-09-21 01:14:17.530,2026-09-21 13:09:19.942,42902.412,715.0402,3.21,mid,7.371,1498.33,1.0,1,0,0,0,0,0,942,381,192,84,36,16,0,20,20,20,20,20
2000,1843,1843,3842,17887851122,17888051022,1789924493870,2026-09-21 01:14:53.870,2026-09-21 13:09:36.852,42882.982,714.716367,1.7,low,7.3674,1498.33,1.0,0,0,0,0,0,0,941,380,192,84,36,16,1,21,21,21,21,21
2000,1844,1844,3843,17887851222,17888051122,1789924505170,2026-09-21 01:15:05.170,2026-09-21 13:09:49.595,42884.425,714.740417,1.33,low,7.3675,1498.33,1.0,0,0,0,0,0,0,941,380,192,84,36,16,2,22,22,22,22,22
2000,1845,1845,3844,17887851322,17888051222,1789924520510,2026-09-21 01:15:20.510,2026-09-21 13:10:03.570,42883.06,714.717667,1.33,low,7.3674,1498.33,1.0,0,0,0,0,0,0,941,380,192,84,36,16,3,23,23,23,23,23
2000,1846,1846,3845,17887851422,17888051322,1789924540190,2026-09-21 01:15:40.190,2026-09-21 13:10:36.888,42896.698,714.944967,7.12,mid,7.3699,1498.33,1.0,1,1,0,0,0,0,941,381,192,84,36,16,0,0,24,24,24,24
2000,1847,1847,3846,17887851522,17888051422,1789924555517,2026-09-21 01:15:55.517,2026-09-21 13:10:48.582,42893.065,714.884417,1.15,low,7.3697,1498.33,1.0,0,0,0,0,0,0,941,381,192,84,36,16,1,1,25,25,25,25
2000,1848,1848,3847,17887851622,17888051522,1789924590083,2026-09-21 01:16:30.083,2026-09-21 13:11:45.309,42915.226,715.253767,48.05,high,7.3899,1498.33,1.0,1,1,1,1,0,0,941,381,193,85,36,16,0,0,0,0,26,26
2000,1849,1849,3848,17887851722,17888051622,1789924606617,2026-09-21 01:16:46.617,2026-09-21 13:12:07.834,42921.217,715.353617,2.81,mid,7.3904,1498.33,1.0,1,0,0,0,0,0,942,381,193,85,36,16,0,1,1,1,27,27
2000,1850,1850,3849,17887851822,17888051722,1789924616677,2026-09-21 01:16:56.677,2026-09-21 13:12:46.146,42949.469,715.824483,10.48,mid,7.3951,1498.33,1.0,1,1,1,0,0,0,943,382,194,85,36,16,0,0,0,2,28,28
2000,1851,1851,3850,17887851922,17888051822,1789924638203,2026-09-21 01:17:18.203,2026-09-21 13:13:15.190,42956.987,715.949783,4.96,mid,7.3963,1498.33,1.0,1,0,0,0,0,0,943,382,194,85,36,16,0,1,1,3,29,29
2000,1852,1852,3851,17887852022,17888051922,1789924648300,2026-09-21 01:17:28.300,2026-09-21 13:13:26.763,42958.463,715.974383,1.11,low,7.3964,1498.33,1.0,0,0,0,0,0,0,943,382,194,85,36,16,1,2,2,4,30,30
2000,1853,1853,3852,17887852122,17888052022,1789924661590,2026-09-21 01:17:41.590,2026-09-21 13:13:53.290,42971.7,716.195,4.06,mid,7.3978,1498.33,1.0,1,0,0,0,0,0,944,382,194,85,36,16,0,3,3,5,31,31
2000,1854,1854,3853,17887852222,17888052122,1789924688740,2026-09-21 01:18:08.740,2026-09-21 13:14:17.056,42968.316,716.1386,2.98,mid,7.3972,1498.33,1.0,1,0,0,0,0,0,944,382,194,85,36,16,0,4,4,6,32,32
2000,1855,1855,3854,17887852322,17888052222,1789924758937,2026-09-21 01:19:18.937,2026-09-21 13:14:31.332,42912.395,715.206583,1.46,low,7.3369,1498.33,1.0,0,0,0,0,0,0,943,381,193,84,35,15,1,5,5,7,33,33
2000,1856,1856,3855,17887852422,17888052322,1789924795040,2026-09-21 01:19:55.040,2026-09-21 13:14:58.960,42903.92,715.065333,4.35,mid,7.3348,1498.33,1.0,1,0,0,0,0,0,943,380,193,84,35,15,0,6,6,8,34,34
2000,1857,1857,3856,17887852522,17888052422,1789924811287,2026-09-21 01:20:11.287,2026-09-21 13:15:37.422,42926.135,715.435583,10.51,mid,7.3392,1498.33,1.0,1,1,1,0,0,0,944,381,194,84,35,15,0,0,0,9,35,35
2000,1858,1858,3857,17887852622,17888052522,1789924826930,2026-09-21 01:20:26.930,2026-09-21 13:15:47.861,42920.931,715.34885,1.0,low,7.3389,1498.33,1.0,0,0,0,0,0,0,944,381,194,84,35,15,1,1,1,10,36,36
2000,1859,1859,3858,17887852722,17888052622,1789924853517,2026-09-21 01:20:53.517,2026-09-21 13:16:13.335,42919.818,715.3303,3.63,mid,7.3387,1498.33,1.0,1,0,0,0,0,0,944,381,194,84,35,15,0,2,2,11,37,37
2000,1860,1860,3859,17887852822,17888052722,1789924864490,2026-09-21 01:21:04.490,2026-09-21 13:16:25.037,42920.547,715.34245,1.19,low,7.3388,1498.33,1.0,0,0,0,0,0,0,944,381,194,84,35,15,1,3,3,12,38,38
2000,1861,1861,3860,17887852922,17888052822,1789924897210,2026-09-21 01:21:37.210,2026-09-21 13:17:10.161,42932.951,715.549183,18.38,mid,7.3447,1498.33,1.0,1,1,1,0,0,0,944,381,195,84,35,15,0,0,0,13,39,39
2000,1862,1862,3861,17887853022,17888052922,1789924920317,2026-09-21 01:22:00.317,2026-09-21 13:17:27.336,42927.019,715.450317,1.45,low,7.3439,1498.33,1.0,0,0,0,0,0,0,943,381,195,84,35,15,1,1,1,14,40,40
2000,1863,1863,3862,17887853122,17888053022,1789924941947,2026-09-21 01:22:21.947,2026-09-21 13:17:37.705,42915.758,715.262633,1.0,low,7.3431,1498.33,1.0,0,0,0,0,0,0,942,381,195,84,35,15,2,2,2,15,41,41
2000,1864,1864,3863,17887853222,17888053122,1789924961623,2026-09-21 01:22:41.623,2026-09-21 13:17:53.596,42911.973,715.19955,1.65,low,7.3428,1498.33,1.0,0,0,0,0,0,0,941,381,195,84,35,15,3,3,3,16,42,42
2000,1865,1865,3864,17887853322,17888053222,1789924975087,2026-09-21 01:22:55.087,2026-09-21 13:18:11.930,42916.843,715.280717,2.03,mid,7.3432,1498.33,1.0,1,0,0,0,0,0,942,381,195,84,35,15,0,4,4,17,43,43
2000,1866,1866,3865,17887853422,17888053322,1789924985180,2026-09-21 01:23:05.180,2026-09-21 13:18:59.107,42953.927,715.898783,21.16,mid,7.3532,1498.33,1.0,1,1,1,1,0,0,943,382,196,85,35,15,0,0,0,0,44,44
2000,1867,1867,3866,17887853522,17888053422,1789925017143,2026-09-21 01:23:37.143,2026-09-21 13:19:15.139,42937.996,715.633267,1.66,low,7.351,1498.33,1.0,0,0,0,0,0,0,942,381,196,85,35,15,1,1,1,1,45,45
2000,1868,1868,3867,17887853622,17888053522,1789925033521,2026-09-21 01:23:53.521,2026-09-21 13:19:32.286,42938.765,715.646083,1.8,low,7.3511,1498.33,1.0,0,0,0,0,0,0,942,381,196,85,35,15,2,2,2,2,46,46
2000,1869,1869,3868,17887853722,17888053622,1789925046140,2026-09-21 01:24:06.140,2026-09-21 13:19:49.732,42943.592,715.726533,1.86,low,7.3515,1498.33,1.0,0,0,0,0,0,0,942,381,196,85,35,15,3,3,3,3,47,47
2000,1870,1870,3869,17887853822,17888053722,1789925061133,2026-09-21 01:24:21.133,2026-09-21 13:20:12.373,42951.24,715.854,2.87,mid,7.3522,1498.33,1.0,1,0,0,0,0,0,943,381,196,85,35,15,0,4,4,4,48,48
2000,1871,1871,3870,17887853922,17888053822,1789925089720,2026-09-21 01:24:49.720,2026-09-21 13:20:40.159,42950.439,715.84065,4.2,mid,7.3519,1498.33,1.0,1,0,0,0,0,0,943,381,196,85,35,15,0,5,5,5,49,49
2000,1872,1872,3871,17887854022,17888053922,1789925105170,2026-09-21 01:25:05.170,2026-09-21 13:21:00.970,42955.8,715.93,2.52,mid,7.3524,1498.33,1.0,1,0,0,0,0,0,944,381,196,85,35,15,0,6,6,6,50,50
2000,1873,1873,3872,17887854122,17888054022,1789925115280,2026-09-21 01:25:15.280,2026-09-21 13:21:15.030,42959.75,715.995833,1.43,low,7.3526,1498.33,1.0,0,0,0,0,0,0,944,381,196,85,35,15,1,7,7,7,51,51
2000,1874,1874,3873,17887854222,17888054122,1789925129270,2026-09-21 01:25:29.270,2026-09-21 13:21:31.286,42962.016,716.0336,1.63,low,7.3527,1498.33,1.0,0,0,0,0,0,0,944,381,196,85,35,15,2,8,8,8,52,52
2000,1875,1875,3874,17887854322,17888054222,1789925149067,2026-09-21 01:25:49.067,2026-09-21 13:21:58.616,42969.549,716.15915,4.26,mid,7.3539,1498.33,1.0,1,0,0,0,0,0,945,381,196,85,35,15,0,9,9,9,53,53
2000,1876,1876,3875,17887854422,17888054322,1789925201263,2026-09-21 01:26:41.263,2026-09-21 13:22:14.462,42933.199,715.553317,1.58,low,7.3414,1498.33,1.0,0,0,0,0,0,0,944,380,195,84,35,15,1,10,10,10,54,54
2000,1877,1877,3876,17887854522,17888054422,1789925212973,2026-09-21 01:26:52.973,2026-09-21 13:22:28.030,42935.057,715.584283,1.36,low,7.3416,1498.33,1.0,0,0,0,0,0,0,944,380,195,84,35,15,2,11,11,11,55,55
2000,1878,1878,3877,17887854622,17888054522,1789925245760,2026-09-21 01:27:25.760,2026-09-21 13:22:58.750,42932.99,715.549833,5.56,mid,7.341,1498.33,1.0,1,1,0,0,0,0,944,380,195,84,35,15,0,0,12,12,56,56
2000,1879,1879,3878,17887854722,17888054622,1789925257663,2026-09-21 01:27:37.663,2026-09-21 13:23:16.255,42938.592,715.6432,1.86,low,7.3414,1498.33,1.0,0,0,0,0,0,0,944,380,195,84,35,15,1,1,13,13,57,57
2000,1880,1880,3879,17887854822,17888054722,1789925267843,2026-09-21 01:27:47.843,2026-09-21 13:23:33.789,42945.946,715.765767,1.86,low,7.3418,1498.33,1.0,0,0,0,0,0,0,944,380,195,84,35,15,2,2,14,14,58,58
2000,1881,1881,3880,17887854922,17888054822,1789925284293,2026-09-21 01:28:04.293,2026-09-21 13:23:45.951,42941.658,715.6943,1.19,low,7.3415,1498.33,1.0,0,0,0,0,0,0,944,380,195,84,35,15,3,3,15,15,59,59
2000,1882,1882,3881,17887855022,17888054922,1789925309847,2026-09-21 01:28:29.847,2026-09-21 13:24:12.797,42942.95,715.715833,4.07,mid,7.3418,1498.33,1.0,1,0,0,0,0,0,944,380,195,84,35,15,0,4,16,16,60,60
2000,1883,1883,3882,17887855122,17888055022,1789925320663,2026-09-21 01:28:40.663,2026-09-21 13:24:23.403,42942.74,715.712333,1.07,low,7.3418,1498.33,1.0,0,0,0,0,0,0,944,380,195,84,35,15,1,5,17,17,61,61
2000,1884,1884,3883,17887855222,17888055122,1789925342427,2026-09-21 01:29:02.427,2026-09-21 13:24:34.685,42932.258,715.537633,1.08,low,7.341,1498.33,1.0,0,0,0,0,0,0,943,380,195,84,35,15,2,6,18,18,62,62
2000,1885,1885,3884,17887855322,17888055222,1789925355230,2026-09-21 01:29:15.230,2026-09-21 13:24:47.133,42931.903,715.531717,1.19,low,7.3409,1498.33,1.0,0,0,0,0,0,0,943,380,195,84,35,15,3,7,19,19,63,63
2000,1886,1886,3885,17887855422,17888055322,1789925368827,2026-09-21 01:29:28.827,2026-09-21 13:25:05.402,42936.575,715.609583,2.05,mid,7.3413,1498.33,1.0,1,0,0,0,0,0,944,380,195,84,35,15,0,8,20,20,64,64
2000,1887,1887,3886,17887855522,17888055422,1789925397133,2026-09-21 01:29:57.133,2026-09-21 13:25:15.759,42918.626,715.310433,1.0,low,7.3395,1498.33,1.0,0,0,0,0,0,0,943,380,195,84,35,15,1,9,21,21,65,65
2000,1888,1888,3887,17887855622,17888055522,1789925408960,2026-09-21 01:30:08.960,2026-09-21 13:25:30.405,42921.445,715.357417,1.5,low,7.3397,1498.33,1.0,0,0,0,0,0,0,943,380,195,84,35,15,2,10,22,22,66,66
2000,1889,1889,3888,17887855722,17888055622,1789925419043,2026-09-21 01:30:19.043,2026-09-21 13:26:41.245,42982.202,716.370033,150.26,extra,7.4143,1498.33,1.0,1,1,1,1,1,1,944,381,196,85,36,16,0,0,0,0,0,0
2000,1890,1890,3889,17887855822,17888055722,1789925440903,2026-09-21 01:30:40.903,2026-09-21 13:27:01.354,42980.451,716.34085,2.3,mid,7.4141,1498.33,1.0,1,0,0,0,0,0,944,381,196,85,36,16,0,1,1,1,1,1
2000,1891,1891,3890,17887855922,17888055822,1789925455613,2026-09-21 01:30:55.613,2026-09-21 13:27:33.926,42998.313,716.63855,6.59,mid,7.4167,1498.33,1.0,1,1,0,0,0,0,945,382,196,85,36,16,0,0,2,2,2,2
2000,1892,1892,3891,17887856022,17888055922,1789925482020,2026-09-21 01:31:22.020,2026-09-21 13:27:44.286,42982.266,716.3711,1.01,low,7.4152,1498.33,1.0,0,0,0,0,0,0,944,382,196,85,36,16,1,1,3,3,3,3
2000,1893,1893,3892,17887856122,17888056022,1789925500050,2026-09-21 01:31:40.050,2026-09-21 13:28:05.562,42985.512,716.4252,2.61,mid,7.4156,1498.33,1.0,1,0,0,0,0,0,945,382,196,85,36,16,0,2,4,4,4,4
2000,1894,1894,3893,17887856222,17888056122,1789925517810,2026-09-21 01:31:57.810,2026-09-21 13:28:33.746,42995.936,716.598933,4.41,mid,7.4168,1498.33,1.0,1,0,0,0,0,0,946,382,196,85,36,16,0,3,5,5,5,5
2000,1895,1895,3894,17887856322,17888056222,1789925546247,2026-09-21 01:32:26.247,2026-09-21 13:28:44.090,42977.843,716.297383,1.07,low,7.415,1498.33,1.0,0,0,0,0,0,0,945,382,196,85,36,16,1,4,6,6,6,6
2000,1896,1896,3895,17887856422,17888056322,1789925563000,2026-09-21 01:32:43.000,2026-09-21 13:29:02.217,42979.217,716.320283,1.96,low,7.4151,1498.33,1.0,0,0,0,0,0,0,945,382,196,85,36,16,2,5,7,7,7,7
2000,1897,1897,3896,17887856522,17888056422,1789925573087,2026-09-21 01:32:53.087,2026-09-21 13:29:22.058,42988.971,716.48285,2.29,mid,7.4158,1498.33,1.0,1,0,0,0,0,0,946,382,196,85,36,16,0,6,8,8,8,8
2000,1898,1898,3897,17887856622,17888056522,1789925603317,2026-09-21 01:33:23.317,2026-09-21 13:29:37.750,42974.433,716.24055,1.6,low,7.4139,1498.33,1.0,0,0,0,0,0,0,945,381,196,85,36,16,1,7,9,9,9,9
2000,1899,1899,3898,17887856722,17888056622,1789925631497,2026-09-21 01:33:51.497,2026-09-21 13:29:52.568,42961.071,716.01785,1.5,low,7.4124,1498.33,1.0,0,0,0,0,0,0,944,381,196,85,36,16,2,8,10,10,10,10
2000,1900,1900,3899,17887856822,17888056722,1789925648227,2026-09-21 01:34:08.227,2026-09-21 13:30:13.183,42964.956,716.0826,2.34,mid,7.4127,1498.33,1.0,1,0,0,0,0,0,945,381,196,85,36,16,0,9,11,11,11,11
2000,1901,1901,3900,17887856922,17888056822,1789925662187,2026-09-21 01:34:22.187,2026-09-21 13:30:44.460,42982.273,716.371217,5.68,mid,7.4148,1498.33,1.0,1,1,0,0,0,0,946,382,196,85,36,16,0,0,12,12,12,12
2000,1902,1902,3901,17887857022,17888056922,1789925694740,2026-09-21 01:34:54.740,2026-09-21 13:31:44.319,43009.579,716.826317,61.04,high,7.4421,1498.33,1.0,1,1,1,1,1,0,946,382,197,86,37,16,0,0,0,0,0,13
2000,1903,1903,3902,17887857122,17888057022,1789925716240,2026-09-21 01:35:16.240,2026-09-21 13:31:53.963,42997.723,716.628717,1.03,low,7.4413,1498.33,1.0,0,0,0,0,0,0,945,382,197,86,37,16,1,1,1,1,1,14
2000,1904,1904,3903,17887857222,17888057122,1789925732263,2026-09-21 01:35:32.263,2026-09-21 13:32:07.856,42995.593,716.593217,1.36,low,7.4412,1498.33,1.0,0,0,0,0,0,0,945,382,197,86,37,16,2,2,2,2,2,15
2000,1905,1905,3904,17887857322,17888057222,1789925760223,2026-09-21 01:36:00.223,2026-09-21 13:32:30.403,42990.18,716.503,2.85,mid,7.4404,1498.33,1.0,1,0,0,0,0,0,945,382,197,86,37,16,0,3,3,3,3,16
2000,1906,1906,3905,17887857422,17888057322,1789925777593,2026-09-21 01:36:17.593,2026-09-21 13:32:40.785,42983.192,716.386533,1.0,low,7.44,1498.33,1.0,0,0,0,0,0,0,945,382,197,86,37,16,1,4,4,4,4,17
2000,1907,1907,3906,17887857522,17888057422,1789925809783,2026-09-21 01:36:49.783,2026-09-21 13:33:28.869,42999.086,716.651433,23.58,mid,7.4486,1498.33,1.0,1,1,1,1,0,0,945,382,198,87,37,16,0,0,0,0,5,18
2000,1908,1908,3907,17887857622,17888057522,1789925823953,2026-09-21 01:37:03.953,2026-09-21 13:33:44.037,43000.084,716.668067,1.54,low,7.4487,1498.33,1.0,0,0,0,0,0,0,945,382,198,87,37,16,1,1,1,1,6,19
2000,1909,1909,3908,17887857722,17888057622,1789925847423,2026-09-21 01:37:27.423,2026-09-21 13:33:54.675,42987.252,716.4542,1.09,low,7.4477,1498.33,1.0,0,0,0,0,0,0,944,382,198,87,37,16,2,2,2,2,7,20
2000,1910,1910,3909,17887857822,17888057722,1789925859120,2026-09-21 01:37:39.120,2026-09-21 13:34:15.055,42995.935,716.598917,2.32,mid,7.4483,1498.33,1.0,1,0,0,0,0,0,945,382,198,87,37,16,0,3,3,3,8,21
2000,1911,1911,3910,17887857922,17888057822,1789925873877,2026-09-21 01:37:53.877,2026-09-21 13:34:42.894,43009.017,716.81695,4.36,mid,7.4497,1498.33,1.0,1,0,0,0,0,0,946,382,198,87,37,16,0,4,4,4,9,22
2000,1912,1912,3911,17887858022,17888057922,1789925893680,2026-09-21 01:38:13.680,2026-09-21 13:34:56.172,43002.492,716.7082,1.31,low,7.4492,1498.33,1.0,0,0,0,0,0,0,945,382,198,87,37,16,1,5,5,5,10,23
2000,1913,1913,3912,17887858122,17888058022,1789925929770,2026-09-21 01:38:49.770,2026-09-21 13:35:10.674,42980.904,716.3484,1.38,low,7.4456,1498.33,1.0,0,0,0,0,0,0,944,381,198,87,37,16,2,6,6,6,11,24
2000,1914,1914,3913,17887858222,17888058122,1789925970420,2026-09-21 01:39:30.420,2026-09-21 13:35:25.144,42954.724,715.912067,1.5,low,7.4401,1498.33,1.0,0,0,0,0,0,0,943,380,197,87,37,16,3,7,7,7,12,25
2000,1915,1915,3914,17887858322,17888058222,1789926004513,2026-09-21 01:40:04.513,2026-09-21 13:35:38.171,42933.658,715.560967,1.29,low,7.4371,1498.33,1.0,0,0,0,0,0,0,942,379,197,87,37,16,4,8,8,8,13,26
2000,1916,1916,3915,17887858422,17888058322,1789926014900,2026-09-21 01:40:14.900,2026-09-21 13:35:51.106,42936.206,715.603433,1.23,low,7.4372,1498.33,1.0,0,0,0,0,0,0,942,379,197,87,37,16,5,9,9,9,14,27
2000,1917,1917,3916,17887858522,17888058422,1789926025017,2026-09-21 01:40:25.017,2026-09-21 13:36:51.609,42986.592,716.4432,68.2,high,7.4708,1498.33,1.0,1,1,1,1,1,0,943,380,198,88,38,16,0,0,0,0,0,28
2000,1918,1918,3917,17887858622,17888058522,1789926052267,2026-09-21 01:40:52.267,2026-09-21 13:37:07.829,42975.562,716.259367,1.73,low,7.4695,1498.33,1.0,0,0,0,0,0,0,942,380,198,88,38,16,1,1,1,1,1,29
2000,1919,1919,3918,17887858722,17888058622,1789926079133,2026-09-21 01:41:19.133,2026-09-21 13:37:25.825,42966.692,716.111533,1.88,low,7.4685,1498.33,1.0,0,0,0,0,0,0,941,380,198,88,38,16,2,2,2,2,2,30
2000,1920,1920,3919,17887858822,17888058722,1789926113463,2026-09-21 01:41:53.463,2026-09-21 13:38:22.084,42988.621,716.477017,47.5,high,7.4884,1498.33,1.0,1,1,1,1,0,0,941,380,199,89,38,16,0,0,0,0,3,31
2000,1921,1921,3920,17887858922,17888058822,1789926129223,2026-09-21 01:42:09.223,2026-09-21 13:38:33.398,42984.175,716.402917,1.12,low,7.4882,1498.33,1.0,0,0,0,0,0,0,941,380,199,89,38,16,1,1,1,1,4,32
2000,1922,1922,3921,17887859022,17888058922,1789926148197,2026-09-21 01:42:28.197,2026-09-21 13:38:44.297,42976.1,716.268333,1.0,low,7.4876,1498.33,1.0,0,0,0,0,0,0,940,380,199,89,38,16,2,2,2,2,5,33
2000,1923,1923,3922,17887859122,17888059022,1789926161777,2026-09-21 01:42:41.777,2026-09-21 13:39:03.748,42981.971,716.366183,2.29,mid,7.4881,1498.33,1.0,1,0,0,0,0,0,941,380,199,89,38,16,0,3,3,3,6,34
2000,1924,1924,3923,17887859222,17888059122,1789926172517,2026-09-21 01:42:52.517,2026-09-21 13:39:33.634,43001.117,716.685283,5.13,mid,7.4902,1498.33,1.0,1,1,0,0,0,0,942,381,199,89,38,16,0,0,4,4,7,35
2000,1925,1925,3924,17887859322,17888059222,1789926185597,2026-09-21 01:43:05.597,2026-09-21 13:40:04.109,43018.512,716.9752,5.6,mid,7.4923,1498.33,1.0,1,1,0,0,0,0,943,382,199,89,38,16,0,0,5,5,8,36
2000,1926,1926,3925,17887859422,17888059322,1789926207880,2026-09-21 01:43:27.880,2026-09-21 13:40:20.688,43012.808,716.880133,1.69,low,7.4918,1498.33,1.0,0,0,0,0,0,0,942,382,199,89,38,16,1,1,6,6,9,37
2000,1927,1927,3926,17887859522,17888059422,1789926250950,2026-09-21 01:44:10.950,2026-09-21 13:40:54.373,43003.423,716.723717,7.06,mid,7.4876,1498.33,1.0,1,1,0,0,0,0,942,382,198,89,38,16,0,0,7,7,10,38
2000,1928,1928,3927,17887859622,17888059522,1789926262369,2026-09-21 01:44:22.369,2026-09-21 13:41:14.836,43012.467,716.87445,2.4,mid,7.4882,1498.33,1.0,1,0,0,0,0,0,943,382,198,89,38,16,0,1,8,8,11,39
2000,1929,1929,3928,17887859722,17888059622,1789926282353,2026-09-21 01:44:42.353,2026-09-21 13:41:31.111,43008.758,716.812633,1.67,low,7.4879,1498.33,1.0,0,0,0,0,0,0,942,382,198,89,38,16,1,2,9,9,12,40
2000,1930,1930,3929,17887859822,17888059722,1789926302100,2026-09-21 01:45:02.100,2026-09-21 13:41:42.343,43000.243,716.670717,1.12,low,7.4873,1498.33,1.0,0,0,0,0,0,0,941,382,198,89,38,16,2,3,10,10,13,41
2000,1931,1931,3930,17887859922,17888059822,1789926333847,2026-09-21 01:45:33.847,2026-09-21 13:41:54.371,42980.524,716.342067,1.17,low,7.4849,1498.33,1.0,0,0,0,0,0,0,940,381,198,89,38,16,3,4,11,11,14,42
2000,1932,1932,3931,17887860022,17888059922,1789926343973,2026-09-21 01:45:43.973,2026-09-21 13:42:13.867,42989.894,716.498233,2.2,mid,7.4855,1498.33,1.0,1,0,0,0,0,0,941,381,198,89,38,16,0,5,12,12,15,43
2000,1933,1933,3932,17887860122,17888060022,1789926363060,2026-09-21 01:46:03.060,2026-09-21 13:42:30.709,42987.649,716.460817,1.8,low,7.4853,1498.33,1.0,0,0,0,0,0,0,940,381,198,89,38,16,1,6,13,13,16,44
2000,1934,1934,3933,17887860222,17888060122,1789926381167,2026-09-21 01:46:21.167,2026-09-21 13:42:45.068,42983.901,716.39835,1.39,low,7.4851,1498.33,1.0,0,0,0,0,0,0,940,381,198,89,38,16,2,7,14,14,17,45
2000,1935,1935,3934,17887860322,17888060222,1789926398097,2026-09-21 01:46:38.097,2026-09-21 13:43:10.882,42992.785,716.546417,3.76,mid,7.486,1498.33,1.0,1,0,0,0,0,0,941,381,198,89,38,16,0,8,15,15,18,46
2000,1936,1936,3935,17887860422,17888060322,1789926420310,2026-09-21 01:47:00.310,2026-09-21 13:43:26.934,42986.624,716.443733,1.61,low,7.4855,1498.33,1.0,0,0,0,0,0,0,940,381,198,89,38,16,1,9,16,16,19,47
2000,1937,1937,3936,17887860522,17888060422,1789926440647,2026-09-21 01:47:20.647,2026-09-21 13:43:40.139,42979.492,716.324867,1.33,low,7.485,1498.33,1.0,0,0,0,0,0,0,939,381,198,89,38,16,2,10,17,17,20,48
2000,1938,1938,3937,17887860622,17888060522,1789926452667,2026-09-21 01:47:32.667,2026-09-21 13:43:50.492,42977.825,716.297083,1.0,low,7.4849,1498.33,1.0,0,0,0,0,0,0,939,381,198,89,38,16,3,11,18,18,21,49
2000,1939,1939,3938,17887860722,17888060622,1789926473917,2026-09-21 01:47:53.917,2026-09-21 13:44:08.847,42974.93,716.248833,2.05,mid,7.4846,1498.33,1.0,1,0,0,0,0,0,939,381,198,89,38,16,0,12,19,19,22,50
2000,1940,1940,3939,17887860822,17888060722,1789926496570,2026-09-21 01:48:16.570,2026-09-21 13:44:25.030,42968.46,716.141,1.7,low,7.4841,1498.33,1.0,0,0,0,0,0,0,938,381,198,89,38,16,1,13,20,20,23,51
2000,1941,1941,3940,17887860922,17888060822,1789926506663,2026-09-21 01:48:26.663,2026-09-21 13:45:05.899,42999.236,716.653933,12.67,mid,7.4899,1498.33,1.0,1,1,1,0,0,0,939,382,199,89,38,16,0,0,0,21,24,52
2000,1942,1942,3941,17887861022,17888060922,1789926517273,2026-09-21 01:48:37.273,2026-09-21 13:45:37.055,43019.782,716.996367,5.71,mid,7.4922,1498.33,1.0,1,1,0,0,0,0,940,383,199,89,38,16,0,0,1,22,25,53
2000,1943,1943,3942,17887861122,17888061022,1789926536563,2026-09-21 01:48:56.563,2026-09-21 13:46:10.629,43034.066,717.234433,7.15,mid,7.4947,1498.33,1.0,1,1,0,0,0,0,940,384,199,89,38,16,0,0,2,23,26,54
2000,1944,1944,3943,17887861222,17888061122,1789926553587,2026-09-21 01:49:13.587,2026-09-21 13:46:23.146,43029.559,717.159317,1.23,low,7.4944,1498.33,1.0,0,0,0,0,0,0,940,384,199,89,38,16,1,1,3,24,27,55
2000,1945,1945,3944,17887861322,17888061222,1789926602517,2026-09-21 01:50:02.517,2026-09-21 13:47:11.596,43029.079,717.151317,23.81,mid,7.4937,1498.33,1.0,1,1,1,1,0,0,940,384,199,89,38,16,0,0,0,0,28,56
2000,1946,1946,3945,17887861422,17888061322,1789926615340,2026-09-21 01:50:15.340,2026-09-21 13:47:21.644,43026.304,717.105067,1.0,low,7.4936,1498.33,1.0,0,0,0,0,0,0,940,384,199,89,38,16,1,1,1,1,29,57
2000,1947,1947,3946,17887861522,17888061422,1789926644330,2026-09-21 01:50:44.330,2026-09-21 13:47:33.201,43008.871,716.814517,1.17,low,7.4917,1498.33,1.0,0,0,0,0,0,0,939,384,199,89,38,16,2,2,2,2,30,58
2000,1948,1948,3947,17887861622,17888061522,1789926661147,2026-09-21 01:51:01.147,2026-09-21 13:47:45.333,43004.186,716.736433,1.19,low,7.4915,1498.33,1.0,0,0,0,0,0,0,939,384,199,89,38,16,3,3,3,3,31,59
2000,1949,1949,3948,17887861722,17888061622,1789926677000,2026-09-21 01:51:17.000,2026-09-21 13:48:11.921,43014.921,716.91535,3.96,mid,7.4926,1498.33,1.0,1,0,0,0,0,0,940,384,199,89,38,16,0,4,4,4,32,60
2000,1950,1950,3949,17887861822,17888061722,1789926688363,2026-09-21 01:51:28.363,2026-09-21 13:48:24.607,43016.244,716.9374,1.13,low,7.4926,1498.33,1.0,0,0,0,0,0,0,940,384,199,89,38,16,1,5,5,5,33,61
2000,1951,1951,3950,17887861922,17888061822,1789926700440,2026-09-21 01:51:40.440,2026-09-21 13:48:48.073,43027.633,717.127217,2.99,mid,7.4935,1498.33,1.0,1,0,0,0,0,0,941,384,199,89,38,16,0,6,6,6,34,62
2000,1952,1952,3951,17887862022,17888061922,1789926717373,2026-09-21 01:51:57.373,2026-09-21 13:49:06.017,43028.644,717.144067,2.0,mid,7.4937,1498.33,1.0,1,0,0,0,0,0,942,384,199,89,38,16,0,7,7,7,35,63
2000,1953,1953,3952,17887862122,17888062022,1789926743847,2026-09-21 01:52:23.847,2026-09-21 13:49:22.298,43018.451,716.974183,1.68,low,7.4925,1498.33,1.0,0,0,0,0,0,0,941,384,199,89,38,16,1,8,8,8,36,64
2000,1954,1954,3953,17887862222,17888062122,1789926765603,2026-09-21 01:52:45.603,2026-09-21 13:49:56.882,43031.279,717.187983,7.32,mid,7.4949,1498.33,1.0,1,1,0,0,0,0,941,385,199,89,38,16,0,0,9,9,37,65
2000,1955,1955,3954,17887862322,17888062222,1789926781220,2026-09-21 01:53:01.220,2026-09-21 13:50:12.436,43031.216,717.186933,1.66,low,7.4949,1498.33,1.0,0,0,0,0,0,0,941,385,199,89,38,16,1,1,10,10,38,66
2000,1956,1956,3955,17887862422,17888062322,1789926797260,2026-09-21 01:53:17.260,2026-09-21 13:50:41.413,43044.153,717.40255,4.64,mid,7.4964,1498.33,1.0,1,0,0,0,0,0,942,385,199,89,38,16,0,2,11,11,39,67
2000,1957,1957,3956,17887862522,17888062422,1789926813353,2026-09-21 01:53:33.353,2026-09-21 13:50:51.480,43038.127,717.302117,1.0,low,7.4961,1498.33,1.0,0,0,0,0,0,0,942,385,199,89,38,16,1,3,12,12,40,68
2000,1958,1958,3957,17887862622,17888062522,1789926829640,2026-09-21 01:53:49.640,2026-09-21 13:51:04.879,43035.239,717.253983,1.34,low,7.4959,1498.33,1.0,0,0,0,0,0,0,942,385,199,89,38,16,2,4,13,13,41,69
2000,1959,1959,3958,17887862722,17888062622,1789926839766,2026-09-21 01:53:59.766,2026-09-21 13:51:15.019,43035.253,717.254217,1.0,low,7.4959,1498.33,1.0,0,0,0,0,0,0,942,385,199,89,38,16,3,5,14,14,42,70
2000,1960,1960,3959,17887862822,17888062722,1789926863973,2026-09-21 01:54:23.973,2026-09-21 13:51:31.126,43027.153,717.119217,1.63,low,7.4951,1498.33,1.0,0,0,0,0,0,0,941,385,199,89,38,16,4,6,15,15,43,71
2000,1961,1961,3960,17887862922,17888062822,1789926887970,2026-09-21 01:54:47.970,2026-09-21 13:52:02.637,43034.667,717.24445,6.14,mid,7.4966,1498.33,1.0,1,1,0,0,0,0,941,386,199,89,38,16,0,0,16,16,44,72
2000,1962,1962,3961,17887863022,17888062922,1789926901510,2026-09-21 01:55:01.510,2026-09-21 13:52:13.213,43031.703,717.19505,1.0,low,7.4964,1498.33,1.0,0,0,0,0,0,0,941,386,199,89,38,16,1,1,17,17,45,73
2000,1963,1963,3962,17887863122,17888063022,1789926940493,2026-09-21 01:55:40.493,2026-09-21 13:52:27.664,43007.171,716.786183,1.48,low,7.4916,1498.33,1.0,0,0,0,0,0,0,940,385,198,89,38,16,2,2,18,18,46,74
2000,1964,1964,3963,17887863222,17888063122,1789926950600,2026-09-21 01:55:50.600,2026-09-21 13:52:54.087,43023.487,717.058117,3.9,mid,7.493,1498.33,1.0,1,0,0,0,0,0,941,385,198,89,38,16,0,3,19,19,47,75
2000,1965,1965,3964,17887863322,17888063222,1789927009517,2026-09-21 01:56:49.517,2026-09-21 13:53:36.662,43007.145,716.78575,15.04,mid,7.4716,1498.33,1.0,1,1,1,0,0,0,941,385,198,88,37,16,0,0,0,20,48,76
2000,1966,1966,3965,17887863422,17888063322,1789927048280,2026-09-21 01:57:28.280,2026-09-21 13:53:53.986,42985.706,716.428433,1.83,low,7.467,1498.33,1.0,0,0,0,0,0,0,940,384,197,88,37,16,1,1,1,21,49,77
2000,1967,1967,3966,17887863522,17888063422,1789927064590,2026-09-21 01:57:44.590,2026-09-21 13:54:22.480,42997.89,716.6315,4.47,mid,7.4684,1498.33,1.0,1,0,0,0,0,0,941,384,197,88,37,16,0,2,2,22,50,78
2000,1968,1968,3967,17887863622,17888063522,1789927074820,2026-09-21 01:57:54.820,2026-09-21 13:54:58.451,43023.631,717.060517,8.85,mid,7.4723,1498.33,1.0,1,1,0,0,0,0,942,385,197,88,37,16,0,0,3,23,51,79
2000,1969,1969,3968,17887863722,17888063622,1789927125173,2026-09-21 01:58:45.173,2026-09-21 13:55:10.554,42985.381,716.423017,1.23,low,7.4588,1498.33,1.0,0,0,0,0,0,0,941,384,196,87,37,16,1,1,4,24,52,80
2000,1970,1970,3969,17887863822,17888063722,1789927144407,2026-09-21 01:59:04.407,2026-09-21 13:55:24.527,42980.12,716.335333,1.37,low,7.4584,1498.33,1.0,0,0,0,0,0,0,940,384,196,87,37,16,2,2,5,25,53,81
2000,1971,1971,3970,17887863922,17888063822,1789927166323,2026-09-21 01:59:26.323,2026-09-21 13:55:35.019,42968.696,716.144933,1.03,low,7.4576,1498.33,1.0,0,0,0,0,0,0,939,384,196,87,37,16,3,3,6,26,54,82
2000,1972,1972,3971,17887864022,17888063922,1789927176563,2026-09-21 01:59:36.563,2026-09-21 13:55:51.043,42974.48,716.241333,1.63,low,7.4579,1498.33,1.0,0,0,0,0,0,0,939,384,196,87,37,16,4,4,7,27,55,83
2000,1973,1973,3972,17887864122,17888064022,1789927194923,2026-09-21 01:59:54.923,2026-09-21 13:56:04.711,42969.788,716.163133,1.37,low,7.4576,1498.33,1.0,0,0,0,0,0,0,938,384,196,87,37,16,5,5,8,28,56,84
2000,1974,1974,3973,17887864222,17888064122,1789927207240,2026-09-21 02:00:07.240,2026-09-21 13:56:28.914,42981.674,716.361233,3.33,mid,7.4586,1498.33,1.0,1,0,0,0,0,0,939,384,196,87,37,16,0,6,9,29,57,85
2000,1975,1975,3974,17887864322,17888064222,1789927217343,2026-09-21 02:00:17.343,2026-09-21 13:56:39.195,42981.852,716.3642,1.0,low,7.4586,1498.33,1.0,0,0,0,0,0,0,939,384,196,87,37,16,1,7,10,30,58,86
2000,1976,1976,3975,17887864422,17888064322,1789927230093,2026-09-21 02:00:30.093,2026-09-21 13:56:54.551,42984.458,716.407633,1.47,low,7.4587,1498.33,1.0,0,0,0,0,0,0,939,384,196,87,37,16,2,8,11,31,59,87
2000,1977,1977,3976,17887864522,17888064422,1789927246000,2026-09-21 02:00:46.000,2026-09-21 13:57:04.755,42978.755,716.312583,1.09,low,7.4585,1498.33,1.0,0,0,0,0,0,0,939,384,196,87,37,16,3,9,12,32,60,88
2000,1978,1978,3977,17887864622,17888064522,1789927258113,2026-09-21 02:00:58.113,2026-09-21 13:58:05.850,43027.737,717.12895,67.3,high,7.4915,1498.33,1.0,1,1,1,1,1,0,940,385,197,88,38,16,0,0,0,0,0,89
2000,1979,1979,3978,17887864722,17888064622,1789927296400,2026-09-21 02:01:36.400,2026-09-21 13:58:24.862,43008.462,716.8077,2.11,mid,7.4873,1498.33,1.0,1,0,0,0,0,0,940,384,196,88,38,16,0,1,1,1,1,90
2000,1980,1980,3979,17887864822,17888064722,1789927308113,2026-09-21 02:01:48.113,2026-09-21 13:59:18.843,43050.73,717.512167,38.49,high,7.506,1498.33,1.0,1,1,1,1,0,0,941,385,197,89,38,16,0,0,0,0,2,91
2000,1981,1981,3980,17887864922,17888064822,1789927319833,2026-09-21 02:01:59.833,2026-09-21 13:59:48.392,43068.559,717.809317,5.05,mid,7.508,1498.33,1.0,1,1,0,0,0,0,942,386,197,89,38,16,0,0,1,1,3,92
2000,1982,1982,3981,17887865022,17888064922,1789927329943,2026-09-21 02:02:09.943,2026-09-21 13:59:59.132,43069.189,717.819817,1.06,low,7.508,1498.33,1.0,0,0,0,0,0,0,942,386,197,89,38,16,1,1,2,2,4,93
2000,1983,1983,3982,17887865122,17888065022,1789927343637,2026-09-21 02:02:23.637,2026-09-21 14:00:20.867,43077.23,717.953833,2.62,mid,7.5086,1498.33,1.0,1,0,0,0,0,0,943,386,197,89,38,16,0,2,3,3,5,94
2000,1984,1984,3983,17887865222,17888065122,1789927355753,2026-09-21 02:02:35.753,2026-09-21 14:00:41.543,43085.79,718.0965,2.48,mid,7.5093,1498.33,1.0,1,0,0,0,0,0,944,386,197,89,38,16,0,3,4,4,6,95
2000,1985,1985,3984,17887865322,17888065222,1789927375790,2026-09-21 02:02:55.790,2026-09-21 14:01:33.460,43117.67,718.627833,32.15,high,7.5242,1498.33,1.0,1,1,1,1,0,0,944,387,198,90,38,16,0,0,0,0,7,96
2000,1986,1986,3985,17887865422,17888065322,1789927385873,2026-09-21 02:03:05.873,2026-09-21 14:01:53.641,43127.768,718.796133,2.29,mid,7.5248,1498.33,1.0,1,0,0,0,0,0,945,387,198,90,38,16,0,1,1,1,8,97
2000,1987,1987,3986,17887865522,17888065422,1789927396663,2026-09-21 02:03:16.663,2026-09-21 14:02:18.470,43141.807,719.030117,3.45,mid,7.526,1498.33,1.0,1,0,0,0,0,0,946,387,198,90,38,16,0,2,2,2,9,98
2000,1988,1988,3987,17887865622,17888065522,1789927430083,2026-09-21 02:03:50.083,2026-09-21 14:02:37.075,43126.992,718.7832,2.0,mid,7.5235,1498.33,1.0,1,0,0,0,0,0,946,386,198,90,38,16,0,3,3,3,10,99
2000,1989,1989,3988,17887865722,17888065622,1789927446630,2026-09-21 02:04:06.630,2026-09-21 14:03:15.972,43149.342,719.1557,11.1,mid,7.5282,1498.33,1.0,1,1,1,0,0,0,947,387,199,90,38,16,0,0,0,4,11,100
2000,1990,1990,3989,17887865822,17888065722,1789927495577,2026-09-21 02:04:55.577,2026-09-21 14:03:26.379,43110.802,718.513367,1.0,low,7.516,1498.33,1.0,0,0,0,0,0,0,946,386,198,89,38,16,1,1,1,5,12,101
2000,1991,1991,3990,17887865922,17888065822,1789927514516,2026-09-21 02:05:14.516,2026-09-21 14:03:54.225,43119.709,718.661817,4.43,mid,7.5172,1498.33,1.0,1,0,0,0,0,0,946,386,198,89,38,16,0,2,2,6,13,102
2000,1992,1992,3991,17887866022,17888065922,1789927527219,2026-09-21 02:05:27.219,2026-09-21 14:04:13.858,43126.639,718.777317,2.25,mid,7.5177,1498.33,1.0,1,0,0,0,0,0,947,386,198,89,38,16,0,3,3,7,14,103
2000,1993,1993,3992,17887866122,17888066022,1789927544500,2026-09-21 02:05:44.500,2026-09-21 14:04:32.047,43127.547,718.79245,1.96,low,7.5179,1498.33,1.0,0,0,0,0,0,0,947,386,198,89,38,16,1,4,4,8,15,104
2000,1994,1994,3993,17887866222,17888066122,1789927560970,2026-09-21 02:06:00.970,2026-09-21 14:04:42.427,43121.457,718.69095,1.02,low,7.5175,1498.33,1.0,0,0,0,0,0,0,947,386,198,89,38,16,2,5,5,9,16,105
2000,1995,1995,3994,17887866322,17888066222,1789927604670,2026-09-21 02:06:44.670,2026-09-21 14:05:02.109,43097.439,718.29065,2.24,mid,7.5104,1498.33,1.0,1,0,0,0,0,0,947,385,197,89,38,16,0,6,6,10,17,106
2000,1996,1996,3995,17887866422,17888066322,1789927644027,2026-09-21 02:07:24.027,2026-09-21 14:05:15.656,43071.629,717.860483,1.28,low,7.5054,1498.33,1.0,0,0,0,0,0,0,946,384,196,89,38,16,1,7,7,11,18,107
2000,1997,1997,3996,17887866522,17888066422,1789927654993,2026-09-21 02:07:34.993,2026-09-21 14:05:51.919,43096.926,718.2821,9.1,mid,7.5094,1498.33,1.0,1,1,0,0,0,0,947,385,196,89,38,16,0,0,8,12,19,108
2000,1998,1998,3997,17887866622,17888066522,1789927689450,2026-09-21 02:08:09.450,2026-09-21 14:06:10.612,43081.162,718.019367,2.05,mid,7.5066,1498.33,1.0,1,0,0,0,0,0,947,384,196,89,38,16,0,1,9,13,20,109
2000,1999,1999,3998,17887866722,17888066622,1789927706587,2026-09-21 02:08:26.587,2026-09-21 14:06:20.979,43074.392,717.906533,1.03,low,7.5062,1498.33,1.0,0,0,0,0,0,0,947,384,196,89,38,16,1,2,10,14,21,110
2000,2000,2000,3999,17887866822,17888066722,1789927718373,2026-09-21 02:08:38.373,2026-09-21 14:06:36.839,43078.466,717.974433,1.62,low,7.5064,1498.33,1.0,0,0,0,0,0,0,947,384,196,89,38,16,2,3,11,15,22,111
2000,2001,2001,4000,17887866922,17888066822,1789927728457,2026-09-21 02:08:48.457,2026-09-21 14:06:55.769,43087.312,718.121867,2.09,mid,7.507,1498.33,1.0,1,0,0,0,0,0,948,384,196,89,38,16,0,4,12,16,23,112
2000,2002,2002,4001,17887867022,17888066922,1789927742390,2026-09-21 02:09:02.390,2026-09-21 14:07:39.612,43117.222,718.620367,16.52,mid,7.5145,1498.33,1.0,1,1,1,0,0,0,949,385,197,89,38,16,0,0,0,17,24,113
2000,2003,2003,4002,17887867122,17888067022,1789927785360,2026-09-21 02:09:45.360,2026-09-21 14:07:55.729,43090.369,718.172817,1.66,low,7.5077,1498.33,1.0,0,0,0,0,0,0,948,384,196,89,38,16,1,1,1,18,25,114
2000,2004,2004,4003,17887867222,17888067122,1789927796080,2026-09-21 02:09:56.080,2026-09-21 14:08:11.616,43095.536,718.258933,1.63,low,7.508,1498.33,1.0,0,0,0,0,0,0,948,384,196,89,38,16,2,2,2,19,26,115
2000,2005,2005,4004,17887867322,17888067222,1789927816567,2026-09-21 02:10:16.567,2026-09-21 14:08:21.616,43085.049,718.08415,1.0,low,7.5073,1498.33,1.0,0,0,0,0,0,0,947,384,196,89,38,16,3,3,3,20,27,116
2000,2006,2006,4005,17887867422,17888067322,1789927831480,2026-09-21 02:10:31.480,2026-09-21 14:08:35.928,43084.448,718.074133,1.42,low,7.5072,1498.33,1.0,0,0,0,0,0,0,947,384,196,89,38,16,4,4,4,21,28,117
2000,2007,2007,4006,17887867522,17888067422,1789927841730,2026-09-21 02:10:41.730,2026-09-21 14:08:51.976,43090.246,718.170767,1.64,low,7.5075,1498.33,1.0,0,0,0,0,0,0,947,384,196,89,38,16,5,5,5,22,29,118
2000,2008,2008,4007,17887867622,17888067522,1789927865050,2026-09-21 02:11:05.050,2026-09-21 14:09:07.259,43082.209,718.036817,1.55,low,7.5068,1498.33,1.0,0,0,0,0,0,0,946,384,196,89,38,16,6,6,6,23,30,119
2000,2009,2009,4008,17887867722,17888067622,1789927881817,2026-09-21 02:11:21.817,2026-09-21 14:09:33.059,43091.242,718.187367,3.32,mid,7.5076,1498.33,1.0,1,0,0,0,0,0,947,384,196,89,38,16,0,7,7,24,31,120
2000,2010,2010,4009,17887867822,17888067722,1789927896947,2026-09-21 02:11:36.947,2026-09-21 14:09:46.408,43089.461,718.157683,1.2,low,7.5074,1498.33,1.0,0,0,0,0,0,0,947,384,196,89,38,16,1,8,8,25,32,121
2000,2011,2011,4010,17887867922,17888067822,1789927910607,2026-09-21 02:11:50.607,2026-09-21 14:10:01.269,43090.662,718.1777,1.48,low,7.5075,1498.33,1.0,0,0,0,0,0,0,947,384,196,89,38,16,2,9,9,26,33,122
2000,2012,2012,4011,17887868022,17888067922,1789927923317,2026-09-21 02:12:03.317,2026-09-21 14:10:13.272,43089.955,718.165917,1.15,low,7.5074,1498.33,1.0,0,0,0,0,0,0,947,384,196,89,38,16,3,10,10,27,34,123
2000,2013,2013,4012,17887868122,17888068022,1789927937037,2026-09-21 02:12:17.037,2026-09-21 14:10:26.921,43089.884,718.164733,1.16,low,7.5073,1498.33,1.0,0,0,0,0,0,0,947,384,196,89,38,16,4,11,11,28,35,124
2000,2014,2014,4013,17887868222,17888068122,1789927955710,2026-09-21 02:12:35.710,2026-09-21 14:10:41.829,43086.119,718.101983,1.51,low,7.5071,1498.33,1.0,0,0,0,0,0,0,946,384,196,89,38,16,5,12,12,29,36,125
2000,2015,2015,4014,17887868322,17888068222,1789927987180,2026-09-21 02:13:07.180,2026-09-21 14:10:53.536,43066.356,717.7726,1.15,low,7.5047,1498.33,1.0,0,0,0,0,0,0,945,383,196,89,38,16,6,13,13,30,37,126
2000,2016,2016,4015,17887868422,17888068322,1789928003960,2026-09-21 02:13:23.960,2026-09-21 14:11:09.174,43065.214,717.753567,1.53,low,7.5046,1498.33,1.0,0,0,0,0,0,0,945,383,196,89,38,16,7,14,14,31,38,127
2000,2017,2017,4016,17887868522,17888068422,1789928043537,2026-09-21 02:14:03.537,2026-09-21 14:11:23.796,43040.259,717.33765,1.55,low,7.4995,1498.33,1.0,0,0,0,0,0,0,944,382,195,89,38,16,8,15,15,32,39,128
2000,2018,2018,4017,17887868622,17888068522,1789928063980,2026-09-21 02:14:23.980,2026-09-21 14:12:09.279,43065.299,717.754983,18.72,mid,7.5077,1498.33,1.0,1,1,1,0,0,0,944,383,196,89,38,16,0,0,0,33,40,129
2000,2019,2019,4018,17887868722,17888068622,1789928074823,2026-09-21 02:14:34.823,2026-09-21 14:12:21.499,43066.676,717.777933,1.19,low,7.5078,1498.33,1.0,0,0,0,0,0,0,944,383,196,89,38,16,1,1,1,34,41,130
2000,2020,2020,4019,17887868822,17888068722,1789928110883,2026-09-21 02:15:10.883,2026-09-21 14:12:56.269,43065.386,717.756433,7.55,mid,7.5072,1498.33,1.0,1,1,0,0,0,0,944,383,196,89,38,16,0,0,2,35,42,131
2000,2021,2021,4020,17887868922,17888068822,1789928142040,2026-09-21 02:15:42.040,2026-09-21 14:13:08.493,43046.453,717.440883,1.25,low,7.5052,1498.33,1.0,0,0,0,0,0,0,943,382,196,89,38,16,1,1,3,36,43,132
2000,2022,2022,4021,17887869022,17888068922,1789928161780,2026-09-21 02:16:01.780,2026-09-21 14:13:26.523,43044.743,717.412383,1.94,low,7.505,1498.33,1.0,0,0,0,0,0,0,942,382,196,89,38,16,2,2,4,37,44,133
2000,2023,2023,4022,17887869122,17888069022,1789928192611,2026-09-21 02:16:32.611,2026-09-21 14:13:48.817,43036.206,717.2701,2.78,mid,7.5036,1498.33,1.0,1,0,0,0,0,0,942,381,196,89,38,16,0,3,5,38,45,134
2000,2024,2024,4023,17887869222,17888069122,1789928217680,2026-09-21 02:16:57.680,2026-09-21 14:14:45.952,43068.272,717.804533,47.92,high,7.5258,1498.33,1.0,1,1,1,1,0,0,942,382,197,90,38,16,0,0,0,0,46,135
2000,2025,2025,4024,17887869322,17888069222,1789928229247,2026-09-21 02:17:09.247,2026-09-21 14:15:21.290,43092.043,718.200717,8.42,mid,7.5294,1498.33,1.0,1,1,0,0,0,0,943,383,197,90,38,16,0,0,1,1,47,136
2000,2026,2026,4025,17887869422,17888069322,1789928245390,2026-09-21 02:17:25.390,2026-09-21 14:15:41.202,43095.812,718.263533,2.26,mid,7.5297,1498.33,1.0,1,0,0,0,0,0,944,383,197,90,38,16,0,1,2,2,48,137
2000,2027,2027,4026,17887869522,17888069422,1789928265540,2026-09-21 02:17:45.540,2026-09-21 14:16:04.586,43099.046,718.317433,3.08,mid,7.5301,1498.33,1.0,1,0,0,0,0,0,944,383,197,90,38,16,0,2,3,3,49,138
2000,2028,2028,4027,17887869622,17888069522,1789928288080,2026-09-21 02:18:08.080,2026-09-21 14:16:42.193,43114.113,718.56855,8.37,mid,7.5329,1498.33,1.0,1,1,0,0,0,0,944,384,197,90,38,16,0,0,4,4,50,139
2000,2029,2029,4028,17887869722,17888069622,1789928314140,2026-09-21 02:18:34.140,2026-09-21 14:17:08.796,43114.656,718.5776,4.03,mid,7.533,1498.33,1.0,1,0,0,0,0,0,944,384,197,90,38,16,0,1,5,5,51,140
2000,2030,2030,4029,17887869822,17888069722,1789928350030,2026-09-21 02:19:10.030,2026-09-21 14:17:28.974,43098.944,718.315733,2.22,mid,7.5304,1498.33,1.0,1,0,0,0,0,0,944,383,197,90,38,16,0,2,6,6,52,141
2000,2031,2031,4030,17887869922,17888069822,1789928382630,2026-09-21 02:19:42.630,2026-09-21 14:18:33.088,43130.458,718.840967,92.34,high,7.5733,1498.33,1.0,1,1,1,1,1,0,944,383,198,91,39,16,0,0,0,0,0,142
2000,2032,2032,4031,17887870022,17888069922,1789928393343,2026-09-21 02:19:53.343,2026-09-21 14:18:55.366,43142.023,719.033717,2.77,mid,7.5742,1498.33,1.0,1,0,0,0,0,0,945,383,198,91,39,16,0,1,1,1,1,143
2000,2033,2033,4032,17887870122,17888070022,1789928426213,2026-09-21 02:20:26.213,2026-09-21 14:19:15.289,43129.076,718.817933,2.27,mid,7.572,1498.33,1.0,1,0,0,0,0,0,945,382,198,91,39,16,0,2,2,2,2,144
2000,2034,2034,4033,17887870222,17888070122,1789928437453,2026-09-21 02:20:37.453,2026-09-21 14:19:43.536,43146.083,719.101383,4.54,mid,7.5737,1498.33,1.0,1,0,0,0,0,0,946,382,198,91,39,16,0,3,3,3,3,145
2000,2035,2035,4034,17887870322,17888070222,1789928447567,2026-09-21 02:20:47.567,2026-09-21 14:20:14.686,43167.119,719.451983,5.92,mid,7.5762,1498.33,1.0,1,1,0,0,0,0,947,383,198,91,39,16,0,0,4,4,4,146
2000,2036,2036,4035,17887870422,17888070322,1789928469997,2026-09-21 02:21:09.997,2026-09-21 14:20:36.994,43166.997,719.44995,2.63,mid,7.5761,1498.33,1.0,1,0,0,0,0,0,947,383,198,91,39,16,0,1,5,5,5,147
2000,2037,2037,4036,17887870522,17888070422,1789928493533,2026-09-21 02:21:33.533,2026-09-21 14:20:57.332,43163.799,719.39665,2.32,mid,7.5757,1498.33,1.0,1,0,0,0,0,0,947,383,198,91,39,16,0,2,6,6,6,148
2000,2038,2038,4037,17887870622,17888070522,1789928508350,2026-09-21 02:21:48.350,2026-09-21 14:21:33.777,43185.427,719.757117,9.48,mid,7.5797,1498.33,1.0,1,1,0,0,0,0,948,384,198,91,39,16,0,0,7,7,7,149
2000,2039,2039,4038,17887870722,17888070622,1789928527620,2026-09-21 02:22:07.620,2026-09-21 14:21:47.106,43179.486,719.6581,1.23,low,7.5792,1498.33,1.0,0,0,0,0,0,0,947,384,198,91,39,16,1,1,8,8,8,150
2000,2040,2040,4039,17887870822,17888070722,1789928541803,2026-09-21 02:22:21.803,2026-09-21 14:21:59.216,43177.413,719.62355,1.19,low,7.5791,1498.33,1.0,0,0,0,0,0,0,947,384,198,91,39,16,2,2,9,9,9,151
2000,2041,2041,4040,17887870922,17888070822,1789928563457,2026-09-21 02:22:43.457,2026-09-21 14:22:16.156,43172.699,719.544983,1.78,low,7.5787,1498.33,1.0,0,0,0,0,0,0,946,384,198,91,39,16,3,3,10,10,10,152
2000,2042,2042,4041,17887871022,17888070922,1789928596560,2026-09-21 02:23:16.560,2026-09-21 14:22:41.269,43164.709,719.411817,3.49,mid,7.5771,1498.33,1.0,1,0,0,0,0,0,946,383,198,91,39,16,0,4,11,11,11,153
2000,2043,2043,4042,17887871122,17888071022,1789928632630,2026-09-21 02:23:52.630,2026-09-21 14:23:00.222,43147.592,719.126533,2.1,mid,7.5738,1498.33,1.0,1,0,0,0,0,0,946,382,198,91,39,16,0,5,12,12,12,154
2000,2044,2044,4043,17887871222,17888071122,1789928650210,2026-09-21 02:24:10.210,2026-09-21 14:23:12.426,43142.216,719.036933,1.2,low,7.5734,1498.33,1.0,0,0,0,0,0,0,946,382,198,91,39,16,1,6,13,13,13,155
2000,2045,2045,4044,17887871322,17888071222,1789928665433,2026-09-21 02:24:25.433,2026-09-21 14:23:31.484,43146.051,719.10085,2.15,mid,7.5737,1498.33,1.0,1,0,0,0,0,0,947,382,198,91,39,16,0,7,14,14,14,156
2000,2046,2046,4045,17887871422,17888071322,1789928685583,2026-09-21 02:24:45.583,2026-09-21 14:24:05.479,43159.896,719.3316,7.22,mid,7.5762,1498.33,1.0,1,1,0,0,0,0,947,383,198,91,39,16,0,0,15,15,15,157
2000,2047,2047,4046,17887871522,17888071422,1789928783717,2026-09-21 02:26:23.717,2026-09-21 14:24:22.860,43079.143,717.985717,1.87,low,6.8279,873.13,1.0,0,0,0,0,0,0,946,382,197,90,38,15,1,1,16,16,16,158
2000,2048,2048,4047,17887871622,17888071522,1789928793817,2026-09-21 02:26:33.817,2026-09-21 14:24:36.105,43082.288,718.038133,1.23,low,6.8281,873.13,1.0,0,0,0,0,0,0,946,382,197,90,38,15,2,2,17,17,17,159
2000,2049,2049,4048,17887871722,17888071622,1789928820750,2026-09-21 02:27:00.750,2026-09-21 14:24:53.144,43072.394,717.873233,1.86,low,6.827,873.13,1.0,0,0,0,0,0,0,945,382,197,90,38,15,3,3,18,18,18,160
2000,2050,2050,4049,17887871822,17888071722,1789928830843,2026-09-21 02:27:10.843,2026-09-21 14:25:14.301,43083.458,718.057633,2.56,mid,6.8277,873.13,1.0,1,0,0,0,0,0,946,382,197,90,38,15,0,4,19,19,19,161
2000,2051,2051,4050,17887871922,17888071822,1789928850907,2026-09-21 02:27:30.907,2026-09-21 14:25:30.456,43079.549,717.992483,1.65,low,6.8274,873.13,1.0,0,0,0,0,0,0,945,382,197,90,38,15,1,5,20,20,20,162
2000,2052,2052,4051,17887872022,17888071922,1789928871933,2026-09-21 02:27:51.933,2026-09-21 14:25:47.562,43075.629,717.92715,1.8,low,6.8273,873.13,1.0,0,0,0,0,0,0,945,382,197,90,38,15,2,6,21,21,21,163
2000,2053,2053,4052,17887872122,17888072022,1789928892417,2026-09-21 02:28:12.417,2026-09-21 14:25:59.582,43067.165,717.786083,1.18,low,6.8267,873.13,1.0,0,0,0,0,0,0,944,382,197,90,38,15,3,7,22,22,22,164
2000,2054,2054,4053,17887872222,17888072122,1789928927797,2026-09-21 02:28:47.797,2026-09-21 14:26:13.550,43045.753,717.429217,1.39,low,6.8233,873.13,1.0,0,0,0,0,0,0,943,381,197,90,38,15,4,8,23,23,23,165
2000,2055,2055,4054,17887872322,17888072222,1789928941765,2026-09-21 02:29:01.765,2026-09-21 14:26:31.329,43049.564,717.492733,1.9,low,6.8236,873.13,1.0,0,0,0,0,0,0,943,381,197,90,38,15,5,9,24,24,24,166
2000,2056,2056,4055,17887872422,17888072322,1789928967331,2026-09-21 02:29:27.331,2026-09-21 14:26:43.572,43036.241,717.270683,1.2,low,6.8223,873.13,1.0,0,0,0,0,0,0,942,381,197,90,38,15,6,10,25,25,25,167
2000,2057,2057,4056,17887872522,17888072422,1789928989208,2026-09-21 02:29:49.208,2026-09-21 14:27:00.192,43030.984,717.183067,1.73,low,6.8219,873.13,1.0,0,0,0,0,0,0,941,381,197,90,38,15,7,11,26,26,26,168
2000,2058,2058,4057,17887872622,17888072522,1789929000023,2026-09-21 02:30:00.023,2026-09-21 14:27:25.979,43045.956,717.4326,3.69,mid,6.8232,873.13,1.0,1,0,0,0,0,0,942,381,197,90,38,15,0,12,27,27,27,169
2000,2059,2059,4058,17887872722,17888072622,1789929014665,2026-09-21 02:30:14.665,2026-09-21 14:27:51.003,43056.338,717.605633,3.51,mid,6.8242,873.13,1.0,1,0,0,0,0,0,943,381,197,90,38,15,0,13,28,28,28,170
2000,2060,2060,4059,17887872822,17888072722,1789929029142,2026-09-21 02:30:29.142,2026-09-21 14:28:15.134,43065.992,717.766533,3.18,mid,6.8251,873.13,1.0,1,0,0,0,0,0,944,381,197,90,38,15,0,14,29,29,29,171
2000,2061,2061,4060,17887872922,17888072822,1789929057563,2026-09-21 02:30:57.563,2026-09-21 14:28:25.125,43047.562,717.459367,1.03,low,6.8233,873.13,1.0,0,0,0,0,0,0,943,381,197,90,38,15,1,15,30,30,30,172
2000,2062,2062,4061,17887873022,17888072922,1789929073657,2026-09-21 02:31:13.657,2026-09-21 14:28:47.476,43053.819,717.56365,2.7,mid,6.8238,873.13,1.0,1,0,0,0,0,0,944,381,197,90,38,15,0,16,31,31,31,173
2000,2063,2063,4062,17887873122,17888073022,1789929091303,2026-09-21 02:31:31.303,2026-09-21 14:29:23.891,43072.588,717.876467,8.96,mid,6.8273,873.13,1.0,1,1,0,0,0,0,945,382,197,90,38,15,0,0,32,32,32,174
2000,2064,2064,4063,17887873222,17888073122,1789929127203,2026-09-21 02:32:07.203,2026-09-21 14:29:49.630,43062.427,717.707117,3.75,mid,6.8249,873.13,1.0,1,0,0,0,0,0,945,381,197,90,38,15,0,1,33,33,33,175
2000,2065,2065,4064,17887873322,17888073222,1789929145617,2026-09-21 02:32:25.617,2026-09-21 14:30:02.726,43057.109,717.618483,1.21,low,6.8245,873.13,1.0,0,0,0,0,0,0,944,381,197,90,38,15,1,2,34,34,34,176
2000,2066,2066,4065,17887873422,17888073322,1789929162550,2026-09-21 02:32:42.550,2026-09-21 14:30:21.384,43058.834,717.647233,2.14,mid,6.8247,873.13,1.0,1,0,0,0,0,0,945,381,197,90,38,15,0,3,35,35,35,177
2000,2067,2067,4066,17887873522,17888073422,1789929217997,2026-09-21 02:33:37.997,2026-09-21 14:30:35.242,43017.245,716.954083,1.38,low,6.8037,873.13,1.0,0,0,0,0,0,0,944,380,196,89,38,15,1,4,36,36,36,178
2000,2068,2068,4067,17887873622,17888073522,1789929228110,2026-09-21 02:33:48.110,2026-09-21 14:30:49.537,43021.427,717.023783,1.4,low,6.8039,873.13,1.0,0,0,0,0,0,0,944,380,196,89,38,15,2,5,37,37,37,179
2000,2069,2069,4068,17887873722,17888073622,1789929255107,2026-09-21 02:34:15.107,2026-09-21 14:31:32.622,43037.515,717.291917,15.88,mid,6.8098,873.13,1.0,1,1,1,0,0,0,944,381,197,89,38,15,0,0,0,38,38,180
2000,2070,2070,4069,17887873822,17888073722,1789929267423,2026-09-21 02:34:27.423,2026-09-21 14:31:57.864,43050.441,717.50735,3.6,mid,6.811,873.13,1.0,1,0,0,0,0,0,945,381,197,89,38,15,0,1,1,39,39,181
2000,2071,2071,4070,17887873922,17888073822,1789929278907,2026-09-21 02:34:38.907,2026-09-21 14:32:20.121,43061.214,717.6869,2.55,mid,6.8117,873.13,1.0,1,0,0,0,0,0,946,381,197,89,38,15,0,2,2,40,40,182
2000,2072,2072,4071,17887874022,17888073922,1789929305050,2026-09-21 02:35:05.050,2026-09-21 14:33:07.062,43082.012,718.033533,22.77,mid,6.8212,873.13,1.0,1,1,1,1,0,0,946,382,198,90,38,15,0,0,0,0,41,183
2000,2073,2073,4072,17887874122,17888074022,1789929318853,2026-09-21 02:35:18.853,2026-09-21 14:33:17.445,43078.592,717.976533,1.0,low,6.821,873.13,1.0,0,0,0,0,0,0,946,382,198,90,38,15,1,1,1,1,42,184
2000,2074,2074,4073,17887874222,17888074122,1789929332487,2026-09-21 02:35:32.487,2026-09-21 14:33:28.161,43075.674,717.9279,1.09,low,6.8209,873.13,1.0,0,0,0,0,0,0,946,382,198,90,38,15,2,2,2,2,43,185
2000,2075,2075,4074,17887874322,17888074222,1789929346490,2026-09-21 02:35:46.490,2026-09-21 14:33:44.512,43078.022,717.967033,1.7,low,6.8211,873.13,1.0,0,0,0,0,0,0,946,382,198,90,38,15,3,3,3,3,44,186
2000,2076,2076,4075,17887874422,17888074322,1789929363863,2026-09-21 02:36:03.863,2026-09-21 14:33:59.731,43075.868,717.931133,1.53,low,6.8209,873.13,1.0,0,0,0,0,0,0,946,382,198,90,38,15,4,4,4,4,45,187
2000,2077,2077,4076,17887874522,17888074422,1789929380357,2026-09-21 02:36:20.357,2026-09-21 14:34:17.470,43077.113,717.951883,1.84,low,6.821,873.13,1.0,0,0,0,0,0,0,946,382,198,90,38,15,5,5,5,5,46,188
2000,2078,2078,4077,17887874622,17888074522,1789929392207,2026-09-21 02:36:32.207,2026-09-21 14:34:30.369,43078.162,717.969367,1.34,low,6.8211,873.13,1.0,0,0,0,0,0,0,946,382,198,90,38,15,6,6,6,6,47,189
2000,2079,2079,4078,17887874722,17888074622,1789929407640,2026-09-21 02:36:47.640,2026-09-21 14:34:48.150,43080.51,718.0085,1.86,low,6.8212,873.13,1.0,0,0,0,0,0,0,946,382,198,90,38,15,7,7,7,7,48,190
2000,2080,2080,4079,17887874822,17888074722,1789929428583,2026-09-21 02:37:08.583,2026-09-21 14:35:44.302,43115.719,718.595317,37.78,high,6.8389,873.13,1.0,1,1,1,1,0,0,946,383,199,91,38,15,0,0,0,0,49,191
2000,2081,2081,4080,17887874922,17888074822,1789929453947,2026-09-21 02:37:33.947,2026-09-21 14:36:42.335,43148.388,719.1398,54.77,high,6.8645,873.13,1.0,1,1,1,1,1,0,946,384,200,92,39,15,0,0,0,0,0,192
2000,2082,2082,4081,17887875022,17888074922,1789929473017,2026-09-21 02:37:53.017,2026-09-21 14:37:04.411,43151.394,719.1899,2.74,mid,6.865,873.13,1.0,1,0,0,0,0,0,947,384,200,92,39,15,0,1,1,1,1,193
2000,2083,2083,4082,17887875122,17888075022,1789929512610,2026-09-21 02:38:32.610,2026-09-21 14:37:20.170,43127.56,718.792667,1.52,low,6.8599,873.13,1.0,0,0,0,0,0,0,946,383,199,92,39,15,1,2,2,2,2,194
2000,2084,2084,4083,17887875222,17888075122,1789929524947,2026-09-21 02:38:44.947,2026-09-21 14:37:44.204,43139.257,718.987617,3.28,mid,6.8609,873.13,1.0,1,0,0,0,0,0,947,383,199,92,39,15,0,3,3,3,3,195
2000,2085,2085,4084,17887875322,17888075222,1789929537223,2026-09-21 02:38:57.223,2026-09-21 14:37:58.351,43141.128,719.0188,1.39,low,6.861,873.13,1.0,0,0,0,0,0,0,947,383,199,92,39,15,1,4,4,4,4,196
2000,2086,2086,4085,17887875422,17888075322,1789929551617,2026-09-21 02:39:11.617,2026-09-21 14:38:20.011,43148.394,719.1399,2.56,mid,6.8616,873.13,1.0,1,0,0,0,0,0,948,383,199,92,39,15,0,5,5,5,5,197
2000,2087,2087,4086,17887875522,17888075422,1789929563343,2026-09-21 02:39:23.343,2026-09-21 14:39:05.106,43181.763,719.69605,18.28,mid,6.8701,873.13,1.0,1,1,1,0,0,0,949,384,200,92,39,15,0,0,0,6,6,198
2000,2088,2088,4087,17887875622,17888075522,1789929576617,2026-09-21 02:39:36.617,2026-09-21 14:39:15.328,43178.711,719.645183,1.06,low,6.87,873.13,1.0,0,0,0,0,0,0,949,384,200,92,39,15,1,1,1,7,7,199
2000,2089,2089,4088,17887875722,17888075622,1789929605040,2026-09-21 02:40:05.040,2026-09-21 14:39:42.468,43177.428,719.6238,4.22,mid,6.8698,873.13,1.0,1,0,0,0,0,0,949,384,200,92,39,15,0,2,2,8,8,200
2000,2090,2090,4089,17887875822,17888075722,1789929617017,2026-09-21 02:40:17.017,2026-09-21 14:39:56.375,43179.358,719.655967,1.3,low,6.8699,873.13,1.0,0,0,0,0,0,0,949,384,200,92,39,15,1,3,3,9,9,201
2000,2091,2091,4090,17887875922,17888075822,1789929633777,2026-09-21 02:40:33.777,2026-09-21 14:40:12.398,43178.621,719.643683,1.66,low,6.8698,873.13,1.0,0,0,0,0,0,0,949,384,200,92,39,15,2,4,4,10,10,202
2000,2092,2092,4091,17887876022,17888075922,1789929645700,2026-09-21 02:40:45.700,2026-09-21 14:40:54.381,43208.681,720.144683,14.51,mid,6.8765,873.13,1.0,1,1,1,0,0,0,950,385,201,92,39,15,0,0,0,11,11,203
2000,2093,2093,4092,17887876122,17888076022,1789929657488,2026-09-21 02:40:57.488,2026-09-21 14:41:14.560,43217.072,720.284533,1.84,low,6.8769,873.13,1.0,0,0,0,0,0,0,950,385,201,92,39,15,1,1,1,12,12,204
2000,2094,2094,4093,17887876222,17888076122,1789929669253,2026-09-21 02:41:09.253,2026-09-21 14:41:28.822,43219.569,720.32615,1.45,low,6.877,873.13,1.0,0,0,0,0,0,0,950,385,201,92,39,15,2,2,2,13,13,205
2000,2095,2095,4094,17887876322,17888076222,1789929694150,2026-09-21 02:41:34.150,2026-09-21 14:41:48.466,43214.316,720.2386,2.1,mid,6.8763,873.13,1.0,1,0,0,0,0,0,950,385,201,92,39,15,0,3,3,14,14,206
2000,2096,2096,4095,17887876422,17888076322,1789929712087,2026-09-21 02:41:52.087,2026-09-21 14:42:03.549,43211.462,720.191033,1.54,low,6.8761,873.13,1.0,0,0,0,0,0,0,950,385,201,92,39,15,1,4,4,15,15,207
2000,2097,2097,4096,17887876522,17888076422,1789929725767,2026-09-21 02:42:05.767,2026-09-21 14:42:32.950,43227.183,720.45305,4.92,mid,6.8779,873.13,1.0,1,0,0,0,0,0,951,385,201,92,39,15,0,5,5,16,16,208
2000,2098,2098,4097,17887876622,17888076522,1789929736220,2026-09-21 02:42:16.220,2026-09-21 14:43:06.665,43250.445,720.84075,7.46,mid,6.8811,873.13,1.0,1,1,0,0,0,0,952,386,201,92,39,15,0,0,6,17,17,209
2000,2099,2099,4098,17887876722,17888076622,1789929777260,2026-09-21 02:42:57.260,2026-09-21 14:43:25.144,43227.884,720.464733,2.07,mid,6.8772,873.13,1.0,1,0,0,0,0,0,952,385,201,92,39,15,0,1,7,18,18,210
2000,2100,2100,4099,17887876822,17888076722,1789929796317,2026-09-21 02:43:16.317,2026-09-21 14:43:35.659,43219.342,720.322367,1.05,low,6.8767,873.13,1.0,0,0,0,0,0,0,951,385,201,92,39,15,1,2,8,19,19,211
2000,2101,2101,4100,17887876922,17888076822,1789929810660,2026-09-21 02:43:30.660,2026-09-21 14:43:49.771,43219.111,720.318517,1.39,low,6.8767,873.13,1.0,0,0,0,0,0,0,951,385,201,92,39,15,2,3,9,20,20,212
2000,2102,2102,4101,17887877022,17888076922,1789929833550,2026-09-21 02:43:53.550,2026-09-21 14:44:07.744,43214.194,720.236567,1.85,low,6.8762,873.13,1.0,0,0,0,0,0,0,950,385,201,92,39,15,3,4,10,21,21,213
2000,2103,2103,4102,17887877122,17888077022,1789929857253,2026-09-21 02:44:17.253,2026-09-21 14:44:37.849,43220.596,720.343267,3.91,mid,6.8766,873.13,1.0,1,0,0,0,0,0,950,385,201,92,39,15,0,5,11,22,22,214
2000,2104,2104,4103,17887877222,17888077122,1789929876530,2026-09-21 02:44:36.530,2026-09-21 14:44:51.606,43215.076,720.251267,1.4,low,6.8762,873.13,1.0,0,0,0,0,0,0,949,385,201,92,39,15,1,6,12,23,23,215
2000,2105,2105,4104,17887877322,17888077222,1789929886617,2026-09-21 02:44:46.617,2026-09-21 14:45:10.326,43223.709,720.39515,2.14,mid,6.8767,873.13,1.0,1,0,0,0,0,0,950,385,201,92,39,15,0,7,13,24,24,216
2000,2106,2106,4105,17887877422,17888077322,1789929902863,2026-09-21 02:45:02.863,2026-09-21 14:45:22.476,43219.613,720.326883,1.16,low,6.8765,873.13,1.0,0,0,0,0,0,0,950,385,201,92,39,15,1,8,14,25,25,217
2000,2107,2107,4106,17887877522,17888077422,1789929919097,2026-09-21 02:45:19.097,2026-09-21 14:45:38.296,43219.199,720.319983,1.56,low,6.8764,873.13,1.0,0,0,0,0,0,0,950,385,201,92,39,15,2,9,15,26,26,218
2000,2108,2108,4107,17887877622,17888077522,1789929929193,2026-09-21 02:45:29.193,2026-09-21 14:45:47.830,43218.637,720.310617,1.0,low,6.8764,873.13,1.0,0,0,0,0,0,0,950,385,201,92,39,15,3,10,16,27,27,219
2000,2109,2109,4108,17887877722,17888077622,1789929941970,2026-09-21 02:45:41.970,2026-09-21 14:46:04.056,43222.086,720.3681,1.62,low,6.8766,873.13,1.0,0,0,0,0,0,0,950,385,201,92,39,15,4,11,17,28,28,220
2000,2110,2110,4109,17887877822,17888077722,1789929952070,2026-09-21 02:45:52.070,2026-09-21 14:46:19.661,43227.591,720.45985,1.58,low,6.8769,873.13,1.0,0,0,0,0,0,0,950,385,201,92,39,15,5,12,18,29,29,221
2000,2111,2111,4110,17887877922,17888077822,1789929962160,2026-09-21 02:46:02.160,2026-09-21 14:46:43.738,43241.578,720.692967,3.19,mid,6.878,873.13,1.0,1,0,0,0,0,0,951,385,201,92,39,15,0,13,19,30,30,222
2000,2112,2112,4111,17887878022,17888077922,1789929976373,2026-09-21 02:46:16.373,2026-09-21 14:47:04.127,43247.754,720.7959,2.37,mid,6.8785,873.13,1.0,1,0,0,0,0,0,952,385,201,92,39,15,0,14,20,31,31,223
2000,2113,2113,4112,17887878122,17888078022,1789929988267,2026-09-21 02:46:28.267,2026-09-21 14:47:19.459,43251.192,720.8532,1.62,low,6.8787,873.13,1.0,0,0,0,0,0,0,952,385,201,92,39,15,1,15,21,32,32,224
2000,2114,2114,4113,17887878222,17888078122,1789930009377,2026-09-21 02:46:49.377,2026-09-21 14:47:48.267,43258.89,720.9815,4.87,mid,6.8799,873.13,1.0,1,0,0,0,0,0,952,385,201,92,39,15,0,16,22,33,33,225
2000,2115,2115,4114,17887878322,17888078222,1789930047133,2026-09-21 02:47:27.133,2026-09-21 14:48:00.559,43233.426,720.5571,1.08,low,6.8754,873.13,1.0,0,0,0,0,0,0,951,384,200,92,39,15,1,17,23,34,34,226
2000,2116,2116,4115,17887878422,17888078322,1789930065673,2026-09-21 02:47:45.673,2026-09-21 14:48:12.702,43227.029,720.450483,1.19,low,6.8751,873.13,1.0,0,0,0,0,0,0,951,384,200,92,39,15,2,18,24,35,35,227
2000,2117,2117,4116,17887878522,17888078422,1789930082870,2026-09-21 02:48:02.870,2026-09-21 14:48:47.354,43244.484,720.7414,7.65,mid,6.8781,873.13,1.0,1,1,0,0,0,0,952,385,200,92,39,15,0,0,25,36,36,228
2000,2118,2118,4117,17887878622,17888078522,1789930100187,2026-09-21 02:48:20.187,2026-09-21 14:48:57.697,43237.51,720.625167,1.04,low,6.8777,873.13,1.0,0,0,0,0,0,0,952,385,200,92,39,15,1,1,26,37,37,229
2000,2119,2119,4118,17887878722,17888078622,1789930113340,2026-09-21 02:48:33.340,2026-09-21 14:49:08.141,43234.801,720.580017,1.0,low,6.8775,873.13,1.0,0,0,0,0,0,0,952,385,200,92,39,15,2,2,27,38,38,230
2000,2120,2120,4119,17887878822,17888078722,1789930136157,2026-09-21 02:48:56.157,2026-09-21 14:49:20.494,43224.337,720.405617,1.21,low,6.8767,873.13,1.0,0,0,0,0,0,0,951,385,200,92,39,15,3,3,28,39,39,231
2000,2121,2121,4120,17887878922,17888078822,1789930149210,2026-09-21 02:49:09.210,2026-09-21 14:49:35.180,43225.97,720.432833,1.51,low,6.8768,873.13,1.0,0,0,0,0,0,0,951,385,200,92,39,15,4,4,29,40,40,232
2000,2122,2122,4121,17887879022,17888078922,1789930161610,2026-09-21 02:49:21.610,2026-09-21 14:49:48.232,43226.622,720.4437,1.3,low,6.8768,873.13,1.0,0,0,0,0,0,0,951,385,200,92,39,15,5,5,30,41,41,233
2000,2123,2123,4122,17887879122,17888079022,1789930171707,2026-09-21 02:49:31.707,2026-09-21 14:50:00.124,43228.417,720.473617,1.17,low,6.8769,873.13,1.0,0,0,0,0,0,0,951,385,200,92,39,15,6,6,31,42,42,234
2000,2124,2124,4123,17887879222,17888079122,1789930195090,2026-09-21 02:49:55.090,2026-09-21 14:50:10.124,43215.034,720.250567,1.0,low,6.8759,873.13,1.0,0,0,0,0,0,0,950,385,200,92,39,15,7,7,32,43,43,235
2000,2125,2125,4124,17887879322,17888079222,1789930215012,2026-09-21 02:50:15.012,2026-09-21 14:50:25.635,43210.623,720.17705,1.58,low,6.8755,873.13,1.0,0,0,0,0,0,0,949,385,200,92,39,15,8,8,33,44,44,236
2000,2126,2126,4125,17887879422,17888079322,1789930237833,2026-09-21 02:50:37.833,2026-09-21 14:50:36.892,43199.059,719.984317,1.11,low,6.8746,873.13,1.0,0,0,0,0,0,0,948,385,200,92,39,15,9,9,34,45,45,237
2000,2127,2127,4126,17887879522,17888079422,1789930277220,2026-09-21 02:51:17.220,2026-09-21 14:50:57.689,43180.469,719.674483,2.45,mid,6.8701,873.13,1.0,1,0,0,0,0,0,948,384,199,92,39,15,0,10,35,46,46,238
2000,2128,2128,4127,17887879622,17888079522,1789930291980,2026-09-21 02:51:31.980,2026-09-21 14:51:07.689,43175.709,719.59515,1.0,low,6.8699,873.13,1.0,0,0,0,0,0,0,948,384,199,92,39,15,1,11,36,47,47,239
2000,2129,2129,4128,17887879722,17888079622,1789930306283,2026-09-21 02:51:46.283,2026-09-21 14:51:31.436,43185.153,719.75255,3.13,mid,6.8707,873.13,1.0,1,0,0,0,0,0,949,384,199,92,39,15,0,12,37,48,48,240
2000,2130,2130,4129,17887879822,17888079722,1789930360390,2026-09-21 02:52:40.390,2026-09-21 14:51:50.336,43149.946,719.165767,2.01,mid,6.8523,873.13,1.0,1,0,0,0,0,0,949,383,198,91,39,15,0,13,38,49,49,241
2000,2131,2131,4130,17887879922,17888079822,1789930404950,2026-09-21 02:53:24.950,2026-09-21 14:52:29.336,43144.386,719.0731,10.66,mid,6.8488,873.13,1.0,1,1,1,0,0,0,949,383,198,91,39,15,0,0,0,50,50,242
2000,2132,2132,4131,17887880022,17888079922,1789930415050,2026-09-21 02:53:35.050,2026-09-21 14:52:52.889,43157.839,719.297317,3.16,mid,6.8499,873.13,1.0,1,0,0,0,0,0,950,383,198,91,39,15,0,1,1,51,51,243
2000,2133,2133,4132,17887880122,17888080022,1789930428943,2026-09-21 02:53:48.943,2026-09-21 14:53:03.435,43154.492,719.241533,1.03,low,6.8498,873.13,1.0,0,0,0,0,0,0,950,383,198,91,39,15,1,2,2,52,52,244
2000,2134,2134,4133,17887880222,17888080122,1789930459343,2026-09-21 02:54:19.343,2026-09-21 14:53:39.186,43159.843,719.330717,8.41,mid,6.8512,873.13,1.0,1,1,0,0,0,0,950,383,198,91,39,15,0,0,3,53,53,245
2000,2135,2135,4134,17887880322,17888080222,1789930483373,2026-09-21 02:54:43.373,2026-09-21 14:54:03.237,43159.864,719.331067,3.3,mid,6.8513,873.13,1.0,1,0,0,0,0,0,950,383,198,91,39,15,0,1,4,54,54,246
2000,2136,2136,4135,17887880422,17888080322,1789930493623,2026-09-21 02:54:53.623,2026-09-21 14:54:29.359,43175.736,719.5956,3.55,mid,6.8526,873.13,1.0,1,0,0,0,0,0,951,383,198,91,39,15,0,2,5,55,55,247
2000,2137,2137,4136,17887880522,17888080422,1789930505623,2026-09-21 02:55:05.623,2026-09-21 14:54:48.959,43183.336,719.722267,2.31,mid,6.8531,873.13,1.0,1,0,0,0,0,0,952,383,198,91,39,15,0,3,6,56,56,248
2000,2138,2138,4137,17887880622,17888080522,1789930523760,2026-09-21 02:55:23.760,2026-09-21 14:55:13.289,43189.529,719.825483,3.28,mid,6.8538,873.13,1.0,1,0,0,0,0,0,953,383,198,91,39,15,0,4,7,57,57,249
2000,2139,2139,4138,17887880722,17888080622,1789930560093,2026-09-21 02:56:00.093,2026-09-21 14:55:23.704,43163.611,719.393517,1.01,low,6.8498,873.13,1.0,0,0,0,0,0,0,952,382,198,91,39,15,1,5,8,58,58,250
2000,2140,2140,4139,17887880822,17888080722,1789930590407,2026-09-21 02:56:30.407,2026-09-21 14:55:37.272,43146.865,719.114417,1.38,low,6.8478,873.13,1.0,0,0,0,0,0,0,951,381,198,91,39,15,2,6,9,59,59,251
2000,2141,2141,4140,17887880922,17888080822,1789930641053,2026-09-21 02:57:21.053,2026-09-21 14:55:47.607,43106.554,718.442567,1.01,low,6.8372,873.13,1.0,0,0,0,0,0,0,950,380,197,90,39,15,3,7,10,60,60,252
2000,2142,2142,4141,17887881022,17888080922,1789930654060,2026-09-21 02:57:34.060,2026-09-21 14:56:09.031,43114.971,718.58285,2.62,mid,6.8379,873.13,1.0,1,0,0,0,0,0,951,380,197,90,39,15,0,8,11,61,61,253
2000,2143,2143,4142,17887881122,17888081022,1789930706357,2026-09-21 02:58:26.357,2026-09-21 14:56:34.412,43088.055,718.13425,3.61,mid,6.823,873.13,1.0,1,0,0,0,0,0,951,379,196,89,39,15,0,9,12,62,62,254
2000,2144,2144,4143,17887881222,17888081122,1789930766850,2026-09-21 02:59:26.850,2026-09-21 14:56:44.778,43037.928,717.2988,1.01,low,6.7904,873.13,1.0,0,0,0,0,0,0,950,378,195,88,38,15,1,10,13,63,63,255
2000,2145,2145,4144,17887881322,17888081222,1789930781170,2026-09-21 02:59:41.170,2026-09-21 14:57:27.752,43066.582,717.776367,15.55,mid,6.7975,873.13,1.0,1,1,1,0,0,0,951,379,196,88,38,15,0,0,0,64,64,256
2000,2146,2146,4145,17887881422,17888081322,1789930791273,2026-09-21 02:59:51.273,2026-09-21 14:58:15.662,43104.389,718.406483,23.48,mid,6.8087,873.13,1.0,1,1,1,1,0,0,952,380,197,89,38,15,0,0,0,0,65,257
2000,2147,2147,4146,17887881522,17888081422,1789930802630,2026-09-21 03:00:02.630,2026-09-21 14:58:29.120,43106.49,718.4415,1.37,low,6.8089,873.13,1.0,0,0,0,0,0,0,952,380,197,89,38,15,1,1,1,1,66,258
2000,2148,2148,4147,17887881622,17888081522,1789930857767,2026-09-21 03:00:57.767,2026-09-21 14:58:49.686,43071.919,717.865317,2.35,mid,6.7889,873.13,1.0,1,0,0,0,0,0,952,379,196,88,38,15,0,2,2,2,67,259
2000,2149,2149,4148,17887881722,17888081622,1789930872273,2026-09-21 03:01:12.273,2026-09-21 14:59:19.967,43087.694,718.128233,5.44,mid,6.7909,873.13,1.0,1,1,0,0,0,0,953,380,196,88,38,15,0,0,3,3,68,260
2000,2150,2150,4149,17887881822,17888081722,1789930893307,2026-09-21 03:01:33.307,2026-09-21 14:59:32.585,43079.278,717.987967,1.24,low,6.7903,873.13,1.0,0,0,0,0,0,0,952,380,196,88,38,15,1,1,4,4,69,261
2000,2151,2151,4150,17887881922,17888081822,1789930908430,2026-09-21 03:01:48.430,2026-09-21 14:59:51.651,43083.221,718.053683,2.11,mid,6.7906,873.13,1.0,1,0,0,0,0,0,953,380,196,88,38,15,0,2,5,5,70,262
2000,2152,2152,4151,17887882022,17888081922,1789930933447,2026-09-21 03:02:13.447,2026-09-21 15:00:03.768,43070.321,717.838683,1.21,low,6.7895,873.13,1.0,0,0,0,0,0,0,952,380,196,88,38,15,1,3,6,6,71,263
2000,2153,2153,4152,17887882122,17888082022,1789930946417,2026-09-21 03:02:26.417,2026-09-21 15:00:14.355,43067.938,717.798967,1.0,low,6.7893,873.13,1.0,0,0,0,0,0,0,952,380,196,88,38,15,2,4,7,7,72,264
2000,2154,2154,4153,17887882222,17888082122,1789930962530,2026-09-21 03:02:42.530,2026-09-21 15:00:30.260,43067.73,717.7955,1.66,low,6.7893,873.13,1.0,0,0,0,0,0,0,952,380,196,88,38,15,3,5,8,8,73,265
2000,2155,2155,4154,17887882322,17888082222,1789930976047,2026-09-21 03:02:56.047,2026-09-21 15:01:04.252,43088.205,718.13675,7.18,mid,6.7922,873.13,1.0,1,1,0,0,0,0,953,381,196,88,38,15,0,0,9,9,74,266
2000,2156,2156,4155,17887882422,17888082322,1789930997990,2026-09-21 03:03:17.990,2026-09-21 15:01:17.377,43079.387,717.989783,1.31,low,6.7915,873.13,1.0,0,0,0,0,0,0,952,381,196,88,38,15,1,1,10,10,75,267
2000,2157,2157,4156,17887882522,17888082422,1789931008077,2026-09-21 03:03:28.077,2026-09-21 15:01:40.250,43092.173,718.202883,2.79,mid,6.7924,873.13,1.0,1,0,0,0,0,0,953,381,196,88,38,15,0,2,11,11,76,268
2000,2158,2158,4157,17887882622,17888082522,1789931054370,2026-09-21 03:04:14.370,2026-09-21 15:02:21.113,43086.743,718.112383,11.57,mid,6.7881,873.13,1.0,1,1,1,0,0,0,953,381,196,87,38,15,0,0,0,12,77,269
2000,2159,2159,4158,17887882722,17888082622,1789931078320,2026-09-21 03:04:38.320,2026-09-21 15:03:07.649,43109.329,718.488817,20.84,mid,6.7969,873.13,1.0,1,1,1,1,0,0,953,382,197,88,38,15,0,0,0,0,78,270
2000,2160,2160,4159,17887882822,17888082722,1789931088677,2026-09-21 03:04:48.677,2026-09-21 15:03:26.004,43117.327,718.622117,1.99,low,6.7974,873.13,1.0,0,0,0,0,0,0,953,382,197,88,38,15,1,1,1,1,79,271
2000,2161,2161,4160,17887882922,17888082822,1789931099287,2026-09-21 03:04:59.287,2026-09-21 15:03:44.333,43125.046,718.750767,1.99,low,6.7979,873.13,1.0,0,0,0,0,0,0,953,382,197,88,38,15,2,2,2,2,80,272
2000,2162,2162,4161,17887883022,17888082922,1789931123233,2026-09-21 03:05:23.233,2026-09-21 15:04:02.459,43119.226,718.653767,1.97,low,6.7972,873.13,1.0,0,0,0,0,0,0,952,382,197,88,38,15,3,3,3,3,81,273
2000,2163,2163,4162,17887883122,17888083022,1789931133633,2026-09-21 03:05:33.633,2026-09-21 15:04:25.186,43131.553,718.859217,2.87,mid,6.7982,873.13,1.0,1,0,0,0,0,0,953,382,197,88,38,15,0,4,4,4,82,274
2000,2164,2164,4163,17887883222,17888083122,1789931150247,2026-09-21 03:05:50.247,2026-09-21 15:04:51.342,43141.095,719.01825,3.81,mid,6.7992,873.13,1.0,1,0,0,0,0,0,954,382,197,88,38,15,0,5,5,5,83,275
2000,2165,2165,4164,17887883322,17888083222,1789931209767,2026-09-21 03:06:49.767,2026-09-21 15:05:10.709,43100.942,718.349033,2.22,mid,6.7701,873.13,1.0,1,0,0,0,0,0,954,381,196,87,37,15,0,6,6,6,84,276
2000,2166,2166,4165,17887883422,17888083322,1789931239170,2026-09-21 03:07:19.170,2026-09-21 15:06:13.767,43134.597,718.90995,76.48,high,6.8058,873.13,1.0,1,1,1,1,1,0,954,381,197,88,38,15,0,0,0,0,0,277
2000,2167,2167,4166,17887883522,17888083422,1789931258087,2026-09-21 03:07:38.087,2026-09-21 15:06:26.298,43128.211,718.803517,1.28,low,6.8054,873.13,1.0,0,0,0,0,0,0,953,381,197,88,38,15,1,1,1,1,1,278
2000,2168,2168,4167,17887883622,17888083522,1789931277943,2026-09-21 03:07:57.943,2026-09-21 15:06:55.700,43137.757,718.962617,5.08,mid,6.8069,873.13,1.0,1,1,0,0,0,0,953,382,197,88,38,15,0,0,2,2,2,279
2000,2169,2169,4168,17887883722,17888083622,1789931310170,2026-09-21 03:08:30.170,2026-09-21 15:07:10.829,43120.659,718.67765,1.5,low,6.8045,873.13,1.0,0,0,0,0,0,0,952,381,197,88,38,15,1,1,3,3,3,280
2000,2170,2170,4169,17887883822,17888083722,1789931323620,2026-09-21 03:08:43.620,2026-09-21 15:07:21.356,43117.736,718.628933,1.05,low,6.8043,873.13,1.0,0,0,0,0,0,0,952,381,197,88,38,15,2,2,4,4,4,281
2000,2171,2171,4170,17887883922,17888083822,1789931336400,2026-09-21 03:08:56.400,2026-09-21 15:07:45.402,43129.002,718.8167,3.17,mid,6.8053,873.13,1.0,1,0,0,0,0,0,953,381,197,88,38,15,0,3,5,5,5,282
2000,2172,2172,4171,17887884022,17888083922,1789931348960,2026-09-21 03:09:08.960,2026-09-21 15:07:59.208,43130.248,718.837467,1.35,low,6.8053,873.13,1.0,0,0,0,0,0,0,953,381,197,88,38,15,1,4,6,6,6,283
2000,2173,2173,4172,17887884122,17888084022,1789931367990,2026-09-21 03:09:27.990,2026-09-21 15:08:29.016,43141.026,719.0171,5.32,mid,6.8069,873.13,1.0,1,1,0,0,0,0,953,382,197,88,38,15,0,0,7,7,7,284
2000,2174,2174,4173,17887884222,17888084122,1789931378080,2026-09-21 03:09:38.080,2026-09-21 15:08:51.282,43153.202,719.220033,2.7,mid,6.8078,873.13,1.0,1,0,0,0,0,0,954,382,197,88,38,15,0,1,8,8,8,285
2000,2175,2175,4174,17887884322,17888084222,1789931403393,2026-09-21 03:10:03.393,2026-09-21 15:09:04.443,43141.05,719.0175,1.3,low,6.8066,873.13,1.0,0,0,0,0,0,0,953,382,197,88,38,15,1,2,9,9,9,286
2000,2176,2176,4175,17887884422,17888084322,1789931417727,2026-09-21 03:10:17.727,2026-09-21 15:09:26.048,43148.321,719.138683,2.62,mid,6.8072,873.13,1.0,1,0,0,0,0,0,954,382,197,88,38,15,0,3,10,10,10,287
2000,2177,2177,4176,17887884522,17888084422,1789931429721,2026-09-21 03:10:29.721,2026-09-21 15:09:36.900,43147.179,719.11965,1.07,low,6.8072,873.13,1.0,0,0,0,0,0,0,954,382,197,88,38,15,1,4,11,11,11,288
2000,2178,2178,4177,17887884622,17888084522,1789931446009,2026-09-21 03:10:46.009,2026-09-21 15:09:49.912,43143.903,719.06505,1.28,low,6.807,873.13,1.0,0,0,0,0,0,0,954,382,197,88,38,15,2,5,12,12,12,289
2000,2179,2179,4178,17887884722,17888084622,1789931466340,2026-09-21 03:11:06.340,2026-09-21 15:10:19.890,43153.55,719.225833,5.26,mid,6.8084,873.13,1.0,1,1,0,0,0,0,954,383,197,88,38,15,0,0,13,13,13,290
2000,2180,2180,4179,17887884822,17888084722,1789931476430,2026-09-21 03:11:16.430,2026-09-21 15:10:34.391,43157.961,719.29935,1.09,low,6.8085,873.13,1.0,0,0,0,0,0,0,954,383,197,88,38,15,1,1,14,14,14,291
2000,2181,2181,4180,17887884922,17888084822,1789931493463,2026-09-21 03:11:33.463,2026-09-21 15:10:54.896,43161.433,719.357217,2.36,mid,6.8088,873.13,1.0,1,0,0,0,0,0,955,383,197,88,38,15,0,2,15,15,15,292
2000,2182,2182,4181,17887885022,17888084922,1789931507400,2026-09-21 03:11:47.400,2026-09-21 15:11:08.145,43160.745,719.34575,1.3,low,6.8089,873.13,1.0,0,0,0,0,0,0,955,383,197,88,38,15,1,3,16,16,16,293
2000,2183,2183,4182,17887885122,17888085022,1789931526907,2026-09-21 03:12:06.907,2026-09-21 15:11:28.315,43161.408,719.3568,2.33,mid,6.8089,873.13,1.0,1,0,0,0,0,0,955,383,197,88,38,15,0,4,17,17,17,294
2000,2184,2184,4183,17887885222,17888085122,1789931538293,2026-09-21 03:12:18.293,2026-09-21 15:11:43.579,43165.286,719.421433,1.54,low,6.8091,873.13,1.0,0,0,0,0,0,0,955,383,197,88,38,15,1,5,18,18,18,295
2000,2185,2185,4184,17887885322,17888085222,1789931552270,2026-09-21 03:12:32.270,2026-09-21 15:12:10.462,43178.192,719.636533,4.06,mid,6.8105,873.13,1.0,1,0,0,0,0,0,956,383,197,88,38,15,0,6,19,19,19,296
2000,2186,2186,4185,17887885422,17888085322,1789931579983,2026-09-21 03:12:59.983,2026-09-21 15:13:02.194,43202.211,720.03685,32.17,high,6.8244,873.13,1.0,1,1,1,1,0,0,956,384,198,89,38,15,0,0,0,0,20,297
2000,2187,2187,4186,17887885522,17888085422,1789931592203,2026-09-21 03:13:12.203,2026-09-21 15:13:22.046,43209.843,720.16405,2.29,mid,6.8249,873.13,1.0,1,0,0,0,0,0,957,384,198,89,38,15,0,1,1,1,21,298
2000,2188,2188,4187,17887885622,17888085522,1789931610327,2026-09-21 03:13:30.327,2026-09-21 15:13:33.440,43203.113,720.051883,1.12,low,6.8245,873.13,1.0,0,0,0,0,0,0,957,384,198,89,38,15,1,2,2,2,22,299
2000,2189,2189,4188,17887885722,17888085622,1789931640143,2026-09-21 03:14:00.143,2026-09-21 15:14:03.505,43203.362,720.056033,4.04,mid,6.8239,873.13,1.0,1,0,0,0,0,0,957,383,198,89,38,15,0,3,3,3,23,300
2000,2190,2190,4189,17887885822,17888085722,1789931662107,2026-09-21 03:14:22.107,2026-09-21 15:14:17.800,43195.693,719.928217,1.39,low,6.8233,873.13,1.0,0,0,0,0,0,0,956,383,198,89,38,15,1,4,4,4,24,301
2000,2191,2191,4190,17887885922,17888085822,1789931681927,2026-09-21 03:14:41.927,2026-09-21 15:15:07.173,43225.246,720.420767,26.71,high,6.8355,873.13,1.0,1,1,1,1,0,0,956,384,199,90,38,15,0,0,0,0,25,302
2000,2192,2192,4191,17887886022,17888085922,1789931699547,2026-09-21 03:14:59.547,2026-09-21 15:15:22.896,43223.349,720.38915,1.63,low,6.8354,873.13,1.0,0,0,0,0,0,0,956,384,199,90,38,15,1,1,1,1,26,303
2000,2193,2193,4192,17887886122,17888086022,1789931723997,2026-09-21 03:15:23.997,2026-09-21 15:15:54.232,43230.235,720.503917,5.59,mid,6.8365,873.13,1.0,1,1,0,0,0,0,956,385,199,90,38,15,0,0,2,2,27,304
2000,2194,2194,4193,17887886222,17888086122,1789931739040,2026-09-21 03:15:39.040,2026-09-21 15:16:14.884,43235.844,720.5974,2.0,mid,6.8368,873.13,1.0,1,0,0,0,0,0,957,385,199,90,38,15,0,1,3,3,28,305
2000,2195,2195,4194,17887886322,17888086222,1789931760133,2026-09-21 03:16:00.133,2026-09-21 15:16:30.339,43230.206,720.503433,1.55,low,6.8363,873.13,1.0,0,0,0,0,0,0,956,385,199,90,38,15,1,2,4,4,29,306
2000,2196,2196,4195,17887886422,17888086322,1789931799070,2026-09-21 03:16:39.070,2026-09-21 15:16:41.916,43202.846,720.047433,1.14,low,6.8313,873.13,1.0,0,0,0,0,0,0,955,384,198,90,38,15,2,3,5,5,30,307
2000,2197,2197,4196,17887886522,17888086422,1789931810247,2026-09-21 03:16:50.247,2026-09-21 15:17:34.326,43244.079,720.73465,33.7,high,6.8476,873.13,1.0,1,1,1,1,0,0,956,385,199,91,38,15,0,0,0,0,31,308
2000,2198,2198,4197,17887886622,17888086522,1789931820607,2026-09-21 03:17:00.607,2026-09-21 15:17:56.886,43256.279,720.937983,2.83,mid,6.8485,873.13,1.0,1,0,0,0,0,0,957,385,199,91,38,15,0,1,1,1,32,309
2000,2199,2199,4198,17887886722,17888086622,1789931830703,2026-09-21 03:17:10.703,2026-09-21 15:18:06.989,43256.286,720.9381,1.0,low,6.8485,873.13,1.0,0,0,0,0,0,0,957,385,199,91,38,15,1,2,2,2,33,310
2000,2200,2200,4199,17887886822,17888086722,1789931850033,2026-09-21 03:17:30.033,2026-09-21 15:18:51.294,43281.261,721.35435,17.12,mid,6.856,873.13,1.0,1,1,1,0,0,0,957,386,200,91,38,15,0,0,0,3,34,311
2000,2201,2201,4200,17887886922,17888086822,1789931871880,2026-09-21 03:17:51.880,2026-09-21 15:19:07.509,43275.629,721.260483,1.67,low,6.8558,873.13,1.0,0,0,0,0,0,0,956,386,200,91,38,15,1,1,1,4,35,312
2000,2202,2202,4201,17887887022,17888086922,1789931891990,2026-09-21 03:18:11.990,2026-09-21 15:19:35.739,43283.749,721.395817,3.35,mid,6.8563,873.13,1.0,1,0,0,0,0,0,956,386,200,91,38,15,0,2,2,5,36,313
2000,2203,2203,4202,17887887122,17888087022,1789931905150,2026-09-21 03:18:25.150,2026-09-21 15:20:09.752,43304.602,721.743367,7.35,mid,6.8593,873.13,1.0,1,1,0,0,0,0,957,387,200,91,38,15,0,0,3,6,37,314
2000,2204,2204,4203,17887887222,17888087122,1789931921300,2026-09-21 03:18:41.300,2026-09-21 15:20:43.003,43321.703,722.028383,6.85,mid,6.8619,873.13,1.0,1,1,0,0,0,0,958,388,200,91,38,15,0,0,4,7,38,315
2000,2205,2205,4204,17887887322,17888087222,1789931934493,2026-09-21 03:18:54.493,2026-09-21 15:21:14.097,43339.604,722.326733,5.68,mid,6.8641,873.13,1.0,1,1,0,0,0,0,959,389,200,91,38,15,0,0,5,8,39,316
2000,2206,2206,4205,17887887422,17888087322,1789931944590,2026-09-21 03:19:04.590,2026-09-21 15:21:32.014,43347.424,722.457067,1.97,low,6.8646,873.13,1.0,0,0,0,0,0,0,959,389,200,91,38,15,1,1,6,9,40,317
2000,2207,2207,4206,17887887522,17888087422,1789931957087,2026-09-21 03:19:17.087,2026-09-21 15:21:48.472,43351.385,722.523083,1.69,low,6.8648,873.13,1.0,0,0,0,0,0,0,959,389,200,91,38,15,2,2,7,10,41,318
2000,2208,2208,4207,17887887622,17888087522,1789931971803,2026-09-21 03:19:31.803,2026-09-21 15:22:07.778,43355.975,722.599583,2.14,mid,6.8652,873.13,1.0,1,0,0,0,0,0,960,389,200,91,38,15,0,3,8,11,42,319
2000,2209,2209,4208,17887887722,17888087622,1789932009393,2026-09-21 03:20:09.393,2026-09-21 15:22:44.564,43355.171,722.586183,9.21,mid,6.8648,873.13,1.0,1,1,0,0,0,0,960,389,200,91,38,15,0,0,9,12,43,320
2000,2210,2210,4209,17887887822,17888087722,1789932047057,2026-09-21 03:20:47.057,2026-09-21 15:23:03.228,43336.171,722.269517,2.05,mid,6.8609,873.13,1.0,1,0,0,0,0,0,960,388,200,91,38,15,0,1,10,13,44,321
2000,2211,2211,4210,17887887922,17888087822,1789932057290,2026-09-21 03:20:57.290,2026-09-21 15:23:24.782,43347.492,722.4582,2.61,mid,6.8617,873.13,1.0,1,0,0,0,0,0,961,388,200,91,38,15,0,2,11,14,45,322
2000,2212,2212,4211,17887888022,17888087922,1789932085130,2026-09-21 03:21:25.130,2026-09-21 15:23:37.572,43332.442,722.207367,1.24,low,6.8601,873.13,1.0,0,0,0,0,0,0,960,388,200,91,38,15,1,3,12,15,46,323
2000,2213,2213,4212,17887888122,17888088022,1789932119157,2026-09-21 03:21:59.157,2026-09-21 15:23:48.130,43308.973,721.816217,1.05,low,6.857,873.13,1.0,0,0,0,0,0,0,959,387,200,91,38,15,2,4,13,16,47,324
2000,2214,2214,4213,17887888222,17888088122,1789932129243,2026-09-21 03:22:09.243,2026-09-21 15:24:23.762,43334.519,722.241983,6.89,mid,6.8599,873.13,1.0,1,1,0,0,0,0,960,388,200,91,38,15,0,0,14,17,48,325
2000,2215,2215,4214,17887888322,17888088222,1789932140073,2026-09-21 03:22:20.073,2026-09-21 15:24:41.177,43341.104,722.351733,1.89,low,6.8603,873.13,1.0,0,0,0,0,0,0,960,388,200,91,38,15,1,1,15,18,49,326
2000,2216,2216,4215,17887888422,17888088322,1789932150580,2026-09-21 03:22:30.580,2026-09-21 15:24:52.316,43341.736,722.362267,1.03,low,6.8603,873.13,1.0,0,0,0,0,0,0,960,388,200,91,38,15,2,2,16,19,50,327
2000,2217,2217,4216,17887888522,17888088422,1789932169513,2026-09-21 03:22:49.513,2026-09-21 15:25:05.682,43336.169,722.269483,1.4,low,6.86,873.13,1.0,0,0,0,0,0,0,959,388,200,91,38,15,3,3,17,20,51,328
2000,2218,2218,4217,17887888622,17888088522,1789932183433,2026-09-21 03:23:03.433,2026-09-21 15:25:20.905,43337.472,722.2912,1.49,low,6.86,873.13,1.0,0,0,0,0,0,0,959,388,200,91,38,15,4,4,18,21,52,329
2000,2219,2219,4218,17887888722,17888088622,1789932213140,2026-09-21 03:23:33.140,2026-09-21 15:25:33.945,43320.805,722.013417,1.29,low,6.8581,873.13,1.0,0,0,0,0,0,0,958,387,200,91,38,15,5,5,19,22,53,330
2000,2220,2220,4219,17887888822,17888088722,1789932231021,2026-09-21 03:23:51.021,2026-09-21 15:25:45.028,43314.007,721.900117,1.12,low,6.8577,873.13,1.0,0,0,0,0,0,0,958,387,200,91,38,15,6,6,20,23,54,331
2000,2221,2221,4220,17887888922,17888088822,1789932282700,2026-09-21 03:24:42.700,2026-09-21 15:26:01.935,43279.235,721.320583,1.78,low,6.8427,873.13,1.0,0,0,0,0,0,0,957,386,199,90,38,15,7,7,21,24,55,332
2000,2222,2222,4221,17887889022,17888088922,1789932340663,2026-09-21 03:25:40.663,2026-09-21 15:26:20.382,43239.719,720.661983,1.99,low,6.817,873.13,1.0,0,0,0,0,0,0,956,385,198,89,37,15,8,8,22,25,56,333
2000,2223,2223,4222,17887889122,17888089022,1789932351363,2026-09-21 03:25:51.363,2026-09-21 15:26:31.229,43239.866,720.664433,1.07,low,6.817,873.13,1.0,0,0,0,0,0,0,956,385,198,89,37,15,9,9,23,26,57,334
2000,2224,2224,4223,17887889222,17888089122,1789932368330,2026-09-21 03:26:08.330,2026-09-21 15:27:03.702,43255.372,720.922867,6.51,mid,6.8194,873.13,1.0,1,1,0,0,0,0,957,386,198,89,37,15,0,0,24,27,58,335
2000,2225,2225,4224,17887889322,17888089222,1789932399180,2026-09-21 03:26:39.180,2026-09-21 15:27:36.312,43257.132,720.9522,6.4,mid,6.8198,873.13,1.0,1,1,0,0,0,0,957,386,198,89,37,15,0,0,25,28,59,336
2000,2226,2226,4225,17887889422,17888089322,1789932422680,2026-09-21 03:27:02.680,2026-09-21 15:27:54.909,43252.229,720.870483,2.04,mid,6.8192,873.13,1.0,1,0,0,0,0,0,957,386,198,89,37,15,0,1,26,29,60,337
2000,2227,2227,4226,17887889522,17888089422,1789932451070,2026-09-21 03:27:31.070,2026-09-21 15:28:12.130,43241.06,720.684333,1.84,low,6.8179,873.13,1.0,0,0,0,0,0,0,956,386,198,89,37,15,1,2,27,30,61,338
2000,2228,2228,4227,17887889622,17888089522,1789932461560,2026-09-21 03:27:41.560,2026-09-21 15:28:45.236,43263.676,721.061267,6.74,mid,6.8207,873.13,1.0,1,1,0,0,0,0,957,387,198,89,37,15,0,0,28,31,62,339
2000,2229,2229,4228,17887889722,17888089622,1789932489107,2026-09-21 03:28:09.107,2026-09-21 15:28:59.562,43250.455,720.840917,1.44,low,6.8193,873.13,1.0,0,0,0,0,0,0,956,387,198,89,37,15,1,1,29,32,63,340
2000,2230,2230,4229,17887889822,17888089722,1789932515453,2026-09-21 03:28:35.453,2026-09-21 15:29:15.848,43240.395,720.67325,1.66,low,6.8182,873.13,1.0,0,0,0,0,0,0,955,387,198,89,37,15,2,2,30,33,64,341
2000,2231,2231,4230,17887889922,17888089822,1789932560663,2026-09-21 03:29:20.663,2026-09-21 15:29:27.325,43206.662,720.111033,1.14,low,6.8095,873.13,1.0,0,0,0,0,0,0,954,386,197,89,37,15,3,3,31,34,65,342
2000,2232,2232,4231,17887890022,17888089922,1789932578257,2026-09-21 03:29:38.257,2026-09-21 15:29:47.670,43209.413,720.156883,2.36,mid,6.8097,873.13,1.0,1,0,0,0,0,0,955,386,197,89,37,15,0,4,32,35,66,343
2000,2233,2233,4232,17887890122,17888090022,1789932595897,2026-09-21 03:29:55.897,2026-09-21 15:30:03.333,43207.436,720.123933,1.6,low,6.8096,873.13,1.0,0,0,0,0,0,0,955,386,197,89,37,15,1,5,33,36,67,344
2000,2234,2234,4233,17887890222,17888090122,1789932625827,2026-09-21 03:30:25.827,2026-09-21 15:30:18.535,43192.708,719.878467,1.54,low,6.8077,873.13,1.0,0,0,0,0,0,0,954,385,197,89,37,15,2,6,34,37,68,345
2000,2235,2235,4234,17887890322,17888090222,1789932655450,2026-09-21 03:30:55.450,2026-09-21 15:30:41.902,43186.452,719.7742,3.02,mid,6.8067,873.13,1.0,1,0,0,0,0,0,954,384,197,89,37,15,0,7,35,38,69,346
2000,2236,2236,4235,17887890422,17888090322,1789932667117,2026-09-21 03:31:07.117,2026-09-21 15:31:14.166,43207.049,720.117483,6.32,mid,6.8093,873.13,1.0,1,1,0,0,0,0,955,385,197,89,37,15,0,0,36,39,70,347
2000,2237,2237,4236,17887890522,17888090422,1789932680087,2026-09-21 03:31:20.087,2026-09-21 15:31:48.763,43228.676,720.477933,7.6,mid,6.8125,873.13,1.0,1,1,0,0,0,0,956,386,197,89,37,15,0,0,37,40,71,348
2000,2238,2238,4237,17887890622,17888090522,1789932697973,2026-09-21 03:31:37.973,2026-09-21 15:32:05.156,43227.183,720.45305,1.7,low,6.8123,873.13,1.0,0,0,0,0,0,0,956,386,197,89,37,15,1,1,38,41,72,349
2000,2239,2239,4238,17887890722,17888090622,1789932747427,2026-09-21 03:32:27.427,2026-09-21 15:32:32.734,43205.307,720.08845,4.46,mid,6.8014,873.13,1.0,1,0,0,0,0,0,956,385,196,88,37,15,0,2,39,42,73,350
2000,2240,2240,4239,17887890822,17888090722,1789932766897,2026-09-21 03:32:46.897,2026-09-21 15:33:15.136,43228.239,720.47065,14.14,mid,6.8074,873.13,1.0,1,1,1,0,0,0,956,386,197,88,37,15,0,0,0,43,74,351
2000,2241,2241,4240,17887890922,17888090822,1789932778940,2026-09-21 03:32:58.940,2026-09-21 15:33:34.013,43235.073,720.58455,2.11,mid,6.8079,873.13,1.0,1,0,0,0,0,0,957,386,197,88,37,15,0,1,1,44,75,352
2000,2242,2242,4241,17887891022,17888090922,1789932800080,2026-09-21 03:33:20.080,2026-09-21 15:34:18.494,43258.414,720.973567,17.33,mid,6.8153,873.13,1.0,1,1,1,0,0,0,957,387,198,88,37,15,0,0,0,45,76,353
2000,2243,2243,4242,17887891122,17888091022,1789932841330,2026-09-21 03:34:01.330,2026-09-21 15:34:37.129,43235.799,720.59665,2.11,mid,6.8096,873.13,1.0,1,0,0,0,0,0,957,386,197,88,37,15,0,1,1,46,77,354
2000,2244,2244,4243,17887891222,17888091122,1789932852803,2026-09-21 03:34:12.803,2026-09-21 15:34:50.887,43238.084,720.634733,1.26,low,6.8097,873.13,1.0,0,0,0,0,0,0,957,386,197,88,37,15,1,2,2,47,78,355
2000,2245,2245,4244,17887891322,17888091222,1789932876907,2026-09-21 03:34:36.907,2026-09-21 15:35:37.388,43260.481,721.008017,21.75,mid,6.819,873.13,1.0,1,1,1,1,0,0,957,387,198,89,37,15,0,0,0,0,79,356
2000,2246,2246,4245,17887891422,17888091322,1789932906213,2026-09-21 03:35:06.213,2026-09-21 15:35:49.554,43243.341,720.72235,1.19,low,6.8171,873.13,1.0,0,0,0,0,0,0,956,387,198,89,37,15,1,1,1,1,80,357
2000,2247,2247,4246,17887891522,17888091422,1789932918417,2026-09-21 03:35:18.417,2026-09-21 15:36:28.789,43270.372,721.172867,11.63,mid,6.8223,873.13,1.0,1,1,1,0,0,0,957,388,199,89,37,15,0,0,0,2,81,358
2000,2248,2248,4247,17887891622,17888091522,1789932931300,2026-09-21 03:35:31.300,2026-09-21 15:36:40.957,43269.657,721.16095,1.18,low,6.8223,873.13,1.0,0,0,0,0,0,0,957,388,199,89,37,15,1,1,1,3,82,359
2000,2249,2249,4248,17887891722,17888091622,1789932952553,2026-09-21 03:35:52.553,2026-09-21 15:37:31.947,43299.394,721.656567,30.28,high,6.8361,873.13,1.0,1,1,1,1,0,0,957,389,200,90,37,15,0,0,0,0,83,360
2000,2250,2250,4249,17887891822,17888091722,1789932983703,2026-09-21 03:36:23.703,2026-09-21 15:37:46.126,43282.423,721.373717,1.39,low,6.8339,873.13,1.0,0,0,0,0,0,0,956,388,200,90,37,15,1,1,1,1,84,361
2000,2251,2251,4250,17887891922,17888091822,1789933005157,2026-09-21 03:36:45.157,2026-09-21 15:38:10.186,43285.029,721.41715,3.24,mid,6.8343,873.13,1.0,1,0,0,0,0,0,956,388,200,90,37,15,0,2,2,2,85,362
2000,2252,2252,4251,17887892022,17888091922,1789933018970,2026-09-21 03:36:58.970,2026-09-21 15:38:23.187,43284.217,721.403617,1.26,low,6.8342,873.13,1.0,0,0,0,0,0,0,956,388,200,90,37,15,1,3,3,3,86,363
2000,2253,2253,4252,17887892122,17888092022,1789933033140,2026-09-21 03:37:13.140,2026-09-21 15:38:38.177,43285.037,721.417283,1.53,low,6.8343,873.13,1.0,0,0,0,0,0,0,956,388,200,90,37,15,2,4,4,4,87,364
2000,2254,2254,4253,17887892222,17888092122,1789933067943,2026-09-21 03:37:47.943,2026-09-21 15:39:01.014,43273.071,721.21785,2.82,mid,6.8318,873.13,1.0,1,0,0,0,0,0,956,387,200,90,37,15,0,5,5,5,88,365
2000,2255,2255,4254,17887892322,17888092222,1789933080277,2026-09-21 03:38:00.277,2026-09-21 15:39:15.355,43275.078,721.2513,1.4,low,6.8318,873.13,1.0,0,0,0,0,0,0,956,387,200,90,37,15,1,6,6,6,89,366
2000,2256,2256,4255,17887892422,17888092322,1789933093523,2026-09-21 03:38:13.523,2026-09-21 15:39:31.914,43278.391,721.306517,1.81,low,6.8321,873.13,1.0,0,0,0,0,0,0,956,387,200,90,37,15,2,7,7,7,90,367
2000,2257,2257,4256,17887892522,17888092422,1789933122887,2026-09-21 03:38:42.887,2026-09-21 15:39:43.691,43260.804,721.0134,1.15,low,6.8302,873.13,1.0,0,0,0,0,0,0,955,387,200,90,37,15,3,8,8,8,91,368
2000,2258,2258,4257,17887892622,17888092522,1789933140120,2026-09-21 03:39:00.120,2026-09-21 15:39:58.232,43258.112,720.968533,1.37,low,6.83,873.13,1.0,0,0,0,0,0,0,955,387,200,90,37,15,4,9,9,9,92,369
2000,2259,2259,4258,17887892722,17888092622,1789933159983,2026-09-21 03:39:19.983,2026-09-21 15:40:23.954,43263.971,721.066183,3.66,mid,6.8307,873.13,1.0,1,0,0,0,0,0,955,387,200,90,37,15,0,10,10,10,93,370
2000,2260,2260,4259,17887892822,17888092722,1789933172563,2026-09-21 03:39:32.563,2026-09-21 15:40:38.592,43266.029,721.100483,1.34,low,6.8307,873.13,1.0,0,0,0,0,0,0,955,387,200,90,37,15,1,11,11,11,94,371
2000,2261,2261,4260,17887892922,17888092822,1789933185577,2026-09-21 03:39:45.577,2026-09-21 15:41:00.206,43274.629,721.243817,2.59,mid,6.8314,873.13,1.0,1,0,0,0,0,0,956,387,200,90,37,15,0,12,12,12,95,372
2000,2262,2262,4261,17887893022,17888092922,1789933213243,2026-09-21 03:40:13.243,2026-09-21 15:41:10.666,43257.423,720.95705,1.1,low,6.8298,873.13,1.0,0,0,0,0,0,0,955,387,200,90,37,15,1,13,13,13,96,373
2000,2263,2263,4262,17887893122,17888093022,1789933259387,2026-09-21 03:40:59.387,2026-09-21 15:41:34.772,43235.385,720.58975,3.16,mid,6.8213,873.13,1.0,1,0,0,0,0,0,955,386,199,89,37,15,0,14,14,14,97,374
2000,2264,2264,4263,17887893222,17888093122,1789933272457,2026-09-21 03:41:12.457,2026-09-21 15:41:44.859,43232.402,720.540033,1.0,low,6.8212,873.13,1.0,0,0,0,0,0,0,955,386,199,89,37,15,1,15,15,15,98,375
2000,2265,2265,4264,17887893322,17888093222,1789933296753,2026-09-21 03:41:36.753,2026-09-21 15:41:58.066,43221.313,720.355217,1.3,low,6.8202,873.13,1.0,0,0,0,0,0,0,954,386,199,89,37,15,2,16,16,16,99,376
2000,2266,2266,4265,17887893422,17888093322,1789933306983,2026-09-21 03:41:46.983,2026-09-21 15:42:17.733,43230.75,720.5125,2.23,mid,6.8208,873.13,1.0,1,0,0,0,0,0,955,386,199,89,37,15,0,17,17,17,100,377
2000,2267,2267,4266,17887893522,17888093422,1789933318613,2026-09-21 03:41:58.613,2026-09-21 15:42:35.155,43236.542,720.609033,1.82,low,6.8211,873.13,1.0,0,0,0,0,0,0,955,386,199,89,37,15,1,18,18,18,101,378
2000,2268,2268,4267,17887893622,17888093522,1789933339387,2026-09-21 03:42:19.387,2026-09-21 15:42:46.120,43226.733,720.44555,1.11,low,6.8205,873.13,1.0,0,0,0,0,0,0,954,386,199,89,37,15,2,19,19,19,102,379
2000,2269,2269,4268,17887893722,17888093622,1789933375153,2026-09-21 03:42:55.153,2026-09-21 15:42:56.899,43201.746,720.0291,1.05,low,6.8167,873.13,1.0,0,0,0,0,0,0,953,385,199,89,37,15,3,20,20,20,103,380
2000,2270,2270,4269,17887893822,17888093722,1789933411453,2026-09-21 03:43:31.453,2026-09-21 15:43:07.177,43175.724,719.5954,1.04,low,6.8128,873.13,1.0,0,0,0,0,0,0,952,384,199,89,37,15,4,21,21,21,104,381
2000,2271,2271,4270,17887893922,17888093822,1789933441977,2026-09-21 03:44:01.977,2026-09-21 15:43:48.542,43186.565,719.776083,13.29,mid,6.8167,873.13,1.0,1,1,1,0,0,0,952,384,200,89,37,15,0,0,0,22,105,382
2000,2272,2272,4271,17887894022,17888093922,1789933464810,2026-09-21 03:44:24.810,2026-09-21 15:44:08.806,43183.996,719.733267,2.34,mid,6.8165,873.13,1.0,1,0,0,0,0,0,952,384,200,89,37,15,0,1,1,23,106,383
2000,2273,2273,4272,17887894122,17888094022,1789933487367,2026-09-21 03:44:47.367,2026-09-21 15:44:29.622,43182.255,719.70425,1.86,low,6.816,873.13,1.0,0,0,0,0,0,0,951,384,200,89,37,15,1,2,2,24,107,384
2000,2274,2274,4273,17887894222,17888094122,1789933500767,2026-09-21 03:45:00.767,2026-09-21 15:44:50.679,43189.912,719.831867,2.32,mid,6.8165,873.13,1.0,1,0,0,0,0,0,952,384,200,89,37,15,0,3,3,25,108,385
2000,2275,2275,4274,17887894322,17888094222,1789933519153,2026-09-21 03:45:19.153,2026-09-21 15:45:02.652,43183.499,719.724983,1.0,low,6.816,873.13,1.0,0,0,0,0,0,0,951,384,200,89,37,15,1,4,4,26,109,386
2000,2276,2276,4275,17887894422,17888094322,1789933529243,2026-09-21 03:45:29.243,2026-09-21 15:46:18.999,43249.756,720.829267,245.83,extra,6.9384,873.13,1.0,1,1,1,1,1,1,952,385,201,90,38,16,0,0,0,0,0,0
2000,2277,2277,4276,17887894522,17888094422,1789933539487,2026-09-21 03:45:39.487,2026-09-21 15:46:29.089,43249.602,720.8267,1.0,low,6.9384,873.13,1.0,0,0,0,0,0,0,952,385,201,90,38,16,1,1,1,1,1,1
2000,2278,2278,4277,17887894622,17888094522,1789933560537,2026-09-21 03:46:00.537,2026-09-21 15:47:04.687,43264.15,721.069167,8.37,mid,6.9413,873.13,1.0,1,1,0,0,0,0,952,386,201,90,38,16,0,0,2,2,2,2
2000,2279,2279,4278,17887894722,17888094622,1789933573413,2026-09-21 03:46:13.413,2026-09-21 15:47:14.926,43261.513,721.025217,1.02,low,6.9412,873.13,1.0,0,0,0,0,0,0,952,386,201,90,38,16,1,1,3,3,3,3
2000,2280,2280,4279,17887894822,17888094722,1789933602497,2026-09-21 03:46:42.497,2026-09-21 15:47:34.315,43251.818,720.863633,2.18,mid,6.9398,873.13,1.0,1,0,0,0,0,0,952,386,201,90,38,16,0,2,4,4,4,4
2000,2281,2281,4280,17887894922,17888094822,1789933635560,2026-09-21 03:47:15.560,2026-09-21 15:48:01.286,43245.726,720.7621,4.09,mid,6.9385,873.13,1.0,1,0,0,0,0,0,952,385,201,90,38,16,0,3,5,5,5,5
2000,2282,2282,4281,17887895022,17888094922,1789933645643,2026-09-21 03:47:25.643,2026-09-21 15:48:19.393,43253.75,720.895833,1.96,low,6.939,873.13,1.0,0,0,0,0,0,0,952,385,201,90,38,16,1,4,6,6,6,6
2000,2283,2283,4282,17887895122,17888095022,1789933666191,2026-09-21 03:47:46.191,2026-09-21 15:48:50.363,43264.172,721.069533,5.7,mid,6.9406,873.13,1.0,1,1,0,0,0,0,952,386,201,90,38,16,0,0,7,7,7,7
2000,2284,2284,4283,17887895222,17888095122,1789933689430,2026-09-21 03:48:09.430,2026-09-21 15:49:11.499,43262.069,721.034483,2.52,mid,6.9404,873.13,1.0,1,0,0,0,0,0,952,386,201,90,38,16,0,1,8,8,8,8
2000,2285,2285,4284,17887895322,17888095222,1789933708180,2026-09-21 03:48:28.180,2026-09-21 15:49:27.532,43259.352,720.9892,1.65,low,6.9402,873.13,1.0,0,0,0,0,0,0,951,386,201,90,38,16,1,2,9,9,9,9
2000,2286,2286,4285,17887895422,17888095322,1789933723250,2026-09-21 03:48:43.250,2026-09-21 15:49:41.500,43258.25,720.970833,1.39,low,6.9401,873.13,1.0,0,0,0,0,0,0,951,386,201,90,38,16,2,3,10,10,10,10
2000,2287,2287,4286,17887895522,17888095422,1789933739203,2026-09-21 03:48:59.203,2026-09-21 15:49:52.972,43253.769,720.89615,1.13,low,6.9399,873.13,1.0,0,0,0,0,0,0,951,386,201,90,38,16,3,4,11,11,11,11
2000,2288,2288,4287,17887895622,17888095522,1789933755157,2026-09-21 03:49:15.157,2026-09-21 15:50:14.804,43259.647,720.994117,2.67,mid,6.9404,873.13,1.0,1,0,0,0,0,0,952,386,201,90,38,16,0,5,12,12,12,12
2000,2289,2289,4288,17887895722,17888095622,1789933767457,2026-09-21 03:49:27.457,2026-09-21 15:50:57.979,43290.522,721.5087,15.53,mid,6.9475,873.13,1.0,1,1,1,0,0,0,953,387,202,90,38,16,0,0,0,13,13,13
2000,2290,2290,4289,17887895822,17888095722,1789933779830,2026-09-21 03:49:39.830,2026-09-21 15:51:08.109,43288.279,721.471317,1.0,low,6.9474,873.13,1.0,0,0,0,0,0,0,953,387,202,90,38,16,1,1,1,14,14,14
2000,2291,2291,4290,17887895922,17888095822,1789933819460,2026-09-21 03:50:19.460,2026-09-21 15:51:32.299,43272.839,721.213983,3.24,mid,6.9432,873.13,1.0,1,0,0,0,0,0,953,386,201,90,38,16,0,2,2,15,15,15
2000,2292,2292,4291,17887896022,17888095922,1789933833630,2026-09-21 03:50:33.630,2026-09-21 15:52:06.289,43292.659,721.544317,7.3,mid,6.9462,873.13,1.0,1,1,0,0,0,0,954,387,201,90,38,16,0,0,3,16,16,16
2000,2293,2293,4292,17887896122,17888096022,1789933866843,2026-09-21 03:51:06.843,2026-09-21 15:52:21.156,43274.313,721.23855,1.5,low,6.9435,873.13,1.0,0,0,0,0,0,0,953,386,201,90,38,16,1,1,4,17,17,17
2000,2294,2294,4293,17887896222,17888096122,1789933900930,2026-09-21 03:51:40.930,2026-09-21 15:52:36.816,43255.886,720.931433,1.6,low,6.9406,873.13,1.0,0,0,0,0,0,0,952,385,201,90,38,16,2,2,5,18,18,18
2000,2295,2295,4294,17887896322,17888096222,1789933911417,2026-09-21 03:51:51.417,2026-09-21 15:52:56.399,43264.982,721.083033,1.66,low,6.9409,873.13,1.0,0,0,0,0,0,0,952,385,201,90,38,16,3,3,6,19,19,19
2000,2296,2296,4295,17887896422,17888096322,1789933930513,2026-09-21 03:52:10.513,2026-09-21 15:53:10.024,43259.511,720.99185,1.34,low,6.9405,873.13,1.0,0,0,0,0,0,0,951,385,201,90,38,16,4,4,7,20,20,20
2000,2297,2297,4296,17887896522,17888096422,1789933949237,2026-09-21 03:52:29.237,2026-09-21 15:53:57.836,43288.599,721.47665,22.51,mid,6.9507,873.13,1.0,1,1,1,1,0,0,951,386,202,91,38,16,0,0,0,0,21,21
2000,2298,2298,4297,17887896622,17888096522,1789933963607,2026-09-21 03:52:43.607,2026-09-21 15:54:25.102,43301.495,721.691583,3.51,mid,6.9518,873.13,1.0,1,0,0,0,0,0,952,386,202,91,38,16,0,1,1,1,22,22
2000,2299,2299,4298,17887896722,17888096622,1789933996553,2026-09-21 03:53:16.553,2026-09-21 15:54:57.406,43300.853,721.680883,6.36,mid,6.9516,873.13,1.0,1,1,0,0,0,0,952,386,202,91,38,16,0,0,2,2,23,23
2000,2300,2300,4299,17887896822,17888096722,1789934007623,2026-09-21 03:53:27.623,2026-09-21 15:55:29.792,43322.169,722.03615,5.58,mid,6.9539,873.13,1.0,1,1,0,0,0,0,953,387,202,91,38,16,0,0,3,3,24,24
2000,2301,2301,4300,17887896922,17888096822,1789934046320,2026-09-21 03:54:06.320,2026-09-21 15:55:45.829,43299.509,721.658483,1.65,low,6.9493,873.13,1.0,0,0,0,0,0,0,952,386,201,91,38,16,1,1,4,4,25,25
2000,2302,2302,4301,17887897022,17888096922,1789934067027,2026-09-21 03:54:27.027,2026-09-21 15:56:11.909,43304.882,721.748033,3.78,mid,6.9499,873.13,1.0,1,0,0,0,0,0,952,386,201,91,38,16,0,2,5,5,26,26
2000,2303,2303,4302,17887897122,17888097022,1789934089350,2026-09-21 03:54:49.350,2026-09-21 15:56:25.386,43296.036,721.6006,1.23,low,6.9492,873.13,1.0,0,0,0,0,0,0,951,386,201,91,38,16,1,3,6,6,27,27
2000,2304,2304,4303,17887897222,17888097122,1789934114120,2026-09-21 03:55:14.120,2026-09-21 15:56:42.632,43288.512,721.4752,1.76,low,6.9484,873.13,1.0,0,0,0,0,0,0,950,386,201,91,38,16,2,4,7,7,28,28
2000,2305,2305,4304,17887897322,17888097222,1789934131547,2026-09-21 03:55:31.547,2026-09-21 15:56:53.132,43281.585,721.35975,1.04,low,6.9479,873.13,1.0,0,0,0,0,0,0,950,386,201,91,38,16,3,5,8,8,29,29
2000,2306,2306,4305,17887897422,17888097322,1789934146417,2026-09-21 03:55:46.417,2026-09-21 15:57:06.543,43280.126,721.335433,1.34,low,6.9479,873.13,1.0,0,0,0,0,0,0,950,386,201,91,38,16,4,6,9,9,30,30
2000,2307,2307,4306,17887897522,17888097422,1789934160467,2026-09-21 03:56:00.467,2026-09-21 15:57:40.302,43299.835,721.663917,7.14,mid,6.9507,873.13,1.0,1,1,0,0,0,0,951,387,201,91,38,16,0,0,10,10,31,31
2000,2308,2308,4307,17887897622,17888097522,1789934178023,2026-09-21 03:56:18.023,2026-09-21 15:58:27.446,43329.423,722.15705,21.47,mid,6.9605,873.13,1.0,1,1,1,1,0,0,952,388,202,92,38,16,0,0,0,0,32,32
2000,2309,2309,4308,17887897722,17888097622,1789934193620,2026-09-21 03:56:33.620,2026-09-21 15:58:44.734,43331.114,722.185233,1.81,low,6.9606,873.13,1.0,0,0,0,0,0,0,952,388,202,92,38,16,1,1,1,1,33,33
2000,2310,2310,4309,17887897822,17888097722,1789934204227,2026-09-21 03:56:44.227,2026-09-21 15:59:15.672,43351.445,722.524083,5.7,mid,6.963,873.13,1.0,1,1,0,0,0,0,953,389,202,92,38,16,0,0,2,2,34,34
2000,2311,2311,4310,17887897922,17888097822,1789934285357,2026-09-21 03:58:05.357,2026-09-21 15:59:33.846,43288.489,721.474817,1.62,low,6.7805,873.13,1.0,0,0,0,0,0,0,952,388,201,91,37,15,1,1,3,3,35,35
2000,2312,2312,4311,17887898022,17888097922,1789934310797,2026-09-21 03:58:30.797,2026-09-21 15:59:43.936,43273.139,721.218983,1.0,low,6.7792,873.13,1.0,0,0,0,0,0,0,951,388,201,91,37,15,2,2,4,4,36,36
2000,2313,2313,4312,17887898122,17888098022,1789934327730,2026-09-21 03:58:47.730,2026-09-21 16:00:23.183,43295.453,721.590883,11.33,mid,6.784,873.13,1.0,1,1,1,0,0,0,952,389,202,91,37,15,0,0,0,5,37,37
2000,2314,2314,4313,17887898222,17888098122,1789934341670,2026-09-21 03:59:01.670,2026-09-21 16:00:34.972,43293.302,721.555033,1.16,low,6.7839,873.13,1.0,0,0,0,0,0,0,952,389,202,91,37,15,1,1,1,6,38,38
2000,2315,2315,4314,17887898322,17888098222,1789934355551,2026-09-21 03:59:15.551,2026-09-21 16:00:49.786,43294.235,721.570583,1.49,low,6.7839,873.13,1.0,0,0,0,0,0,0,952,389,202,91,37,15,2,2,2,7,39,39
2000,2316,2316,4315,17887898422,17888098322,1789934365625,2026-09-21 03:59:25.625,2026-09-21 16:01:04.554,43298.929,721.648817,1.44,low,6.7842,873.13,1.0,0,0,0,0,0,0,952,389,202,91,37,15,3,3,3,8,40,40
2000,2317,2317,4316,17887898522,17888098422,1789934378387,2026-09-21 03:59:38.387,2026-09-21 16:01:30.890,43312.503,721.87505,3.02,mid,6.785,873.13,1.0,1,0,0,0,0,0,953,389,202,91,37,15,0,4,4,9,41,41
2000,2318,2318,4317,17887898622,17888098522,1789934396020,2026-09-21 03:59:56.020,2026-09-21 16:01:42.107,43306.087,721.768117,1.0,low,6.7846,873.13,1.0,0,0,0,0,0,0,953,389,202,91,37,15,1,5,5,10,42,42
2000,2319,2319,4318,17887898722,17888098622,1789934411090,2026-09-21 04:00:11.090,2026-09-21 16:02:06.368,43315.278,721.9213,3.32,mid,6.7855,873.13,1.0,1,0,0,0,0,0,954,389,202,91,37,15,0,6,6,11,43,43
2000,2320,2320,4319,17887898822,17888098722,1789934439100,2026-09-21 04:00:39.100,2026-09-21 16:02:28.012,43308.912,721.8152,2.58,mid,6.7846,873.13,1.0,1,0,0,0,0,0,954,389,202,91,37,15,0,7,7,12,44,44
2000,2321,2321,4320,17887898922,17888098822,1789934457033,2026-09-21 04:00:57.033,2026-09-21 16:02:39.971,43302.938,721.715633,1.17,low,6.7842,873.13,1.0,0,0,0,0,0,0,954,389,202,91,37,15,1,8,8,13,45,45
2000,2322,2322,4321,17887899022,17888098922,1789934506057,2026-09-21 04:01:46.057,2026-09-21 16:03:00.589,43274.532,721.2422,2.41,mid,6.7727,873.13,1.0,1,0,0,0,0,0,954,388,201,90,37,15,0,9,9,14,46,46
2000,2323,2323,4322,17887899122,17888099022,1789934534173,2026-09-21 04:02:14.173,2026-09-21 16:03:11.016,43256.843,720.947383,1.01,low,6.7709,873.13,1.0,0,0,0,0,0,0,953,388,201,90,37,15,1,10,10,15,47,47
2000,2324,2324,4323,17887899222,17888099122,1789934550457,2026-09-21 04:02:30.457,2026-09-21 16:03:27.225,43256.768,720.946133,1.37,low,6.7708,873.13,1.0,0,0,0,0,0,0,953,388,201,90,37,15,2,11,11,16,48,48
2000,2325,2325,4324,17887899322,17888099222,1789934582883,2026-09-21 04:03:02.883,2026-09-21 16:03:57.126,43254.243,720.90405,5.23,mid,6.7702,873.13,1.0,1,1,0,0,0,0,953,388,201,90,37,15,0,0,12,17,49,49
2000,2326,2326,4325,17887899422,17888099322,1789934607260,2026-09-21 04:03:27.260,2026-09-21 16:04:24.469,43257.209,720.953483,4.25,mid,6.7707,873.13,1.0,1,0,0,0,0,0,953,388,201,90,37,15,0,1,13,18,50,50
2000,2327,2327,4326,17887899522,17888099422,1789934650670,2026-09-21 04:04:10.670,2026-09-21 16:05:11.891,43261.221,721.02035,21.66,mid,6.7735,873.13,1.0,1,1,1,1,0,0,953,388,201,91,37,15,0,0,0,0,51,51
2000,2328,2328,4327,17887899622,17888099522,1789934663747,2026-09-21 04:04:23.747,2026-09-21 16:05:30.964,43267.217,721.120283,2.14,mid,6.7739,873.13,1.0,1,0,0,0,0,0,954,388,201,91,37,15,0,1,1,1,52,52
2000,2329,2329,4328,17887899722,17888099622,1789934680870,2026-09-21 04:04:40.870,2026-09-21 16:05:40.765,43259.895,720.99825,1.0,low,6.7735,873.13,1.0,0,0,0,0,0,0,954,388,201,91,37,15,1,2,2,2,53,53
2000,2330,2330,4329,17887899822,17888099722,1789934693273,2026-09-21 04:04:53.273,2026-09-21 16:05:57.809,43264.536,721.0756,1.69,low,6.7737,873.13,1.0,0,0,0,0,0,0,954,388,201,91,37,15,2,3,3,3,54,54
2000,2331,2331,4330,17887899922,17888099822,1789934718830,2026-09-21 04:05:18.830,2026-09-21 16:06:07.907,43249.077,720.81795,1.0,low,6.7724,873.13,1.0,0,0,0,0,0,0,953,388,201,91,37,15,3,4,4,4,55,55
2000,2332,2332,4331,17887900022,17888099922,1789934742573,2026-09-21 04:05:42.573,2026-09-21 16:06:17.774,43235.201,720.586683,1.0,low,6.7715,873.13,1.0,0,0,0,0,0,0,952,388,201,91,37,15,4,5,5,5,56,56
2000,2333,2333,4332,17887900122,17888100022,1789934775757,2026-09-21 04:06:15.757,2026-09-21 16:06:30.448,43214.691,720.24485,1.27,low,6.7687,873.13,1.0,0,0,0,0,0,0,951,387,201,91,37,15,5,6,6,6,57,57
2000,2334,2334,4333,17887900222,17888100122,1789934790267,2026-09-21 04:06:30.267,2026-09-21 16:07:02.614,43232.347,720.539117,6.36,mid,6.7712,873.13,1.0,1,1,0,0,0,0,952,388,201,91,37,15,0,0,7,7,58,58
2000,2335,2335,4334,17887900322,17888100222,1789934821300,2026-09-21 04:07:01.300,2026-09-21 16:07:20.535,43219.235,720.320583,1.72,low,6.7692,873.13,1.0,0,0,0,0,0,0,951,387,201,91,37,15,1,1,8,8,59,59
2000,2336,2336,4335,17887900422,17888100322,1789934836763,2026-09-21 04:07:16.763,2026-09-21 16:07:31.700,43214.937,720.24895,1.09,low,6.7689,873.13,1.0,0,0,0,0,0,0,951,387,201,91,37,15,2,2,9,9,60,60
2000,2337,2337,4336,17887900522,17888100422,1789934859303,2026-09-21 04:07:39.303,2026-09-21 16:08:01.191,43221.888,720.3648,4.86,mid,6.7699,873.13,1.0,1,0,0,0,0,0,951,387,201,91,37,15,0,3,10,10,61,61
2000,2338,2338,4337,17887900622,17888100522,1789934873867,2026-09-21 04:07:53.867,2026-09-21 16:08:37.573,43243.706,720.728433,9.42,mid,6.7739,873.13,1.0,1,1,0,0,0,0,952,388,201,91,37,15,0,0,11,11,62,62
2000,2339,2339,4338,17887900722,17888100622,1789934911513,2026-09-21 04:08:31.513,2026-09-21 16:08:47.761,43216.248,720.2708,1.0,low,6.7695,873.13,1.0,0,0,0,0,0,0,951,387,201,91,37,15,1,1,12,12,63,63
2000,2340,2340,4339,17887900822,17888100722,1789934925983,2026-09-21 04:08:45.983,2026-09-21 16:08:59.338,43213.355,720.222583,1.16,low,6.7693,873.13,1.0,0,0,0,0,0,0,951,387,201,91,37,15,2,2,13,13,64,64
2000,2341,2341,4340,17887900922,17888100822,1789934953413,2026-09-21 04:09:13.413,2026-09-21 16:09:21.969,43208.556,720.1426,2.84,mid,6.7686,873.13,1.0,1,0,0,0,0,0,951,387,201,91,37,15,0,3,14,14,65,65
2000,2342,2342,4341,17887901022,17888100922,1789934966950,2026-09-21 04:09:26.950,2026-09-21 16:09:44.386,43217.436,720.2906,2.71,mid,6.7693,873.13,1.0,1,0,0,0,0,0,952,387,201,91,37,15,0,4,15,15,66,66
2000,2343,2343,4342,17887901122,17888101022,1789934979233,2026-09-21 04:09:39.233,2026-09-21 16:10:00.569,43221.336,720.3556,1.67,low,6.7695,873.13,1.0,0,0,0,0,0,0,952,387,201,91,37,15,1,5,16,16,67,67
2000,2344,2344,4343,17887901222,17888101122,1789934999643,2026-09-21 04:09:59.643,2026-09-21 16:10:21.234,43221.591,720.35985,2.37,mid,6.7695,873.13,1.0,1,0,0,0,0,0,952,387,201,91,37,15,0,6,17,17,68,68
2000,2345,2345,4344,17887901322,17888101222,1789935009720,2026-09-21 04:10:09.720,2026-09-21 16:10:41.085,43231.365,720.52275,2.21,mid,6.7701,873.13,1.0,1,0,0,0,0,0,953,387,201,91,37,15,0,7,18,18,69,69
2000,2346,2346,4345,17887901422,17888101322,1789935028297,2026-09-21 04:10:28.297,2026-09-21 16:10:58.862,43230.565,720.509417,1.82,low,6.77,873.13,1.0,0,0,0,0,0,0,952,387,201,91,37,15,1,8,19,19,70,70
2000,2347,2347,4346,17887901522,17888101422,1789935059290,2026-09-21 04:10:59.290,2026-09-21 16:11:28.662,43229.372,720.489533,5.17,mid,6.7701,873.13,1.0,1,1,0,0,0,0,952,388,201,91,37,15,0,0,20,20,71,71
2000,2348,2348,4347,17887901622,17888101522,1789935076670,2026-09-21 04:11:16.670,2026-09-21 16:12:07.312,43250.642,720.844033,10.79,mid,6.7746,873.13,1.0,1,1,1,0,0,0,953,389,202,91,37,15,0,0,0,21,72,72
2000,2349,2349,4348,17887901722,17888101622,1789935099073,2026-09-21 04:11:39.073,2026-09-21 16:12:26.330,43247.257,720.787617,2.1,mid,6.7743,873.13,1.0,1,0,0,0,0,0,953,389,202,91,37,15,0,1,1,22,73,73
2000,2350,2350,4349,17887901822,17888101722,1789935117307,2026-09-21 04:11:57.307,2026-09-21 16:12:38.098,43240.791,720.67985,1.16,low,6.7739,873.13,1.0,0,0,0,0,0,0,953,389,202,91,37,15,1,2,2,23,74,74
2000,2351,2351,4350,17887901922,17888101822,1789935127410,2026-09-21 04:12:07.410,2026-09-21 16:12:50.696,43243.286,720.721433,1.28,low,6.774,873.13,1.0,0,0,0,0,0,0,953,389,202,91,37,15,2,3,3,24,75,75
2000,2352,2352,4351,17887902022,17888101922,1789935166560,2026-09-21 04:12:46.560,2026-09-21 16:13:09.179,43222.619,720.376983,1.96,low,6.7694,873.13,1.0,0,0,0,0,0,0,952,388,201,91,37,15,3,4,4,25,76,76
2000,2353,2353,4352,17887902122,17888102022,1789935185097,2026-09-21 04:13:05.097,2026-09-21 16:13:20.408,43215.311,720.255183,1.14,low,6.7689,873.13,1.0,0,0,0,0,0,0,951,388,201,91,37,15,4,5,5,26,77,77
2000,2354,2354,4353,17887902222,17888102122,1789935195190,2026-09-21 04:13:15.190,2026-09-21 16:13:31.635,43216.445,720.274083,1.07,low,6.769,873.13,1.0,0,0,0,0,0,0,951,388,201,91,37,15,5,6,6,27,78,78
2000,2355,2355,4354,17887902322,17888102222,1789935212153,2026-09-21 04:13:32.153,2026-09-21 16:13:59.705,43227.552,720.4592,4.46,mid,6.7703,873.13,1.0,1,0,0,0,0,0,952,388,201,91,37,15,0,7,7,28,79,79
2000,2356,2356,4355,17887902422,17888102322,1789935270462,2026-09-21 04:14:30.462,2026-09-21 16:14:15.752,43185.29,719.754833,1.65,low,6.7435,873.13,1.0,0,0,0,0,0,0,951,387,200,90,36,15,1,8,8,29,80,80
2000,2357,2357,4356,17887902522,17888102422,1789935289793,2026-09-21 04:14:49.793,2026-09-21 16:14:36.622,43186.829,719.780483,2.46,mid,6.7437,873.13,1.0,1,0,0,0,0,0,951,387,200,90,36,15,0,9,9,30,81,81
2000,2358,2358,4357,17887902622,17888102522,1789935316663,2026-09-21 04:15:16.663,2026-09-21 16:15:10.683,43194.02,719.900333,7.14,mid,6.7452,873.13,1.0,1,1,0,0,0,0,951,388,200,90,36,15,0,0,10,31,82,82
2000,2359,2359,4358,17887902722,17888102622,1789935362350,2026-09-21 04:16:02.350,2026-09-21 16:15:27.650,43165.3,719.421667,1.79,low,6.7384,873.13,1.0,0,0,0,0,0,0,950,387,199,90,36,15,1,1,11,32,83,83
2000,2360,2360,4359,17887902822,17888102722,1789935372703,2026-09-21 04:16:12.703,2026-09-21 16:15:41.685,43168.982,719.483033,1.38,low,6.7386,873.13,1.0,0,0,0,0,0,0,950,387,199,90,36,15,2,2,12,33,84,84
2000,2361,2361,4360,17887902922,17888102822,1789935397537,2026-09-21 04:16:37.537,2026-09-21 16:16:26.346,43188.809,719.813483,17.7,mid,6.7457,873.13,1.0,1,1,1,0,0,0,950,388,200,90,36,15,0,0,0,34,85,85
2000,2362,2362,4361,17887903022,17888102922,1789935407883,2026-09-21 04:16:47.883,2026-09-21 16:16:43.167,43195.284,719.9214,1.69,low,6.7461,873.13,1.0,0,0,0,0,0,0,950,388,200,90,36,15,1,1,1,35,86,86
2000,2363,2363,4362,17887903122,17888103022,1789935421223,2026-09-21 04:17:01.223,2026-09-21 16:17:01.568,43200.345,720.00575,2.16,mid,6.7465,873.13,1.0,1,0,0,0,0,0,951,388,200,90,36,15,0,2,2,36,87,87
2000,2364,2364,4363,17887903222,17888103122,1789935438533,2026-09-21 04:17:18.533,2026-09-21 16:17:13.268,43194.735,719.91225,1.13,low,6.7461,873.13,1.0,0,0,0,0,0,0,951,388,200,90,36,15,1,3,3,37,88,88
2000,2365,2365,4364,17887903322,17888103222,1789935453020,2026-09-21 04:17:33.020,2026-09-21 16:17:32.781,43199.761,719.996017,2.2,mid,6.7465,873.13,1.0,1,0,0,0,0,0,952,388,200,90,36,15,0,4,4,38,89,89
2000,2366,2366,4365,17887903422,17888103322,1789935474003,2026-09-21 04:17:54.003,2026-09-21 16:17:51.829,43197.826,719.963767,2.1,mid,6.7463,873.13,1.0,1,0,0,0,0,0,952,388,200,90,36,15,0,5,5,39,90,90
2000,2367,2367,4366,17887903522,17888103422,1789935490480,2026-09-21 04:18:10.480,2026-09-21 16:18:24.865,43214.385,720.23975,6.74,mid,6.7488,873.13,1.0,1,1,0,0,0,0,953,389,200,90,36,15,0,0,6,40,91,91
2000,2368,2368,4367,17887903622,17888103522,1789935500580,2026-09-21 04:18:20.580,2026-09-21 16:18:41.376,43220.796,720.3466,1.71,low,6.7492,873.13,1.0,0,0,0,0,0,0,953,389,200,90,36,15,1,1,7,41,92,92
2000,2369,2369,4368,17887903722,17888103622,1789935540123,2026-09-21 04:19:00.123,2026-09-21 16:19:04.760,43204.637,720.077283,3.11,mid,6.7449,873.13,1.0,1,0,0,0,0,0,953,388,199,90,36,15,0,2,8,42,93,93
2000,2370,2370,4369,17887903822,17888103722,1789935573700,2026-09-21 04:19:33.700,2026-09-21 16:19:15.073,43181.373,719.68955,1.0,low,6.7419,873.13,1.0,0,0,0,0,0,0,952,387,199,90,36,15,1,3,9,43,94,94
2000,2371,2371,4370,17887903922,17888103822,1789935583777,2026-09-21 04:19:43.777,2026-09-21 16:19:42.045,43198.268,719.971133,4.13,mid,6.7435,873.13,1.0,1,0,0,0,0,0,953,387,199,90,36,15,0,4,10,44,95,95
2000,2372,2372,4371,17887904022,17888103922,1789935626030,2026-09-21 04:20:26.030,2026-09-21 16:19:55.736,43169.706,719.4951,1.37,low,6.7369,873.13,1.0,0,0,0,0,0,0,952,386,198,90,36,15,1,5,11,45,96,96
2000,2373,2373,4372,17887904122,17888104022,1789935647127,2026-09-21 04:20:47.127,2026-09-21 16:20:21.759,43174.632,719.5772,3.78,mid,6.7377,873.13,1.0,1,0,0,0,0,0,952,386,198,90,36,15,0,6,12,46,97,97
2000,2374,2374,4373,17887904222,17888104122,1789935686840,2026-09-21 04:21:26.840,2026-09-21 16:20:34.603,43147.763,719.129383,1.22,low,6.7325,873.13,1.0,0,0,0,0,0,0,951,385,197,90,36,15,1,7,13,47,98,98
2000,2375,2375,4374,17887904322,17888104222,1789935724133,2026-09-21 04:22:04.133,2026-09-21 16:20:48.209,43124.076,718.7346,1.38,low,6.7283,873.13,1.0,0,0,0,0,0,0,950,384,197,90,36,15,2,8,14,48,99,99
2000,2376,2376,4375,17887904422,17888104322,1789935748737,2026-09-21 04:22:28.737,2026-09-21 16:20:59.643,43110.906,718.5151,1.13,low,6.7272,873.13,1.0,0,0,0,0,0,0,949,384,197,90,36,15,3,9,15,49,100,100
2000,2377,2377,4376,17887904522,17888104422,1789935759340,2026-09-21 04:22:39.340,2026-09-21 16:21:32.376,43133.036,718.883933,6.5,mid,6.73,873.13,1.0,1,1,0,0,0,0,950,385,197,90,36,15,0,0,16,50,101,101
2000,2378,2378,4377,17887904622,17888104522,1789935783650,2026-09-21 04:23:03.650,2026-09-21 16:21:46.861,43123.211,718.720183,1.42,low,6.729,873.13,1.0,0,0,0,0,0,0,949,385,197,90,36,15,1,1,17,51,102,102
2000,2379,2379,4378,17887904722,17888104622,1789935796710,2026-09-21 04:23:16.710,2026-09-21 16:23:14.669,43197.959,719.965983,651.24,extra,7.054,873.13,1.0,1,1,1,1,1,1,950,386,198,91,37,16,0,0,0,0,0,0
2000,2380,2380,4379,17887904822,17888104722,1789935823663,2026-09-21 04:23:43.663,2026-09-21 16:23:30.320,43186.657,719.777617,1.6,low,7.0528,873.13,1.0,0,0,0,0,0,0,949,386,198,91,37,16,1,1,1,1,1,1
2000,2381,2381,4380,17887904922,17888104822,1789935846830,2026-09-21 04:24:06.830,2026-09-21 16:23:46.761,43179.931,719.665517,1.62,low,7.0521,873.13,1.0,0,0,0,0,0,0,948,386,198,91,37,16,2,2,2,2,2,2
2000,2382,2382,4381,17887905022,17888104922,1789935869793,2026-09-21 04:24:29.793,2026-09-21 16:24:17.042,43187.249,719.787483,5.4,mid,7.0533,873.13,1.0,1,1,0,0,0,0,948,387,198,91,37,16,0,0,3,3,3,3
2000,2383,2383,4382,17887905122,17888105022,1789935914217,2026-09-21 04:25:14.217,2026-09-21 16:24:34.022,43159.805,719.330083,1.84,low,7.0455,873.13,1.0,0,0,0,0,0,0,947,386,197,91,37,16,1,1,4,4,4,4
2000,2384,2384,4383,17887905222,17888105122,1789935926803,2026-09-21 04:25:26.803,2026-09-21 16:25:01.761,43174.958,719.582633,4.21,mid,7.047,873.13,1.0,1,0,0,0,0,0,948,386,197,91,37,16,0,2,5,5,5,5
2000,2385,2385,4384,17887905322,17888105222,1789935954150,2026-09-21 04:25:54.150,2026-09-21 16:25:13.830,43159.68,719.328,1.23,low,7.0455,873.13,1.0,0,0,0,0,0,0,947,386,197,91,37,16,1,3,6,6,6,6
2000,2386,2386,4385,17887905422,17888105322,1789935966640,2026-09-21 04:26:06.640,2026-09-21 16:25:25.506,43158.866,719.314433,1.15,low,7.0455,873.13,1.0,0,0,0,0,0,0,947,386,197,91,37,16,2,4,7,7,7,7
2000,2387,2387,4386,17887905522,17888105422,1789935984473,2026-09-21 04:26:24.473,2026-09-21 16:25:58.809,43174.336,719.572267,6.83,mid,7.0479,873.13,1.0,1,1,0,0,0,0,948,387,197,91,37,16,0,0,8,8,8,8
2000,2388,2388,4387,17887905622,17888105522,1789936065870,2026-09-21 04:27:45.870,2026-09-21 16:26:38.967,43133.097,718.88495,9.96,mid,6.8663,873.13,1.0,1,1,0,0,0,0,948,387,196,90,36,15,0,0,9,9,9,9
2000,2389,2389,4388,17887905722,17888105622,1789936081110,2026-09-21 04:28:01.110,2026-09-21 16:27:06.581,43145.471,719.091183,4.12,mid,6.8676,873.13,1.0,1,0,0,0,0,0,949,387,196,90,36,15,0,1,10,10,10,10
2000,2390,2390,4389,17887905822,17888105722,1789936091197,2026-09-21 04:28:11.197,2026-09-21 16:27:25.521,43154.324,719.238733,2.17,mid,6.8682,873.13,1.0,1,0,0,0,0,0,950,387,196,90,36,15,0,2,11,11,11,11
2000,2391,2391,4390,17887905922,17888105822,1789936109383,2026-09-21 04:28:29.383,2026-09-21 16:27:43.275,43153.892,719.231533,1.89,low,6.8682,873.13,1.0,0,0,0,0,0,0,950,387,196,90,36,15,1,3,12,12,12,12
2000,2392,2392,4391,17887906022,17888105922,1789936128790,2026-09-21 04:28:48.790,2026-09-21 16:27:53.549,43144.759,719.079317,1.0,low,6.8676,873.13,1.0,0,0,0,0,0,0,949,387,196,90,36,15,2,4,13,13,13,13
2000,2393,2393,4392,17887906122,17888106022,1789936158543,2026-09-21 04:29:18.543,2026-09-21 16:28:07.155,43128.612,718.8102,1.35,low,6.8657,873.13,1.0,0,0,0,0,0,0,948,386,196,90,36,15,3,5,14,14,14,14
2000,2394,2394,4393,17887906222,17888106122,1789936175897,2026-09-21 04:29:35.897,2026-09-21 16:28:21.055,43125.158,718.752633,1.39,low,6.8654,873.13,1.0,0,0,0,0,0,0,948,386,196,90,36,15,4,6,15,15,15,15
2000,2395,2395,4394,17887906322,17888106222,1789936187270,2026-09-21 04:29:47.270,2026-09-21 16:28:36.893,43129.623,718.82705,1.59,low,6.8657,873.13,1.0,0,0,0,0,0,0,948,386,196,90,36,15,5,7,16,16,16,16
2000,2396,2396,4395,17887906422,17888106322,1789936231367,2026-09-21 04:30:31.367,2026-09-21 16:28:54.893,43103.526,718.3921,1.93,low,6.8582,873.13,1.0,0,0,0,0,0,0,947,385,195,90,36,15,6,8,17,17,17,17
2000,2397,2397,4396,17887906522,17888106422,1789936273690,2026-09-21 04:31:13.690,2026-09-21 16:29:19.067,43085.377,718.089617,3.31,mid,6.854,873.13,1.0,1,0,0,0,0,0,947,384,194,90,36,15,0,9,18,18,18,18
2000,2398,2398,4397,17887906622,17888106522,1789936292717,2026-09-21 04:31:32.717,2026-09-21 16:30:04.423,43111.706,718.528433,18.78,mid,6.8624,873.13,1.0,1,1,1,0,0,0,947,385,195,90,36,15,0,0,0,19,19,19
2000,2399,2399,4398,17887906722,17888106622,1789936304090,2026-09-21 04:31:44.090,2026-09-21 16:30:17.088,43112.998,718.549967,1.23,low,6.8624,873.13,1.0,0,0,0,0,0,0,947,385,195,90,36,15,1,1,1,20,20,20
2000,2400,2400,4399,17887906822,17888106722,1789936314197,2026-09-21 04:31:54.197,2026-09-21 16:30:55.730,43141.533,719.02555,11.01,mid,6.8674,873.13,1.0,1,1,1,0,0,0,948,386,196,90,36,15,0,0,0,21,21,21
2000,2401,2401,4400,17887906922,17888106822,1789936324800,2026-09-21 04:32:04.800,2026-09-21 16:31:18.999,43154.199,719.23665,2.86,mid,6.8683,873.13,1.0,1,0,0,0,0,0,949,386,196,90,36,15,0,1,1,22,22,22
2000,2402,2402,4401,17887907022,17888106922,1789936337380,2026-09-21 04:32:17.380,2026-09-21 16:31:31.841,43154.461,719.241017,1.33,low,6.8684,873.13,1.0,0,0,0,0,0,0,949,386,196,90,36,15,1,2,2,23,23,23
2000,2403,2403,4402,17887907122,17888107022,1789936354290,2026-09-21 04:32:34.290,2026-09-21 16:31:45.388,43151.098,719.184967,1.31,low,6.8681,873.13,1.0,0,0,0,0,0,0,949,386,196,90,36,15,2,3,3,24,24,24
2000,2404,2404,4403,17887907222,17888107122,1789936367807,2026-09-21 04:32:47.807,2026-09-21 16:32:19.324,43171.517,719.525283,7.39,mid,6.8712,873.13,1.0,1,1,0,0,0,0,950,387,196,90,36,15,0,0,4,25,25,25
2000,2405,2405,4404,17887907322,17888107222,1789936412957,2026-09-21 04:33:32.957,2026-09-21 16:32:31.310,43138.353,718.97255,1.13,low,6.8625,873.13,1.0,0,0,0,0,0,0,949,386,195,90,36,15,1,1,5,26,26,26
2000,2406,2406,4405,17887907422,17888107322,1789936442233,2026-09-21 04:34:02.233,2026-09-21 16:32:51.032,43128.799,718.813317,2.23,mid,6.8611,873.13,1.0,1,0,0,0,0,0,949,386,195,90,36,15,0,2,6,27,27,27
2000,2407,2407,4406,17887907522,17888107422,1789936459587,2026-09-21 04:34:19.587,2026-09-21 16:33:03.634,43124.047,718.734117,1.2,low,6.8608,873.13,1.0,0,0,0,0,0,0,949,386,195,90,36,15,1,3,7,28,28,28
2000,2408,2408,4407,17887907622,17888107522,1789936480470,2026-09-21 04:34:40.470,2026-09-21 16:33:13.815,43113.345,718.55575,1.05,low,6.8601,873.13,1.0,0,0,0,0,0,0,948,386,195,90,36,15,2,4,8,29,29,29
2000,2409,2409,4408,17887907722,17888107622,1789936502770,2026-09-21 04:35:02.770,2026-09-21 16:33:34.735,43111.965,718.53275,2.51,mid,6.86,873.13,1.0,1,0,0,0,0,0,948,386,195,90,36,15,0,5,9,30,30,30
2000,2410,2410,4409,17887907822,17888107722,1789936519197,2026-09-21 04:35:19.197,2026-09-21 16:33:47.437,43108.24,718.470667,1.22,low,6.8597,873.13,1.0,0,0,0,0,0,0,948,386,195,90,36,15,1,6,10,31,31,31
2000,2411,2411,4410,17887907922,17888107822,1789936529293,2026-09-21 04:35:29.293,2026-09-21 16:33:57.842,43108.549,718.475817,1.06,low,6.8597,873.13,1.0,0,0,0,0,0,0,948,386,195,90,36,15,2,7,11,32,32,32
2000,2412,2412,4411,17887908022,17888107922,1789936545700,2026-09-21 04:35:45.700,2026-09-21 16:34:17.205,43111.505,718.525083,2.11,mid,6.86,873.13,1.0,1,0,0,0,0,0,949,386,195,90,36,15,0,8,12,33,33,33
2000,2413,2413,4412,17887908122,17888108022,1789936571263,2026-09-21 04:36:11.263,2026-09-21 16:34:43.646,43112.383,718.539717,3.88,mid,6.8601,873.13,1.0,1,0,0,0,0,0,949,386,195,90,36,15,0,9,13,34,34,34
2000,2414,2414,4413,17887908222,17888108122,1789936590113,2026-09-21 04:36:30.113,2026-09-21 16:34:55.944,43105.831,718.430517,1.26,low,6.8597,873.13,1.0,0,0,0,0,0,0,948,386,195,90,36,15,1,10,14,35,35,35
2000,2415,2415,4414,17887908322,17888108222,1789936612970,2026-09-21 04:36:52.970,2026-09-21 16:35:26.288,43113.318,718.5553,5.12,mid,6.8608,873.13,1.0,1,1,0,0,0,0,948,387,195,90,36,15,0,0,15,36,36,36
2000,2416,2416,4415,17887908422,17888108322,1789936636320,2026-09-21 04:37:16.320,2026-09-21 16:35:37.800,43101.48,718.358,1.2,low,6.8599,873.13,1.0,0,0,0,0,0,0,947,387,195,90,36,15,1,1,16,37,37,37
2000,2417,2417,4416,17887908522,17888108422,1789936665118,2026-09-21 04:37:45.118,2026-09-21 16:35:54.005,43088.887,718.148117,1.58,low,6.8583,873.13,1.0,0,0,0,0,0,0,946,387,195,90,36,15,2,2,17,38,38,38
2000,2418,2418,4417,17887908622,17888108522,1789936685463,2026-09-21 04:38:05.463,2026-09-21 16:36:08.487,43083.024,718.0504,1.52,low,6.8578,873.13,1.0,0,0,0,0,0,0,945,387,195,90,36,15,3,3,18,39,39,39
2000,2419,2419,4418,17887908722,17888108622,1789936703510,2026-09-21 04:38:23.510,2026-09-21 16:36:34.670,43091.16,718.186,3.79,mid,6.8588,873.13,1.0,1,0,0,0,0,0,946,387,195,90,36,15,0,4,19,40,40,40
2000,2420,2420,4419,17887908822,17888108722,1789936719322,2026-09-21 04:38:39.322,2026-09-21 16:36:55.773,43096.451,718.274183,2.5,mid,6.8592,873.13,1.0,1,0,0,0,0,0,947,387,195,90,36,15,0,5,20,41,41,41
2000,2421,2421,4420,17887908922,17888108822,1789936743373,2026-09-21 04:39:03.373,2026-09-21 16:37:32.659,43109.286,718.4881,9.25,mid,6.8622,873.13,1.0,1,1,0,0,0,0,947,388,195,90,36,15,0,0,21,42,42,42
2000,2422,2422,4421,17887909022,17888108922,1789936761107,2026-09-21 04:39:21.107,2026-09-21 16:37:43.155,43102.048,718.367467,1.07,low,6.8618,873.13,1.0,0,0,0,0,0,0,947,388,195,90,36,15,1,1,22,43,43,43
2000,2423,2423,4422,17887909122,17888109022,1789936779578,2026-09-21 04:39:39.578,2026-09-21 16:38:00.118,43100.54,718.342333,1.7,low,6.8617,873.13,1.0,0,0,0,0,0,0,946,388,195,90,36,15,2,2,23,44,44,44
2000,2424,2424,4423,17887909222,17888109122,1789936794780,2026-09-21 04:39:54.780,2026-09-21 16:38:13.994,43099.214,718.320233,1.33,low,6.8615,873.13,1.0,0,0,0,0,0,0,946,388,195,90,36,15,3,3,24,45,45,45
2000,2425,2425,4424,17887909322,17888109222,1789936805582,2026-09-21 04:40:05.582,2026-09-21 16:38:24.609,43099.027,718.317117,1.0,low,6.8615,873.13,1.0,0,0,0,0,0,0,946,388,195,90,36,15,4,4,25,46,46,46
2000,2426,2426,4425,17887909422,17888109322,1789936819907,2026-09-21 04:40:19.907,2026-09-21 16:38:49.077,43109.17,718.486167,3.26,mid,6.8624,873.13,1.0,1,0,0,0,0,0,947,388,195,90,36,15,0,5,26,47,47,47
2000,2427,2427,4426,17887909522,17888109422,1789936848697,2026-09-21 04:40:48.697,2026-09-21 16:39:08.816,43100.119,718.335317,2.25,mid,6.8612,873.13,1.0,1,0,0,0,0,0,947,388,195,90,36,15,0,6,27,48,48,48
2000,2428,2428,4427,17887909622,17888109522,1789936870753,2026-09-21 04:41:10.753,2026-09-21 16:39:28.893,43098.14,718.302333,2.35,mid,6.8612,873.13,1.0,1,0,0,0,0,0,947,388,195,90,36,15,0,7,28,49,49,49
2000,2429,2429,4428,17887909722,17888109622,1789936903330,2026-09-21 04:41:43.330,2026-09-21 16:39:39.163,43075.833,717.93055,1.0,low,6.8584,873.13,1.0,0,0,0,0,0,0,946,387,195,90,36,15,1,8,29,50,50,50
2000,2430,2430,4429,17887909822,17888109722,1789936914137,2026-09-21 04:41:54.137,2026-09-21 16:40:13.946,43099.809,718.33015,8.0,mid,6.8619,873.13,1.0,1,1,0,0,0,0,947,388,195,90,36,15,0,0,30,51,51,51
2000,2431,2431,4430,17887909922,17888109822,1789936925997,2026-09-21 04:42:05.997,2026-09-21 16:40:44.541,43118.544,718.6424,5.27,mid,6.8639,873.13,1.0,1,1,0,0,0,0,948,389,195,90,36,15,0,0,31,52,52,52
2000,2432,2432,4431,17887910022,17888109922,1789936947953,2026-09-21 04:42:27.953,2026-09-21 16:40:59.599,43111.646,718.527433,1.62,low,6.8634,873.13,1.0,0,0,0,0,0,0,947,389,195,90,36,15,1,1,32,53,53,53
2000,2433,2433,4432,17887910122,17888110022,1789936971777,2026-09-21 04:42:51.777,2026-09-21 16:41:16.663,43104.886,718.414767,1.77,low,6.8627,873.13,1.0,0,0,0,0,0,0,946,389,195,90,36,15,2,2,33,54,54,54
2000,2434,2434,4433,17887910222,17888110122,1789936981867,2026-09-21 04:43:01.867,2026-09-21 16:41:32.465,43110.598,718.509967,1.58,low,6.863,873.13,1.0,0,0,0,0,0,0,946,389,195,90,36,15,3,3,34,55,55,55
2000,2435,2435,4434,17887910322,17888110222,1789937012473,2026-09-21 04:43:32.473,2026-09-21 16:42:00.770,43108.297,718.471617,4.48,mid,6.8625,873.13,1.0,1,0,0,0,0,0,946,388,195,90,36,15,0,4,35,56,56,56
2000,2436,2436,4435,17887910422,17888110322,1789937036480,2026-09-21 04:43:56.480,2026-09-21 16:42:49.067,43132.587,718.87645,24.09,mid,6.8729,873.13,1.0,1,1,1,1,0,0,946,389,196,91,36,15,0,0,0,0,57,57
2000,2437,2437,4436,17887910522,17888110422,1789937060373,2026-09-21 04:44:20.373,2026-09-21 16:43:07.603,43127.23,718.787167,2.12,mid,6.8724,873.13,1.0,1,0,0,0,0,0,946,389,196,91,36,15,0,1,1,1,58,58
2000,2438,2438,4437,17887910622,17888110522,1789937071053,2026-09-21 04:44:31.053,2026-09-21 16:43:17.988,43126.935,718.78225,1.01,low,6.8724,873.13,1.0,0,0,0,0,0,0,946,389,196,91,36,15,1,2,2,2,59,59
2000,2439,2439,4438,17887910722,17888110622,1789937081800,2026-09-21 04:44:41.800,2026-09-21 16:43:42.799,43140.999,719.01665,3.4,mid,6.8735,873.13,1.0,1,0,0,0,0,0,947,389,196,91,36,15,0,3,3,3,60,60
2000,2440,2440,4439,17887910822,17888110722,1789937112290,2026-09-21 04:45:12.290,2026-09-21 16:44:08.794,43136.504,718.941733,3.79,mid,6.8727,873.13,1.0,1,0,0,0,0,0,947,388,196,91,36,15,0,4,4,4,61,61
2000,2441,2441,4440,17887910922,17888110822,1789937130280,2026-09-21 04:45:30.280,2026-09-21 16:44:37.234,43146.954,719.1159,3.51,mid,6.8735,873.13,1.0,1,0,0,0,0,0,948,388,196,91,36,15,0,5,5,5,62,62
2000,2442,2442,4441,17887911022,17888110922,1789937147210,2026-09-21 04:45:47.210,2026-09-21 16:45:09.851,43162.641,719.37735,6.78,mid,6.876,873.13,1.0,1,1,0,0,0,0,949,389,196,91,36,15,0,0,6,6,63,63
2000,2443,2443,4442,17887911122,17888111022,1789937161350,2026-09-21 04:46:01.350,2026-09-21 16:45:20.243,43158.893,719.314883,1.01,low,6.8758,873.13,1.0,0,0,0,0,0,0,949,389,196,91,36,15,1,1,7,7,64,64
2000,2444,2444,4443,17887911222,17888111122,1789937185097,2026-09-21 04:46:25.097,2026-09-21 16:45:38.473,43153.376,719.222933,2.06,mid,6.8753,873.13,1.0,1,0,0,0,0,0,949,389,196,91,36,15,0,2,8,8,65,65
2000,2445,2445,4444,17887911322,17888111222,1789937206373,2026-09-21 04:46:46.373,2026-09-21 16:46:12.495,43166.122,719.435367,7.32,mid,6.8776,873.13,1.0,1,1,0,0,0,0,949,390,196,91,36,15,0,0,9,9,66,66
2000,2446,2446,4445,17887911422,17888111322,1789937216453,2026-09-21 04:46:56.453,2026-09-21 16:46:27.618,43171.165,719.519417,1.44,low,6.8779,873.13,1.0,0,0,0,0,0,0,949,390,196,91,36,15,1,1,10,10,67,67
2000,2447,2447,4446,17887911522,17888111422,1789937230493,2026-09-21 04:47:10.493,2026-09-21 16:46:55.841,43185.348,719.7558,4.6,mid,6.8795,873.13,1.0,1,0,0,0,0,0,950,390,196,91,36,15,0,2,11,11,68,68
2000,2448,2448,4447,17887911622,17888111522,1789937261667,2026-09-21 04:47:41.667,2026-09-21 16:47:11.395,43169.728,719.495467,1.61,low,6.8774,873.13,1.0,0,0,0,0,0,0,949,389,196,91,36,15,1,3,12,12,69,69
2000,2449,2449,4448,17887911722,17888111622,1789937289760,2026-09-21 04:48:09.760,2026-09-21 16:47:32.439,43162.679,719.377983,2.5,mid,6.8764,873.13,1.0,1,0,0,0,0,0,949,389,196,91,36,15,0,4,13,13,70,70
2000,2450,2450,4449,17887911822,17888111722,1789937352350,2026-09-21 04:49:12.350,2026-09-21 16:47:48.243,43115.893,718.598217,1.58,low,6.838,873.13,1.0,0,0,0,0,0,0,948,388,195,90,35,15,1,5,14,14,71,71
2000,2451,2451,4450,17887911922,17888111822,1789937362870,2026-09-21 04:49:22.870,2026-09-21 16:48:12.502,43129.632,718.8272,3.38,mid,6.8391,873.13,1.0,1,0,0,0,0,0,949,388,195,90,35,15,0,6,15,15,72,72
2000,2452,2452,4451,17887912022,17888111922,1789937377517,2026-09-21 04:49:37.517,2026-09-21 16:49:17.114,43179.597,719.65995,91.84,high,6.8843,873.13,1.0,1,1,1,1,1,0,950,389,196,91,36,15,0,0,0,0,0,73
2000,2453,2453,4452,17887912122,17888112022,1789937399630,2026-09-21 04:49:59.630,2026-09-21 16:49:55.514,43195.884,719.9314,10.11,mid,6.888,873.13,1.0,1,1,1,0,0,0,950,390,197,91,36,15,0,0,0,1,1,74
2000,2454,2454,4453,17887912222,17888112122,1789937425943,2026-09-21 04:50:25.943,2026-09-21 16:50:19.379,43193.436,719.8906,3.33,mid,6.8877,873.13,1.0,1,0,0,0,0,0,950,390,197,91,36,15,0,1,1,2,2,75
2000,2455,2455,4454,17887912322,17888112222,1789937436040,2026-09-21 04:50:36.040,2026-09-21 16:50:45.481,43209.441,720.15735,3.7,mid,6.8891,873.13,1.0,1,0,0,0,0,0,951,390,197,91,36,15,0,2,2,3,3,76
2000,2456,2456,4455,17887912422,17888112322,1789937455967,2026-09-21 04:50:55.967,2026-09-21 16:51:06.792,43210.825,720.180417,2.57,mid,6.8892,873.13,1.0,1,0,0,0,0,0,951,390,197,91,36,15,0,3,3,4,4,77
2000,2457,2457,4456,17887912522,17888112422,1789937466437,2026-09-21 04:51:06.437,2026-09-21 16:52:11.962,43265.525,721.092083,97.25,high,6.9373,873.13,1.0,1,1,1,1,1,0,952,391,198,92,37,15,0,0,0,0,0,78
2000,2458,2458,4457,17887912622,17888112522,1789937481157,2026-09-21 04:51:21.157,2026-09-21 16:52:22.228,43261.071,721.01785,1.0,low,6.9371,873.13,1.0,0,0,0,0,0,0,952,391,198,92,37,15,1,1,1,1,1,79
2000,2459,2459,4458,17887912722,17888112622,1789937503777,2026-09-21 04:51:43.777,2026-09-21 16:52:32.469,43248.692,720.811533,1.0,low,6.9362,873.13,1.0,0,0,0,0,0,0,951,391,198,92,37,15,2,2,2,2,2,80
2000,2460,2460,4459,17887912822,17888112722,1789937520537,2026-09-21 04:52:00.537,2026-09-21 16:52:52.301,43251.764,720.862733,2.26,mid,6.9364,873.13,1.0,1,0,0,0,0,0,952,391,198,92,37,15,0,3,3,3,3,81
2000,2461,2461,4460,17887912922,17888112822,1789937530630,2026-09-21 04:52:10.630,2026-09-21 16:53:11.279,43260.649,721.010817,2.02,mid,6.9369,873.13,1.0,1,0,0,0,0,0,953,391,198,92,37,15,0,4,4,4,4,82
2000,2462,2462,4461,17887913022,17888112922,1789937543300,2026-09-21 04:52:23.300,2026-09-21 16:53:22.163,43258.863,720.98105,1.15,low,6.9369,873.13,1.0,0,0,0,0,0,0,953,391,198,92,37,15,1,5,5,5,5,83
2000,2463,2463,4462,17887913122,17888113022,1789937572850,2026-09-21 04:52:52.850,2026-09-21 16:53:40.428,43247.578,720.792967,1.96,low,6.9353,873.13,1.0,0,0,0,0,0,0,952,390,198,92,37,15,2,6,6,6,6,84
2000,2464,2464,4463,17887913222,17888113122,1789937582943,2026-09-21 04:53:02.943,2026-09-21 16:53:54.982,43252.039,720.867317,1.45,low,6.9356,873.13,1.0,0,0,0,0,0,0,952,390,198,92,37,15,3,7,7,7,7,85
2000,2465,2465,4464,17887913322,17888113222,1789937601527,2026-09-21 04:53:21.527,2026-09-21 16:54:45.578,43284.051,721.40085,28.65,high,6.9489,873.13,1.0,1,1,1,1,0,0,952,391,199,93,37,15,0,0,0,0,8,86
2000,2466,2466,4465,17887913422,17888113322,1789937617567,2026-09-21 04:53:37.567,2026-09-21 16:54:57.583,43280.016,721.3336,1.19,low,6.9486,873.13,1.0,0,0,0,0,0,0,952,391,199,93,37,15,1,1,1,1,9,87
2000,2467,2467,4466,17887913522,17888113422,1789937647190,2026-09-21 04:54:07.190,2026-09-21 16:55:15.427,43268.237,721.137283,1.86,low,6.947,873.13,1.0,0,0,0,0,0,0,951,390,199,93,37,15,2,2,2,2,10,88
2000,2468,2468,4467,17887913622,17888113522,1789937677047,2026-09-21 04:54:37.047,2026-09-21 16:55:32.603,43255.556,720.925933,1.85,low,6.9453,873.13,1.0,0,0,0,0,0,0,950,389,199,93,37,15,3,3,3,3,11,89
2000,2469,2469,4468,17887913722,17888113622,1789937688967,2026-09-21 04:54:48.967,2026-09-21 16:56:13.926,43284.959,721.415983,13.36,mid,6.9514,873.13,1.0,1,1,1,0,0,0,951,390,200,93,37,15,0,0,0,4,12,90
2000,2470,2470,4469,17887913822,17888113722,1789937714747,2026-09-21 04:55:14.747,2026-09-21 16:57:09.937,43315.19,721.919833,44.23,high,6.9717,873.13,1.0,1,1,1,1,0,0,951,391,201,94,37,15,0,0,0,0,13,91
2000,2471,2471,4470,17887913922,17888113822,1789937766050,2026-09-21 04:56:06.050,2026-09-21 16:57:24.991,43278.941,721.315683,1.51,low,6.9571,873.13,1.0,0,0,0,0,0,0,950,390,200,93,37,15,1,1,1,1,14,92
2000,2472,2472,4471,17887914022,17888113922,1789937776550,2026-09-21 04:56:16.550,2026-09-21 16:57:37.837,43281.287,721.354783,1.32,low,6.9572,873.13,1.0,0,0,0,0,0,0,950,390,200,93,37,15,2,2,2,2,15,93
2000,2473,2473,4472,17887914122,17888114022,1789937795787,2026-09-21 04:56:35.787,2026-09-21 16:57:48.121,43272.334,721.205567,1.0,low,6.9566,873.13,1.0,0,0,0,0,0,0,949,390,200,93,37,15,3,3,3,3,16,94
2000,2474,2474,4473,17887914222,17888114122,1789937807460,2026-09-21 04:56:47.460,2026-09-21 16:58:15.746,43288.286,721.471433,4.05,mid,6.9581,873.13,1.0,1,0,0,0,0,0,950,390,200,93,37,15,0,4,4,4,17,95
2000,2475,2475,4474,17887914322,17888114222,1789937820010,2026-09-21 04:57:00.010,2026-09-21 16:58:36.727,43296.717,721.61195,2.41,mid,6.9587,873.13,1.0,1,0,0,0,0,0,951,390,200,93,37,15,0,5,5,5,18,96
2000,2476,2476,4475,17887914422,17888114322,1789937859473,2026-09-21 04:57:39.473,2026-09-21 16:58:55.826,43276.353,721.27255,2.21,mid,6.954,873.13,1.0,1,0,0,0,0,0,951,389,199,93,37,15,0,6,6,6,19,97
2000,2477,2477,4476,17887914522,17888114422,1789937870140,2026-09-21 04:57:50.140,2026-09-21 16:59:11.200,43281.06,721.351,1.6,low,6.9543,873.13,1.0,0,0,0,0,0,0,951,389,199,93,37,15,1,7,7,7,20,98
2000,2478,2478,4477,17887914622,17888114522,1789937898497,2026-09-21 04:58:18.497,2026-09-21 16:59:33.469,43274.972,721.249533,2.73,mid,6.9534,873.13,1.0,1,0,0,0,0,0,951,389,199,93,37,15,0,8,8,8,21,99
2000,2479,2479,4478,17887914722,17888114622,1789937924790,2026-09-21 04:58:44.790,2026-09-21 16:59:48.681,43263.891,721.06485,1.49,low,6.9522,873.13,1.0,0,0,0,0,0,0,950,389,199,93,37,15,1,9,9,9,22,100
2000,2480,2480,4479,17887914822,17888114722,1789937942520,2026-09-21 04:59:02.520,2026-09-21 17:00:07.530,43265.01,721.0835,2.09,mid,6.9523,873.13,1.0,1,0,0,0,0,0,951,389,199,93,37,15,0,10,10,10,23,101
2000,2481,2481,4480,17887914922,17888114822,1789937968980,2026-09-21 04:59:28.980,2026-09-21 17:00:35.096,43266.116,721.101933,4.23,mid,6.9524,873.13,1.0,1,0,0,0,0,0,951,389,199,93,37,15,0,11,11,11,24,102
2000,2482,2482,4481,17887915022,17888114922,1789937986043,2026-09-21 04:59:46.043,2026-09-21 17:00:45.519,43259.476,720.991267,1.02,low,6.9521,873.13,1.0,0,0,0,0,0,0,951,389,199,93,37,15,1,12,12,12,25,103
2000,2483,2483,4482,17887915122,17888115022,1789937997937,2026-09-21 04:59:57.937,2026-09-21 17:01:02.766,43264.829,721.080483,1.81,low,6.9524,873.13,1.0,0,0,0,0,0,0,951,389,199,93,37,15,2,13,13,13,26,104
2000,2484,2484,4483,17887915222,17888115122,1789938008027,2026-09-21 05:00:08.027,2026-09-21 17:01:15.208,43267.181,721.119683,1.24,low,6.9525,873.13,1.0,0,0,0,0,0,0,951,389,199,93,37,15,3,14,14,14,27,105
2000,2485,2485,4484,17887915322,17888115222,1789938028987,2026-09-21 05:00:28.987,2026-09-21 17:01:32.327,43263.34,721.055667,1.8,low,6.9522,873.13,1.0,0,0,0,0,0,0,950,389,199,93,37,15,4,15,15,15,28,106
2000,2486,2486,4485,17887915422,17888115322,1789938052983,2026-09-21 05:00:52.983,2026-09-21 17:01:45.307,43252.324,720.872067,1.24,low,6.9512,873.13,1.0,0,0,0,0,0,0,949,389,199,93,37,15,5,16,16,16,29,107
2000,2487,2487,4486,17887915522,17888115422,1789938067333,2026-09-21 05:01:07.333,2026-09-21 17:02:00.519,43253.186,720.886433,1.57,low,6.9512,873.13,1.0,0,0,0,0,0,0,949,389,199,93,37,15,6,17,17,17,30,108
2000,2488,2488,4487,17887915622,17888115522,1789938087597,2026-09-21 05:01:27.597,2026-09-21 17:02:10.305,43242.708,720.7118,1.0,low,6.9506,873.13,1.0,0,0,0,0,0,0,948,389,199,93,37,15,7,18,18,18,31,109
2000,2489,2489,4488,17887915722,17888115622,1789938101077,2026-09-21 05:01:41.077,2026-09-21 17:02:34.319,43253.242,720.887367,3.12,mid,6.9515,873.13,1.0,1,0,0,0,0,0,949,389,199,93,37,15,0,19,19,19,32,110
2000,2490,2490,4489,17887915822,17888115722,1789938114890,2026-09-21 05:01:54.890,2026-09-21 17:03:11.740,43276.85,721.280833,9.73,mid,6.9556,873.13,1.0,1,1,0,0,0,0,950,390,199,93,37,15,0,0,20,20,33,111
2000,2491,2491,4490,17887915922,17888115822,1789938136723,2026-09-21 05:02:16.723,2026-09-21 17:03:35.342,43278.619,721.310317,3.09,mid,6.9559,873.13,1.0,1,0,0,0,0,0,950,390,199,93,37,15,0,1,21,21,34,112
2000,2492,2492,4491,17887916022,17888115922,1789938182260,2026-09-21 05:03:02.260,2026-09-21 17:03:51.487,43249.227,720.82045,1.67,low,6.9471,873.13,1.0,0,0,0,0,0,0,949,389,198,93,37,15,1,2,22,22,35,113
2000,2493,2493,4492,17887916122,17888116022,1789938192353,2026-09-21 05:03:12.353,2026-09-21 17:04:01.809,43249.456,720.824267,1.0,low,6.9471,873.13,1.0,0,0,0,0,0,0,949,389,198,93,37,15,2,3,23,23,36,114
2000,2494,2494,4493,17887916222,17888116122,1789938207013,2026-09-21 05:03:27.013,2026-09-21 17:04:17.301,43250.288,720.838133,1.59,low,6.9472,873.13,1.0,0,0,0,0,0,0,949,389,198,93,37,15,3,4,24,24,37,115
2000,2495,2495,4494,17887916322,17888116222,1789938244313,2026-09-21 05:04:04.313,2026-09-21 17:04:52.343,43248.03,720.8005,7.03,mid,6.9459,873.13,1.0,1,1,0,0,0,0,949,389,198,93,37,15,0,0,25,25,38,116
2000,2496,2496,4495,17887916422,17888116322,1789938258800,2026-09-21 05:04:18.800,2026-09-21 17:05:13.443,43254.643,720.910717,2.44,mid,6.9464,873.13,1.0,1,0,0,0,0,0,950,389,198,93,37,15,0,1,26,26,39,117
2000,2497,2497,4496,17887916522,17888116422,1789938268907,2026-09-21 05:04:28.907,2026-09-21 17:05:26.777,43257.87,720.9645,1.38,low,6.9466,873.13,1.0,0,0,0,0,0,0,950,389,198,93,37,15,1,2,27,27,40,118
2000,2498,2498,4497,17887916622,17888116522,1789938284370,2026-09-21 05:04:44.370,2026-09-21 17:05:37.772,43253.402,720.890033,1.08,low,6.9463,873.13,1.0,0,0,0,0,0,0,950,389,198,93,37,15,2,3,28,28,41,119
2000,2499,2499,4498,17887916722,17888116622,1789938300217,2026-09-21 05:05:00.217,2026-09-21 17:05:49.353,43249.136,720.818933,1.11,low,6.9461,873.13,1.0,0,0,0,0,0,0,950,389,198,93,37,15,3,4,29,29,42,120
2000,2500,2500,4499,17887916822,17888116722,1789938313837,2026-09-21 05:05:13.837,2026-09-21 17:06:01.638,43247.801,720.796683,1.21,low,6.946,873.13,1.0,0,0,0,0,0,0,950,389,198,93,37,15,4,5,30,30,43,121
2000,2501,2501,4500,17887916922,17888116822,1789938361033,2026-09-21 05:06:01.033,2026-09-21 17:06:14.098,43213.065,720.21775,1.22,low,6.9357,873.13,1.0,0,0,0,0,0,0,949,388,197,92,37,15,5,6,31,31,44,122
2000,2502,2502,4501,17887917022,17888116922,1789938387067,2026-09-21 05:06:27.067,2026-09-21 17:06:28.333,43201.266,720.0211,1.38,low,6.9345,873.13,1.0,0,0,0,0,0,0,948,388,197,92,37,15,6,7,32,32,45,123
2000,2503,2503,4502,17887917122,17888117022,1789938442223,2026-09-21 05:07:22.223,2026-09-21 17:06:38.291,43156.068,719.2678,1.04,low,6.9138,873.13,1.0,0,0,0,0,0,0,947,387,196,91,37,15,7,8,33,33,46,124
2000,2504,2504,4503,17887917222,17888117122,1789938453160,2026-09-21 05:07:33.160,2026-09-21 17:07:07.926,43174.766,719.579433,5.08,mid,6.9158,873.13,1.0,1,1,0,0,0,0,948,388,196,91,37,15,0,0,34,34,47,125
2000,2505,2505,4504,17887917322,17888117222,1789938464727,2026-09-21 05:07:44.727,2026-09-21 17:07:55.027,43210.3,720.171667,22.46,mid,6.9264,873.13,1.0,1,1,1,1,0,0,949,389,197,92,37,15,0,0,0,0,48,126
2000,2506,2506,4505,17887917422,17888117322,1789938517513,2026-09-21 05:08:37.513,2026-09-21 17:08:15.581,43178.068,719.634467,2.33,mid,6.9102,873.13,1.0,1,0,0,0,0,0,949,388,196,91,37,15,0,1,1,1,49,127
2000,2507,2507,4506,17887917522,17888117422,1789938533160,2026-09-21 05:08:53.160,2026-09-21 17:08:41.050,43187.89,719.798167,3.66,mid,6.9113,873.13,1.0,1,0,0,0,0,0,950,388,196,91,37,15,0,2,2,2,50,128
2000,2508,2508,4507,17887917622,17888117522,1789938566890,2026-09-21 05:09:26.890,2026-09-21 17:09:37.222,43210.332,720.1722,45.58,high,6.9305,873.13,1.0,1,1,1,1,0,0,950,388,197,92,37,15,0,0,0,0,51,129
2000,2509,2509,4508,17887917722,17888117622,1789938590263,2026-09-21 05:09:50.263,2026-09-21 17:09:51.180,43200.917,720.015283,1.42,low,6.9297,873.13,1.0,0,0,0,0,0,0,949,388,197,92,37,15,1,1,1,1,52,130
2000,2510,2510,4509,17887917822,17888117722,1789938616397,2026-09-21 05:10:16.397,2026-09-21 17:10:05.308,43188.911,719.815183,1.38,low,6.9285,873.13,1.0,0,0,0,0,0,0,948,388,197,92,37,15,2,2,2,2,53,131
2000,2511,2511,4510,17887917922,17888117822,1789938654160,2026-09-21 05:10:54.160,2026-09-21 17:10:49.418,43195.258,719.920967,17.23,mid,6.9321,873.13,1.0,1,1,1,0,0,0,948,388,197,92,37,15,0,0,0,3,54,132
2000,2512,2512,4511,17887918022,17888117922,1789938668807,2026-09-21 05:11:08.807,2026-09-21 17:11:21.375,43212.568,720.209467,6.2,mid,6.9344,873.13,1.0,1,1,0,0,0,0,949,389,197,92,37,15,0,0,1,4,55,133
2000,2513,2513,4512,17887918122,17888118022,1789938691173,2026-09-21 05:11:31.173,2026-09-21 17:11:37.153,43205.98,720.099667,1.57,low,6.9338,873.13,1.0,0,0,0,0,0,0,948,389,197,92,37,15,1,1,2,5,56,134
2000,2514,2514,4513,17887918222,17888118122,1789938716040,2026-09-21 05:11:56.040,2026-09-21 17:12:35.292,43239.252,720.6542,51.76,high,6.958,873.13,1.0,1,1,1,1,1,0,948,390,198,93,38,15,0,0,0,0,0,135
2000,2515,2515,4514,17887918322,17888118222,1789938757336,2026-09-21 05:12:37.336,2026-09-21 17:12:49.403,43212.067,720.201117,1.45,low,6.952,873.13,1.0,0,0,0,0,0,0,947,389,197,93,38,15,1,1,1,1,1,136
2000,2516,2516,4515,17887918422,17888118322,1789938771400,2026-09-21 05:12:51.400,2026-09-21 17:13:39.898,43248.498,720.8083,27.8,high,6.9652,873.13,1.0,1,1,1,1,0,0,948,390,198,94,38,15,0,0,0,0,2,137
2000,2517,2517,4516,17887918522,17888118422,1789938800697,2026-09-21 05:13:20.697,2026-09-21 17:13:58.947,43238.25,720.6375,2.19,mid,6.9638,873.13,1.0,1,0,0,0,0,0,948,390,198,94,38,15,0,1,1,1,3,138
2000,2518,2518,4517,17887918622,17888118522,1789938823713,2026-09-21 05:13:43.713,2026-09-21 17:14:19.112,43235.399,720.589983,2.34,mid,6.9635,873.13,1.0,1,0,0,0,0,0,948,390,198,94,38,15,0,2,2,2,4,139
2000,2519,2519,4518,17887918722,17888118622,1789938848653,2026-09-21 05:14:08.653,2026-09-21 17:14:32.955,43224.302,720.405033,1.38,low,6.9625,873.13,1.0,0,0,0,0,0,0,947,390,198,94,38,15,1,3,3,3,5,140
2000,2520,2520,4519,17887918822,17888118722,1789938873540,2026-09-21 05:14:33.540,2026-09-21 17:14:47.380,43213.84,720.230667,1.38,low,6.9615,873.13,1.0,0,0,0,0,0,0,946,390,198,94,38,15,2,4,4,4,6,141
2000,2521,2521,4520,17887918922,17888118822,1789938901873,2026-09-21 05:15:01.873,2026-09-21 17:14:58.405,43196.532,719.9422,1.14,low,6.9597,873.13,1.0,0,0,0,0,0,0,945,390,198,94,38,15,3,5,5,5,7,142
2000,2522,2522,4521,17887919022,17888118922,1789938922530,2026-09-21 05:15:22.530,2026-09-21 17:15:19.786,43197.256,719.954267,2.53,mid,6.9598,873.13,1.0,1,0,0,0,0,0,945,390,198,94,38,15,0,6,6,6,8,143
2000,2523,2523,4522,17887919122,17888119022,1789938935010,2026-09-21 05:15:35.010,2026-09-21 17:15:41.908,43206.898,720.114967,2.7,mid,6.9605,873.13,1.0,1,0,0,0,0,0,946,390,198,94,38,15,0,7,7,7,9,144
2000,2524,2524,4523,17887919222,17888119122,1789938952150,2026-09-21 05:15:52.150,2026-09-21 17:15:59.387,43207.237,720.120617,1.89,low,6.9606,873.13,1.0,0,0,0,0,0,0,946,390,198,94,38,15,1,8,8,8,10,145
2000,2525,2525,4524,17887919322,17888119222,1789938968550,2026-09-21 05:16:08.550,2026-09-21 17:16:36.394,43227.844,720.464067,8.95,mid,6.9642,873.13,1.0,1,1,0,0,0,0,947,391,198,94,38,15,0,0,9,9,11,146
2000,2526,2526,4525,17887919422,17888119322,1789938984473,2026-09-21 05:16:24.473,2026-09-21 17:16:53.473,43229.0,720.483333,1.59,low,6.9642,873.13,1.0,0,0,0,0,0,0,947,391,198,94,38,15,1,1,10,10,12,147
2000,2527,2527,4526,17887919522,17888119422,1789939000793,2026-09-21 05:16:40.793,2026-09-21 17:17:04.977,43224.184,720.403067,1.13,low,6.9639,873.13,1.0,0,0,0,0,0,0,947,391,198,94,38,15,2,2,11,11,13,148
2000,2528,2528,4527,17887919622,17888119522,1789939015603,2026-09-21 05:16:55.603,2026-09-21 17:17:36.314,43240.711,720.678517,5.65,mid,6.966,873.13,1.0,1,1,0,0,0,0,948,392,198,94,38,15,0,0,12,12,14,149
2000,2529,2529,4528,17887919722,17888119622,1789939040520,2026-09-21 05:17:20.520,2026-09-21 17:17:46.417,43225.897,720.431617,1.05,low,6.9648,873.13,1.0,0,0,0,0,0,0,947,392,198,94,38,15,1,1,13,13,15,150
2000,2530,2530,4529,17887919822,17888119722,1789939052593,2026-09-21 05:17:32.593,2026-09-21 17:17:56.637,43224.044,720.400733,1.02,low,6.9647,873.13,1.0,0,0,0,0,0,0,947,392,198,94,38,15,2,2,14,14,16,151
2000,2531,2531,4530,17887919922,17888119822,1789939064483,2026-09-21 05:17:44.483,2026-09-21 17:18:22.461,43237.978,720.632967,3.82,mid,6.966,873.13,1.0,1,0,0,0,0,0,948,392,198,94,38,15,0,3,15,15,17,152
2000,2532,2532,4531,17887920022,17888119922,1789939087573,2026-09-21 05:18:07.573,2026-09-21 17:18:44.506,43236.933,720.61555,2.54,mid,6.9658,873.13,1.0,1,0,0,0,0,0,948,392,198,94,38,15,0,4,16,16,18,153
2000,2533,2533,4532,17887920122,17888120022,1789939099150,2026-09-21 05:18:19.150,2026-09-21 17:19:05.594,43246.444,720.774067,2.6,mid,6.9665,873.13,1.0,1,0,0,0,0,0,949,392,198,94,38,15,0,5,17,17,19,154
2000,2534,2534,4533,17887920222,17888120122,1789939116230,2026-09-21 05:18:36.230,2026-09-21 17:19:38.944,43262.714,721.045233,6.63,mid,6.969,873.13,1.0,1,1,0,0,0,0,950,393,198,94,38,15,0,0,18,18,20,155
2000,2535,2535,4534,17887920322,17888120222,1789939131647,2026-09-21 05:18:51.647,2026-09-21 17:20:08.983,43277.336,721.288933,4.83,mid,6.9706,873.13,1.0,1,0,0,0,0,0,951,393,198,94,38,15,0,1,19,19,21,156
2000,2536,2536,4535,17887920422,17888120322,1789939182210,2026-09-21 05:19:42.210,2026-09-21 17:20:31.696,43249.486,720.824767,2.28,mid,6.9572,873.13,1.0,1,0,0,0,0,0,951,392,197,93,38,15,0,2,20,20,22,157
2000,2537,2537,4536,17887920522,17888120422,1789939198673,2026-09-21 05:19:58.673,2026-09-21 17:20:49.214,43250.541,720.84235,1.74,low,6.9572,873.13,1.0,0,0,0,0,0,0,951,392,197,93,38,15,1,3,21,21,23,158
2000,2538,2538,4537,17887920622,17888120522,1789939210760,2026-09-21 05:20:10.760,2026-09-21 17:21:02.057,43251.297,720.85495,1.33,low,6.9573,873.13,1.0,0,0,0,0,0,0,951,392,197,93,38,15,2,4,22,22,24,159
2000,2539,2539,4538,17887920722,17888120622,1789939220850,2026-09-21 05:20:20.850,2026-09-21 17:21:15.569,43254.719,720.911983,1.34,low,6.9575,873.13,1.0,0,0,0,0,0,0,951,392,197,93,38,15,3,5,23,23,25,160
2000,2540,2540,4539,17887920822,17888120722,1789939240387,2026-09-21 05:20:40.387,2026-09-21 17:21:30.941,43250.554,720.842567,1.53,low,6.9571,873.13,1.0,0,0,0,0,0,0,950,392,197,93,38,15,4,6,24,24,26,161
2000,2541,2541,4540,17887920922,17888120822,1789939257777,2026-09-21 05:20:57.777,2026-09-21 17:21:50.981,43253.204,720.886733,2.33,mid,6.9574,873.13,1.0,1,0,0,0,0,0,951,392,197,93,38,15,0,7,25,25,27,162
2000,2542,2542,4541,17887921022,17888120922,1789939285477,2026-09-21 05:21:25.477,2026-09-21 17:22:01.590,43236.113,720.601883,1.07,low,6.9557,873.13,1.0,0,0,0,0,0,0,950,392,197,93,38,15,1,8,26,26,28,163
2000,2543,2543,4542,17887921122,17888121022,1789939307767,2026-09-21 05:21:47.767,2026-09-21 17:22:14.199,43226.432,720.440533,1.2,low,6.955,873.13,1.0,0,0,0,0,0,0,949,392,197,93,38,15,2,9,27,27,29,164
2000,2544,2544,4543,17887921222,17888121122,1789939320987,2026-09-21 05:22:00.987,2026-09-21 17:22:28.931,43227.944,720.465733,1.45,low,6.955,873.13,1.0,0,0,0,0,0,0,949,392,197,93,38,15,3,10,28,28,30,165
2000,2545,2545,4544,17887921322,17888121222,1789939343270,2026-09-21 05:22:23.270,2026-09-21 17:23:00.753,43237.483,720.624717,6.21,mid,6.9568,873.13,1.0,1,1,0,0,0,0,949,393,197,93,38,15,0,0,29,29,31,166
2000,2546,2546,4545,17887921422,17888121322,1789939367407,2026-09-21 05:22:47.407,2026-09-21 17:23:13.376,43225.969,720.432817,1.23,low,6.9557,873.13,1.0,0,0,0,0,0,0,948,393,197,93,38,15,1,1,30,30,32,167
2000,2547,2547,4546,17887921522,17888121422,1789939390685,2026-09-21 05:23:10.685,2026-09-21 17:23:23.949,43213.264,720.221067,1.06,low,6.9548,873.13,1.0,0,0,0,0,0,0,947,393,197,93,38,15,2,2,31,31,33,168
2000,2548,2548,4547,17887921622,17888121522,1789939414357,2026-09-21 05:23:34.357,2026-09-21 17:23:45.524,43211.167,720.186117,2.68,mid,6.9546,873.13,1.0,1,0,0,0,0,0,947,393,197,93,38,15,0,3,32,32,34,169
2000,2549,2549,4548,17887921722,17888121622,1789939439883,2026-09-21 05:23:59.883,2026-09-21 17:24:07.578,43207.695,720.12825,2.72,mid,6.9541,873.13,1.0,1,0,0,0,0,0,947,393,197,93,38,15,0,4,33,33,35,170
2000,2550,2550,4549,17887921822,17888121722,1789939453350,2026-09-21 05:24:13.350,2026-09-21 17:24:26.007,43212.657,720.21095,1.91,low,6.9544,873.13,1.0,0,0,0,0,0,0,947,393,197,93,38,15,1,5,34,34,36,171
2000,2551,2551,4550,17887921922,17888121822,1789939477530,2026-09-21 05:24:37.530,2026-09-21 17:24:44.896,43207.366,720.122767,2.12,mid,6.9538,873.13,1.0,1,0,0,0,0,0,947,393,197,93,38,15,0,6,35,35,37,172
2000,2552,2552,4551,17887922022,17888121922,1789939515598,2026-09-21 05:25:15.598,2026-09-21 17:25:06.107,43190.509,719.841817,2.54,mid,6.95,873.13,1.0,1,0,0,0,0,0,947,392,196,93,38,15,0,7,36,36,38,173
2000,2553,2553,4552,17887922122,17888122022,1789939607207,2026-09-21 05:26:47.207,2026-09-21 17:25:19.213,43112.006,718.533433,1.29,low,6.5141,651.24,1.0,0,0,0,0,0,0,946,391,195,92,37,14,1,8,37,37,39,174
2000,2554,2554,4553,17887922222,17888122122,1789939626420,2026-09-21 05:27:06.420,2026-09-21 17:25:30.829,43104.409,718.406817,1.14,low,6.5136,651.24,1.0,0,0,0,0,0,0,945,391,195,92,37,14,2,9,38,38,40,175
2000,2555,2555,4554,17887922322,17888122222,1789939641683,2026-09-21 05:27:21.683,2026-09-21 17:25:47.222,43105.539,718.42565,1.7,low,6.5136,651.24,1.0,0,0,0,0,0,0,945,391,195,92,37,14,3,10,39,39,41,176
2000,2556,2556,4555,17887922422,17888122322,1789939674313,2026-09-21 05:27:54.313,2026-09-21 17:25:59.728,43085.415,718.09025,1.22,low,6.511,651.24,1.0,0,0,0,0,0,0,944,390,195,92,37,14,4,11,40,40,42,177
2000,2557,2557,4556,17887922522,17888122422,1789939687867,2026-09-21 05:28:07.867,2026-09-21 17:26:28.440,43100.573,718.342883,4.2,mid,6.5124,651.24,1.0,1,0,0,0,0,0,945,390,195,92,37,14,0,12,41,41,43,178
2000,2558,2558,4557,17887922622,17888122522,1789939715847,2026-09-21 05:28:35.847,2026-09-21 17:26:58.120,43102.273,718.371217,5.14,mid,6.5127,651.24,1.0,1,1,0,0,0,0,945,391,195,92,37,14,0,0,42,42,44,179
2000,2559,2559,4558,17887922722,17888122622,1789939731963,2026-09-21 05:28:51.963,2026-09-21 17:27:09.756,43097.793,718.29655,1.14,low,6.5125,651.24,1.0,0,0,0,0,0,0,945,391,195,92,37,14,1,1,43,43,45,180
2000,2560,2560,4559,17887922822,17888122722,1789939755987,2026-09-21 05:29:15.987,2026-09-21 17:27:49.342,43113.355,718.555917,11.83,mid,6.5168,651.24,1.0,1,1,1,0,0,0,945,392,196,92,37,14,0,0,0,44,46,181
2000,2561,2561,4560,17887922922,17888122822,1789939788640,2026-09-21 05:29:48.640,2026-09-21 17:28:35.788,43127.148,718.7858,16.44,mid,6.5217,651.24,1.0,1,1,1,0,0,0,945,392,197,92,37,14,0,0,0,45,47,182
2000,2562,2562,4561,17887923022,17888122922,1789939800560,2026-09-21 05:30:00.560,2026-09-21 17:28:45.358,43124.798,718.746633,1.01,low,6.5217,651.24,1.0,0,0,0,0,0,0,945,392,197,92,37,14,1,1,1,46,48,183
2000,2563,2563,4562,17887923122,17888123022,1789939832880,2026-09-21 05:30:32.880,2026-09-21 17:29:10.321,43117.441,718.624017,3.37,mid,6.5201,651.24,1.0,1,0,0,0,0,0,945,391,197,92,37,14,0,2,2,47,49,184
2000,2564,2564,4563,17887923222,17888123122,1789939871690,2026-09-21 05:31:11.690,2026-09-21 17:29:22.956,43091.266,718.187767,1.26,low,6.5153,651.24,1.0,0,0,0,0,0,0,944,390,196,92,37,14,1,3,3,48,50,185
2000,2565,2565,4564,17887923322,17888123222,1789939904000,2026-09-21 05:31:44.000,2026-09-21 17:29:33.327,43069.327,717.822117,1.02,low,6.5126,651.24,1.0,0,0,0,0,0,0,943,389,196,92,37,14,2,4,4,49,51,186
2000,2566,2566,4565,17887923422,17888123322,1789939928687,2026-09-21 05:32:08.687,2026-09-21 17:29:56.649,43067.962,717.799367,3.03,mid,6.5125,651.24,1.0,1,0,0,0,0,0,943,389,196,92,37,14,0,5,5,50,52,187
2000,2567,2567,4566,17887923522,17888123422,1789939938783,2026-09-21 05:32:18.783,2026-09-21 17:30:37.970,43099.187,718.319783,12.89,mid,6.5184,651.24,1.0,1,1,1,0,0,0,944,390,197,92,37,14,0,0,0,51,53,188
2000,2568,2568,4567,17887923622,17888123522,1789939948877,2026-09-21 05:32:28.877,2026-09-21 17:31:37.184,43148.307,719.13845,51.03,high,6.5434,651.24,1.0,1,1,1,1,1,0,945,391,198,93,38,14,0,0,0,0,0,189
2000,2569,2569,4568,17887923722,17888123622,1789939998877,2026-09-21 05:33:18.877,2026-09-21 17:31:47.970,43109.093,718.484883,1.02,low,6.5302,651.24,1.0,0,0,0,0,0,0,944,390,197,92,38,14,1,1,1,1,1,190
2000,2570,2570,4569,17887923822,17888123722,1789940013290,2026-09-21 05:33:33.290,2026-09-21 17:32:06.375,43113.085,718.551417,1.99,low,6.5304,651.24,1.0,0,0,0,0,0,0,944,390,197,92,38,14,2,2,2,2,2,191
2000,2571,2571,4570,17887923922,17888123822,1789940023640,2026-09-21 05:33:43.640,2026-09-21 17:32:28.713,43125.073,718.751217,2.79,mid,6.5313,651.24,1.0,1,0,0,0,0,0,945,390,197,92,38,14,0,3,3,3,3,192
2000,2572,2572,4571,17887924022,17888123922,1789940040400,2026-09-21 05:34:00.400,2026-09-21 17:33:02.375,43141.975,719.032917,7.1,mid,6.534,651.24,1.0,1,1,0,0,0,0,946,391,197,92,38,14,0,0,4,4,4,193
2000,2573,2573,4572,17887924122,17888124022,1789940050493,2026-09-21 05:34:10.493,2026-09-21 17:33:45.107,43174.614,719.5769,15.19,mid,6.5411,651.24,1.0,1,1,1,0,0,0,947,392,198,92,38,14,0,0,0,5,5,194
2000,2574,2574,4573,17887924222,17888124122,1789940078687,2026-09-21 05:34:38.687,2026-09-21 17:33:59.812,43161.125,719.352083,1.45,low,6.5395,651.24,1.0,0,0,0,0,0,0,946,392,198,92,38,14,1,1,1,6,6,195
2000,2575,2575,4574,17887924322,17888124222,1789940091270,2026-09-21 05:34:51.270,2026-09-21 17:34:37.664,43186.394,719.773233,10.34,mid,6.5441,651.24,1.0,1,1,1,0,0,0,947,393,199,92,38,14,0,0,0,7,7,196
2000,2576,2576,4575,17887924422,17888124322,1789940133010,2026-09-21 05:35:33.010,2026-09-21 17:35:11.699,43178.689,719.644817,7.2,mid,6.5407,651.24,1.0,1,1,0,0,0,0,947,393,198,92,38,14,0,0,1,8,8,197
2000,2577,2577,4576,17887924522,17888124422,1789940161193,2026-09-21 05:36:01.193,2026-09-21 17:35:27.947,43166.754,719.4459,1.73,low,6.5393,651.24,1.0,0,0,0,0,0,0,946,393,198,92,38,14,1,1,2,9,9,198
2000,2578,2578,4577,17887924622,17888124522,1789940184357,2026-09-21 05:36:24.357,2026-09-21 17:35:38.292,43153.935,719.23225,1.0,low,6.5384,651.24,1.0,0,0,0,0,0,0,945,393,198,92,38,14,2,2,3,10,10,199
2000,2579,2579,4578,17887924722,17888124622,1789940236247,2026-09-21 05:37:16.247,2026-09-21 17:36:17.505,43141.258,719.020967,8.35,mid,6.5264,651.24,1.0,1,1,0,0,0,0,945,393,197,91,38,14,0,0,4,11,11,200
2000,2580,2580,4579,17887924822,17888124722,1789940258743,2026-09-21 05:37:38.743,2026-09-21 17:37:30.350,43191.607,719.860117,184.84,extra,6.6174,651.24,1.0,1,1,1,1,1,1,945,394,198,92,39,15,0,0,0,0,0,0
2000,2581,2581,4580,17887924922,17888124822,1789940272340,2026-09-21 05:37:52.340,2026-09-21 17:38:06.295,43213.955,720.232583,8.71,mid,6.6211,651.24,1.0,1,1,0,0,0,0,946,395,198,92,39,15,0,0,1,1,1,1
2000,2582,2582,4581,17887925022,17888124922,1789940284770,2026-09-21 05:38:04.770,2026-09-21 17:38:20.270,43215.5,720.258333,1.43,low,6.6212,651.24,1.0,0,0,0,0,0,0,946,395,198,92,39,15,1,1,2,2,2,2
2000,2583,2583,4582,17887925122,17888125022,1789940309627,2026-09-21 05:38:29.627,2026-09-21 17:38:44.196,43214.569,720.242817,3.1,mid,6.621,651.24,1.0,1,0,0,0,0,0,946,395,198,92,39,15,0,2,3,3,3,3
2000,2584,2584,4583,17887925222,17888125122,1789940322903,2026-09-21 05:38:42.903,2026-09-21 17:38:54.266,43211.363,720.189383,1.0,low,6.6209,651.24,1.0,0,0,0,0,0,0,946,395,198,92,39,15,1,3,4,4,4,4
2000,2585,2585,4584,17887925322,17888125222,1789940350080,2026-09-21 05:39:10.080,2026-09-21 17:39:21.384,43211.304,720.1884,4.25,mid,6.6209,651.24,1.0,1,0,0,0,0,0,946,395,198,92,39,15,0,4,5,5,5,5
2000,2586,2586,4585,17887925422,17888125322,1789940361470,2026-09-21 05:39:21.470,2026-09-21 17:39:35.888,43214.418,720.2403,1.43,low,6.6211,651.24,1.0,0,0,0,0,0,0,946,395,198,92,39,15,1,5,6,6,6,6
2000,2587,2587,4586,17887925522,17888125422,1789940378427,2026-09-21 05:39:38.427,2026-09-21 17:39:48.206,43209.779,720.162983,1.19,low,6.6208,651.24,1.0,0,0,0,0,0,0,946,395,198,92,39,15,2,6,7,7,7,7
2000,2588,2588,4587,17887925622,17888125522,1789940401423,2026-09-21 05:40:01.423,2026-09-21 17:40:25.053,43223.63,720.393833,9.34,mid,6.624,651.24,1.0,1,1,0,0,0,0,946,396,198,92,39,15,0,0,8,8,8,8
2000,2589,2589,4588,17887925722,17888125622,1789940415643,2026-09-21 05:40:15.643,2026-09-21 17:40:55.164,43239.521,720.658683,5.42,mid,6.626,651.24,1.0,1,1,0,0,0,0,947,397,198,92,39,15,0,0,9,9,9,9
2000,2590,2590,4589,17887925822,17888125722,1789940441100,2026-09-21 05:40:41.100,2026-09-21 17:41:06.399,43225.299,720.42165,1.08,low,6.6247,651.24,1.0,0,0,0,0,0,0,946,397,198,92,39,15,1,1,10,10,10,10
2000,2591,2591,4590,17887925922,17888125822,1789940456373,2026-09-21 05:40:56.373,2026-09-21 17:41:23.692,43227.319,720.455317,1.88,low,6.6249,651.24,1.0,0,0,0,0,0,0,946,397,198,92,39,15,2,2,11,11,11,11
2000,2592,2592,4591,17887926022,17888125922,1789940468863,2026-09-21 05:41:08.863,2026-09-21 17:41:51.090,43242.227,720.703783,4.16,mid,6.6263,651.24,1.0,1,0,0,0,0,0,947,397,198,92,39,15,0,3,12,12,12,12
2000,2593,2593,4592,17887926122,17888126022,1789940509990,2026-09-21 05:41:49.990,2026-09-21 17:42:03.505,43213.515,720.22525,1.25,low,6.6203,651.24,1.0,0,0,0,0,0,0,946,396,197,92,39,15,1,4,13,13,13,13
2000,2594,2594,4593,17887926222,17888126122,1789940521450,2026-09-21 05:42:01.450,2026-09-21 17:42:43.391,43241.941,720.699017,11.89,mid,6.6257,651.24,1.0,1,1,1,0,0,0,947,397,198,92,39,15,0,0,0,14,14,14
2000,2595,2595,4594,17887926322,17888126222,1789940587157,2026-09-21 05:43:07.157,2026-09-21 17:42:56.591,43189.434,719.8239,1.0,low,6.5753,651.24,1.0,0,0,0,0,0,0,946,396,197,91,38,14,1,1,1,15,15,15
2000,2596,2596,4595,17887926422,17888126322,1789940599967,2026-09-21 05:43:19.967,2026-09-21 17:43:37.593,43217.626,720.293767,12.98,mid,6.5811,651.24,1.0,1,1,1,0,0,0,947,397,198,91,38,14,0,0,0,16,16,16
2000,2597,2597,4596,17887926522,17888126422,1789940610330,2026-09-21 05:43:30.330,2026-09-21 17:44:01.928,43231.598,720.526633,3.27,mid,6.5823,651.24,1.0,1,0,0,0,0,0,948,397,198,91,38,14,0,1,1,17,17,17
2000,2598,2598,4597,17887926622,17888126522,1789940633550,2026-09-21 05:43:53.550,2026-09-21 17:44:13.612,43220.062,720.334367,1.15,low,6.5813,651.24,1.0,0,0,0,0,0,0,947,397,198,91,38,14,1,2,2,18,18,18
2000,2599,2599,4598,17887926722,17888126622,1789940662927,2026-09-21 05:44:22.927,2026-09-21 17:44:23.612,43200.685,720.011417,1.0,low,6.5793,651.24,1.0,0,0,0,0,0,0,946,397,198,91,38,14,2,3,3,19,19,19
2000,2600,2600,4599,17887926822,17888126722,1789940679070,2026-09-21 05:44:39.070,2026-09-21 17:44:41.153,43202.083,720.034717,1.87,low,6.5794,651.24,1.0,0,0,0,0,0,0,946,397,198,91,38,14,3,4,4,20,20,20
2000,2601,2601,4600,17887926922,17888126822,1789940696753,2026-09-21 05:44:56.753,2026-09-21 17:44:53.549,43196.796,719.9466,1.22,low,6.5791,651.24,1.0,0,0,0,0,0,0,946,397,198,91,38,14,4,5,5,21,21,21
2000,2602,2602,4601,17887927022,17888126922,1789940712827,2026-09-21 05:45:12.827,2026-09-21 17:45:05.645,43192.818,719.8803,1.19,low,6.5789,651.24,1.0,0,0,0,0,0,0,946,397,198,91,38,14,5,6,6,22,22,22
2000,2603,2603,4602,17887927122,17888127022,1789940739667,2026-09-21 05:45:39.667,2026-09-21 17:45:21.605,43181.938,719.698967,1.64,low,6.5777,651.24,1.0,0,0,0,0,0,0,945,397,198,91,38,14,6,7,7,23,23,23
2000,2604,2604,4603,17887927222,17888127122,1789940754667,2026-09-21 05:45:54.667,2026-09-21 17:45:38.225,43183.558,719.725967,1.7,low,6.5778,651.24,1.0,0,0,0,0,0,0,945,397,198,91,38,14,7,8,8,24,24,24
2000,2605,2605,4604,17887927322,17888127222,1789940768807,2026-09-21 05:46:08.807,2026-09-21 17:46:07.746,43198.939,719.982317,4.96,mid,6.5795,651.24,1.0,1,0,0,0,0,0,946,397,198,91,38,14,0,9,9,25,25,25
2000,2606,2606,4605,17887927422,17888127322,1789940800000,2026-09-21 05:46:40.000,2026-09-21 17:46:45.920,43205.92,720.098667,10.34,mid,6.5818,651.24,1.0,1,1,1,0,0,0,946,397,199,91,38,14,0,0,0,26,26,26
2000,2607,2607,4606,17887927522,17888127422,1789940810103,2026-09-21 05:46:50.103,2026-09-21 17:46:56.450,43206.347,720.105783,1.02,low,6.5818,651.24,1.0,0,0,0,0,0,0,946,397,199,91,38,14,1,1,1,27,27,27
2000,2608,2608,4607,17887927622,17888127522,1789940823000,2026-09-21 05:47:03.000,2026-09-21 17:47:08.470,43205.47,720.091167,1.21,low,6.5818,651.24,1.0,0,0,0,0,0,0,946,397,199,91,38,14,2,2,2,28,28,28
2000,2609,2609,4608,17887927722,17888127622,1789940852193,2026-09-21 05:47:32.193,2026-09-21 17:47:50.205,43218.012,720.3002,13.75,mid,6.5862,651.24,1.0,1,1,1,0,0,0,946,398,200,91,38,14,0,0,0,29,29,29
2000,2610,2610,4609,17887927822,17888127722,1789940884353,2026-09-21 05:48:04.353,2026-09-21 17:48:00.474,43196.121,719.93535,1.05,low,6.5836,651.24,1.0,0,0,0,0,0,0,945,397,200,91,38,14,1,1,1,30,30,30
2000,2611,2611,4610,17887927922,17888127822,1789940894960,2026-09-21 05:48:14.960,2026-09-21 17:48:11.446,43196.486,719.941433,1.08,low,6.5836,651.24,1.0,0,0,0,0,0,0,945,397,200,91,38,14,2,2,2,31,31,31
2000,2612,2612,4611,17887928022,17888127922,1789940929103,2026-09-21 05:48:49.103,2026-09-21 17:48:34.871,43185.768,719.7628,2.93,mid,6.5814,651.24,1.0,1,0,0,0,0,0,945,396,200,91,38,14,0,3,3,32,32,32
2000,2613,2613,4612,17887928122,17888128022,1789940939173,2026-09-21 05:48:59.173,2026-09-21 17:48:48.778,43189.605,719.82675,1.42,low,6.5816,651.24,1.0,0,0,0,0,0,0,945,396,200,91,38,14,1,4,4,33,33,33
2000,2614,2614,4613,17887928222,17888128122,1789940959190,2026-09-21 05:49:19.190,2026-09-21 17:49:05.322,43186.132,719.768867,1.71,low,6.5813,651.24,1.0,0,0,0,0,0,0,944,396,200,91,38,14,2,5,5,34,34,34
2000,2615,2615,4614,17887928322,17888128222,1789941003210,2026-09-21 05:50:03.210,2026-09-21 17:49:33.157,43169.947,719.499117,4.23,mid,6.575,651.24,1.0,1,0,0,0,0,0,944,395,199,91,38,14,0,6,6,35,35,35
2000,2616,2616,4615,17887928422,17888128322,1789941043697,2026-09-21 05:50:43.697,2026-09-21 17:50:00.951,43157.254,719.287567,4.37,mid,6.5709,651.24,1.0,1,0,0,0,0,0,944,394,198,91,38,14,0,7,7,36,36,36
2000,2617,2617,4616,17887928522,17888128422,1789941056733,2026-09-21 05:50:56.733,2026-09-21 17:50:13.979,43157.246,719.287433,1.34,low,6.5709,651.24,1.0,0,0,0,0,0,0,944,394,198,91,38,14,1,8,8,37,37,37
2000,2618,2618,4617,17887928622,17888128522,1789941069893,2026-09-21 05:51:09.893,2026-09-21 17:50:34.015,43164.122,719.402033,2.32,mid,6.5714,651.24,1.0,1,0,0,0,0,0,945,394,198,91,38,14,0,9,9,38,38,38
2000,2619,2619,4618,17887928722,17888128622,1789941108957,2026-09-21 05:51:48.957,2026-09-21 17:50:55.321,43146.364,719.106067,2.55,mid,6.5671,651.24,1.0,1,0,0,0,0,0,945,393,197,91,38,14,0,10,10,39,39,39
2000,2620,2620,4619,17887928822,17888128722,1789941126113,2026-09-21 05:52:06.113,2026-09-21 17:51:19.864,43153.751,719.229183,3.19,mid,6.5678,651.24,1.0,1,0,0,0,0,0,946,393,197,91,38,14,0,11,11,40,40,40
2000,2621,2621,4620,17887928922,17888128822,1789941137673,2026-09-21 05:52:17.673,2026-09-21 17:51:59.966,43182.293,719.704883,12.25,mid,6.5733,651.24,1.0,1,1,1,0,0,0,947,394,198,91,38,14,0,0,0,41,41,41
2000,2622,2622,4621,17887929022,17888128922,1789941162667,2026-09-21 05:52:42.667,2026-09-21 17:52:15.435,43172.768,719.546133,1.54,low,6.5724,651.24,1.0,0,0,0,0,0,0,946,394,198,91,38,14,1,1,1,42,42,42
2000,2623,2623,4622,17887929122,17888129022,1789941179743,2026-09-21 05:52:59.743,2026-09-21 17:52:54.626,43194.883,719.914717,11.92,mid,6.5774,651.24,1.0,1,1,1,0,0,0,947,395,199,91,38,14,0,0,0,43,43,43
2000,2624,2624,4623,17887929222,17888129122,1789941189983,2026-09-21 05:53:09.983,2026-09-21 17:53:19.384,43209.401,720.156683,3.28,mid,6.5786,651.24,1.0,1,0,0,0,0,0,948,395,199,91,38,14,0,1,1,44,44,44
2000,2625,2625,4624,17887929322,17888129222,1789941272600,2026-09-21 05:54:32.600,2026-09-21 17:53:48.346,43155.746,719.262433,4.83,mid,6.3746,651.24,1.0,1,0,0,0,0,0,948,394,198,90,37,13,0,2,2,45,45,45
2000,2626,2626,4625,17887929422,17888129322,1789941286143,2026-09-21 05:54:46.143,2026-09-21 17:54:02.297,43156.154,719.269233,1.34,low,6.3746,651.24,1.0,0,0,0,0,0,0,948,394,198,90,37,13,1,3,3,46,46,46
2000,2627,2627,4626,17887929522,17888129422,1789941326573,2026-09-21 05:55:26.573,2026-09-21 17:54:26.452,43139.879,718.997983,3.36,mid,6.3701,651.24,1.0,1,0,0,0,0,0,948,393,197,90,37,13,0,4,4,47,47,47
2000,2628,2628,4627,17887929622,17888129522,1789941336680,2026-09-21 05:55:36.680,2026-09-21 17:54:43.009,43146.329,719.105483,1.33,low,6.3702,651.24,1.0,0,0,0,0,0,0,948,393,197,90,37,13,1,5,5,48,48,48
2000,2629,2629,4628,17887929722,17888129622,1789941351563,2026-09-21 05:55:51.563,2026-09-21 17:55:13.471,43161.908,719.365133,5.51,mid,6.3723,651.24,1.0,1,1,0,0,0,0,949,394,197,90,37,13,0,0,6,49,49,49
2000,2630,2630,4629,17887929822,17888129722,1789941364430,2026-09-21 05:56:04.430,2026-09-21 17:55:26.824,43162.394,719.373233,1.3,low,6.3723,651.24,1.0,0,0,0,0,0,0,949,394,197,90,37,13,1,1,7,50,50,50
2000,2631,2631,4630,17887929922,17888129822,1789941383793,2026-09-21 05:56:23.793,2026-09-21 17:56:04.233,43180.44,719.674,9.63,mid,6.376,651.24,1.0,1,1,0,0,0,0,949,395,197,90,37,13,0,0,8,51,51,51
2000,2632,2632,4631,17887930022,17888129922,1789941466420,2026-09-21 05:57:46.420,2026-09-21 17:56:15.465,43109.045,718.484083,1.1,low,6.1697,651.24,1.0,0,0,0,0,0,0,948,394,196,89,36,12,1,1,9,52,52,52
2000,2633,2633,4632,17887930122,17888130022,1789941478013,2026-09-21 05:57:58.013,2026-09-21 17:56:58.467,43140.454,719.007567,15.28,mid,6.1768,651.24,1.0,1,1,1,0,0,0,949,395,197,89,36,12,0,0,0,53,53,53
2000,2634,2634,4633,17887930222,17888130122,1789941493527,2026-09-21 05:58:13.527,2026-09-21 17:57:57.642,43184.115,719.73525,60.03,high,6.206,651.24,1.0,1,1,1,1,1,0,950,396,198,90,37,12,0,0,0,0,0,54
2000,2635,2635,4634,17887930322,17888130222,1789941506137,2026-09-21 05:58:26.137,2026-09-21 17:58:14.805,43188.668,719.811133,1.79,low,6.2063,651.24,1.0,0,0,0,0,0,0,950,396,198,90,37,12,1,1,1,1,1,55
2000,2636,2636,4635,17887930422,17888130322,1789941518167,2026-09-21 05:58:38.167,2026-09-21 17:58:27.310,43189.143,719.81905,1.26,low,6.2063,651.24,1.0,0,0,0,0,0,0,950,396,198,90,37,12,2,2,2,2,2,56
2000,2637,2637,4636,17887930522,17888130422,1789941535923,2026-09-21 05:58:55.923,2026-09-21 17:59:00.875,43204.952,720.082533,6.91,mid,6.2088,651.24,1.0,1,1,0,0,0,0,951,397,198,90,37,12,0,0,3,3,3,57
2000,2638,2638,4637,17887930622,17888130522,1789941553017,2026-09-21 05:59:13.017,2026-09-21 17:59:25.369,43212.352,720.205867,3.33,mid,6.2096,651.24,1.0,1,0,0,0,0,0,952,397,198,90,37,12,0,1,4,4,4,58
2000,2639,2639,4638,17887930722,17888130622,1789941577137,2026-09-21 05:59:37.137,2026-09-21 17:59:38.343,43201.206,720.0201,1.28,low,6.2086,651.24,1.0,0,0,0,0,0,0,951,397,198,90,37,12,1,2,5,5,5,59
2000,2640,2640,4639,17887930822,17888130722,1789941594563,2026-09-21 05:59:54.563,2026-09-21 17:59:59.383,43204.82,720.080333,2.5,mid,6.209,651.24,1.0,1,0,0,0,0,0,952,397,198,90,37,12,0,3,6,6,6,60
2000,2641,2641,4640,17887930922,17888130822,1789941604793,2026-09-21 06:00:04.793,2026-09-21 18:00:34.054,43229.261,720.487683,7.75,mid,6.2123,651.24,1.0,1,1,0,0,0,0,953,398,198,90,37,12,0,0,7,7,7,61
2000,2642,2642,4641,17887931022,17888130922,1789941618157,2026-09-21 06:00:18.157,2026-09-21 18:01:18.089,43259.932,720.998867,16.86,mid,6.2201,651.24,1.0,1,1,1,0,0,0,954,399,199,90,37,12,0,0,0,8,8,62
2000,2643,2643,4642,17887931122,17888131022,1789941653077,2026-09-21 06:00:53.077,2026-09-21 18:01:31.157,43238.08,720.634667,1.29,low,6.2168,651.24,1.0,0,0,0,0,0,0,953,398,199,90,37,12,1,1,1,9,9,63
2000,2644,2644,4643,17887931222,17888131122,1789941670090,2026-09-21 06:01:10.090,2026-09-21 18:02:03.101,43253.011,720.883517,6.18,mid,6.219,651.24,1.0,1,1,0,0,0,0,954,399,199,90,37,12,0,0,2,10,10,64
2000,2645,2645,4644,17887931322,17888131222,1789941682200,2026-09-21 06:01:22.200,2026-09-21 18:02:27.412,43265.212,721.086867,3.28,mid,6.22,651.24,1.0,1,0,0,0,0,0,955,399,199,90,37,12,0,1,3,11,11,65
2000,2646,2646,4645,17887931422,17888131322,1789941696363,2026-09-21 06:01:36.363,2026-09-21 18:02:47.447,43271.084,721.184733,2.3,mid,6.2205,651.24,1.0,1,0,0,0,0,0,956,399,199,90,37,12,0,2,4,12,12,66
2000,2647,2647,4646,17887931522,17888131422,1789941709820,2026-09-21 06:01:49.820,2026-09-21 18:03:05.555,43275.735,721.26225,1.96,low,6.2208,651.24,1.0,0,0,0,0,0,0,956,399,199,90,37,12,1,3,5,13,13,67
2000,2648,2648,4647,17887931622,17888131522,1789941720413,2026-09-21 06:02:00.413,2026-09-21 18:03:16.920,43276.507,721.275117,1.12,low,6.2208,651.24,1.0,0,0,0,0,0,0,956,399,199,90,37,12,2,4,6,14,14,68
2000,2649,2649,4648,17887931722,17888131622,1789941731650,2026-09-21 06:02:11.650,2026-09-21 18:03:36.637,43284.987,721.41645,2.24,mid,6.2214,651.24,1.0,1,0,0,0,0,0,957,399,199,90,37,12,0,5,7,15,15,69
2000,2650,2650,4649,17887931822,17888131722,1789941761603,2026-09-21 06:02:41.603,2026-09-21 18:04:10.064,43288.461,721.47435,6.99,mid,6.2223,651.24,1.0,1,1,0,0,0,0,957,399,199,90,37,12,0,0,8,16,16,70
2000,2651,2651,4650,17887931922,17888131822,1789941775580,2026-09-21 06:02:55.580,2026-09-21 18:04:23.039,43287.459,721.45765,1.28,low,6.2222,651.24,1.0,0,0,0,0,0,0,957,399,199,90,37,12,1,1,9,17,17,71
2000,2652,2652,4651,17887932022,17888131922,1789941786393,2026-09-21 06:03:06.393,2026-09-21 18:04:37.252,43290.859,721.514317,1.38,low,6.2224,651.24,1.0,0,0,0,0,0,0,957,399,199,90,37,12,2,2,10,18,18,72
2000,2653,2653,4652,17887932122,17888132022,1789941841297,2026-09-21 06:04:01.297,2026-09-21 18:04:49.882,43248.585,720.80975,1.21,low,6.2022,651.24,1.0,0,0,0,0,0,0,956,398,198,89,37,12,3,3,11,19,19,73
2000,2654,2654,4653,17887932222,17888132122,1789941860407,2026-09-21 06:04:20.407,2026-09-21 18:05:07.548,43247.141,720.785683,1.94,low,6.2021,651.24,1.0,0,0,0,0,0,0,955,398,198,89,37,12,4,4,12,20,20,74
2000,2655,2655,4654,17887932322,17888132222,1789941874045,2026-09-21 06:04:34.045,2026-09-21 18:05:27.347,43253.302,720.888367,1.73,low,6.2023,651.24,1.0,0,0,0,0,0,0,955,398,198,89,37,12,5,5,13,21,21,75
2000,2656,2656,4655,17887932422,17888132322,1789941890390,2026-09-21 06:04:50.390,2026-09-21 18:06:18.231,43287.841,721.464017,25.68,high,6.2143,651.24,1.0,1,1,1,1,0,0,956,399,199,90,37,12,0,0,0,0,22,76
2000,2657,2657,4656,17887932522,17888132422,1789941921890,2026-09-21 06:05:21.890,2026-09-21 18:06:38.243,43276.353,721.27255,1.85,low,6.2123,651.24,1.0,0,0,0,0,0,0,955,398,199,90,37,12,1,1,1,1,23,77
2000,2658,2658,4657,17887932622,17888132522,1789941933883,2026-09-21 06:05:33.883,2026-09-21 18:06:59.385,43285.502,721.425033,2.61,mid,6.213,651.24,1.0,1,0,0,0,0,0,956,398,199,90,37,12,0,2,2,2,24,78
2000,2659,2659,4658,17887932722,17888132622,1789941997777,2026-09-21 06:06:37.777,2026-09-21 18:07:17.887,43240.11,720.6685,2.02,mid,6.1702,651.24,1.0,1,0,0,0,0,0,956,397,198,89,36,12,0,3,3,3,25,79
2000,2660,2660,4659,17887932822,17888132722,1789942018187,2026-09-21 06:06:58.187,2026-09-21 18:07:37.460,43239.273,720.65455,2.18,mid,6.1701,651.24,1.0,1,0,0,0,0,0,956,397,198,89,36,12,0,4,4,4,26,80
2000,2661,2661,4660,17887932922,17888132822,1789942028777,2026-09-21 06:07:08.777,2026-09-21 18:07:48.410,43239.633,720.66055,1.1,low,6.1701,651.24,1.0,0,0,0,0,0,0,956,397,198,89,36,12,1,5,5,5,27,81
2000,2662,2662,4661,17887933022,17888132922,1789942046337,2026-09-21 06:07:26.337,2026-09-21 18:08:17.960,43251.623,720.860383,4.87,mid,6.1716,651.24,1.0,1,0,0,0,0,0,957,397,198,89,36,12,0,6,6,6,28,82
2000,2663,2663,4662,17887933122,17888133022,1789942061000,2026-09-21 06:07:41.000,2026-09-21 18:08:39.653,43258.653,720.97755,2.63,mid,6.1722,651.24,1.0,1,0,0,0,0,0,958,397,198,89,36,12,0,7,7,7,29,83
2000,2664,2664,4663,17887933222,17888133122,1789942080790,2026-09-21 06:08:00.790,2026-09-21 18:09:02.286,43261.496,721.024933,2.89,mid,6.1725,651.24,1.0,1,0,0,0,0,0,958,397,198,89,36,12,0,8,8,8,30,84
2000,2665,2665,4664,17887933322,17888133222,1789942098500,2026-09-21 06:08:18.500,2026-09-21 18:09:17.227,43258.727,720.978783,1.53,low,6.1724,651.24,1.0,0,0,0,0,0,0,958,397,198,89,36,12,1,9,9,9,31,85
2000,2666,2666,4665,17887933422,17888133322,1789942126513,2026-09-21 06:08:46.513,2026-09-21 18:09:34.826,43248.313,720.805217,1.9,low,6.1711,651.24,1.0,0,0,0,0,0,0,957,397,198,89,36,12,2,10,10,10,32,86
2000,2667,2667,4666,17887933522,17888133422,1789942153563,2026-09-21 06:09:13.563,2026-09-21 18:10:31.377,43277.814,721.2969,43.77,high,6.1909,651.24,1.0,1,1,1,1,0,0,957,398,199,90,36,12,0,0,0,0,33,87
2000,2668,2668,4667,17887933622,17888133522,1789942190960,2026-09-21 06:09:50.960,2026-09-21 18:10:42.157,43251.197,720.853283,1.06,low,6.1866,651.24,1.0,0,0,0,0,0,0,956,397,199,90,36,12,1,1,1,1,34,88
2000,2669,2669,4668,17887933722,17888133622,1789942203357,2026-09-21 06:10:03.357,2026-09-21 18:11:10.650,43267.293,721.12155,4.68,mid,6.1883,651.24,1.0,1,0,0,0,0,0,957,397,199,90,36,12,0,2,2,2,35,89
2000,2670,2670,4669,17887933822,17888133722,1789942234863,2026-09-21 06:10:34.863,2026-09-21 18:11:23.381,43248.518,720.808633,1.28,low,6.186,651.24,1.0,0,0,0,0,0,0,956,396,199,90,36,12,1,3,3,3,36,90
2000,2671,2671,4670,17887933922,17888133822,1789942245687,2026-09-21 06:10:45.687,2026-09-21 18:11:44.919,43259.232,720.9872,2.54,mid,6.1867,651.24,1.0,1,0,0,0,0,0,957,396,199,90,36,12,0,4,4,4,37,91
2000,2672,2672,4671,17887934022,17888133922,1789942261257,2026-09-21 06:11:01.257,2026-09-21 18:11:55.527,43254.27,720.9045,1.05,low,6.1865,651.24,1.0,0,0,0,0,0,0,957,396,199,90,36,12,1,5,5,5,38,92
2000,2673,2673,4672,17887934122,17888134022,1789942275420,2026-09-21 06:11:15.420,2026-09-21 18:12:55.646,43300.226,721.670433,65.35,high,6.2184,651.24,1.0,1,1,1,1,1,0,958,397,200,91,37,12,0,0,0,0,0,93
2000,2674,2674,4673,17887934222,17888134122,1789942303813,2026-09-21 06:11:43.813,2026-09-21 18:13:06.590,43282.777,721.379617,1.08,low,6.2167,651.24,1.0,0,0,0,0,0,0,957,397,200,91,37,12,1,1,1,1,1,94
2000,2675,2675,4674,17887934322,17888134222,1789942319277,2026-09-21 06:11:59.277,2026-09-21 18:13:25.737,43286.46,721.441,2.1,mid,6.2169,651.24,1.0,1,0,0,0,0,0,958,397,200,91,37,12,0,2,2,2,2,95
2000,2676,2676,4675,17887934422,17888134322,1789942331477,2026-09-21 06:12:11.477,2026-09-21 18:13:48.821,43297.344,721.6224,2.98,mid,6.2178,651.24,1.0,1,0,0,0,0,0,959,397,200,91,37,12,0,3,3,3,3,96
2000,2677,2677,4676,17887934522,17888134422,1789942353250,2026-09-21 06:12:33.250,2026-09-21 18:13:59.484,43286.234,721.437233,1.0,low,6.217,651.24,1.0,0,0,0,0,0,0,958,397,200,91,37,12,1,4,4,4,4,97
2000,2678,2678,4677,17887934622,17888134522,1789942394547,2026-09-21 06:13:14.547,2026-09-21 18:14:30.036,43275.489,721.25815,5.68,mid,6.2131,651.24,1.0,1,1,0,0,0,0,958,397,199,91,37,12,0,0,5,5,5,98
2000,2679,2679,4678,17887934722,17888134622,1789942414970,2026-09-21 06:13:34.970,2026-09-21 18:14:40.487,43265.517,721.09195,1.03,low,6.2125,651.24,1.0,0,0,0,0,0,0,957,397,199,91,37,12,1,1,6,6,6,99
2000,2680,2680,4679,17887934822,17888134722,1789942437693,2026-09-21 06:13:57.693,2026-09-21 18:15:11.119,43273.426,721.223767,5.6,mid,6.2138,651.24,1.0,1,1,0,0,0,0,957,398,199,91,37,12,0,0,7,7,7,100
2000,2681,2681,4680,17887934922,17888134822,1789942459410,2026-09-21 06:14:19.410,2026-09-21 18:15:38.497,43279.087,721.318117,4.21,mid,6.2146,651.24,1.0,1,0,0,0,0,0,957,398,199,91,37,12,0,1,8,8,8,101
2000,2682,2682,4681,17887935022,17888134922,1789942483507,2026-09-21 06:14:43.507,2026-09-21 18:15:48.972,43265.465,721.091083,1.02,low,6.2135,651.24,1.0,0,0,0,0,0,0,956,398,199,91,37,12,1,2,9,9,9,102
2000,2683,2683,4682,17887935122,17888135022,1789942520450,2026-09-21 06:15:20.450,2026-09-21 18:16:01.928,43241.478,720.6913,1.26,low,6.2095,651.24,1.0,0,0,0,0,0,0,955,397,199,91,37,12,2,3,10,10,10,103
2000,2684,2684,4683,17887935222,17888135122,1789942536207,2026-09-21 06:15:36.207,2026-09-21 18:16:12.341,43236.134,720.602233,1.02,low,6.2092,651.24,1.0,0,0,0,0,0,0,955,397,199,91,37,12,3,4,11,11,11,104
2000,2685,2685,4684,17887935322,17888135222,1789942575520,2026-09-21 06:16:15.520,2026-09-21 18:16:23.275,43207.755,720.12925,1.11,low,6.204,651.24,1.0,0,0,0,0,0,0,954,396,198,91,37,12,4,5,12,12,12,105
2000,2686,2686,4685,17887935422,17888135322,1789942594660,2026-09-21 06:16:34.660,2026-09-21 18:16:39.825,43205.165,720.086083,1.69,low,6.2038,651.24,1.0,0,0,0,0,0,0,953,396,198,91,37,12,5,6,13,13,13,106
2000,2687,2687,4686,17887935522,17888135422,1789942616853,2026-09-21 06:16:56.853,2026-09-21 18:16:59.250,43202.397,720.03995,2.19,mid,6.2035,651.24,1.0,1,0,0,0,0,0,953,396,198,91,37,12,0,7,14,14,14,107
2000,2688,2688,4687,17887935622,17888135522,1789942643053,2026-09-21 06:17:23.053,2026-09-21 18:17:24.630,43201.577,720.026283,3.56,mid,6.2034,651.24,1.0,1,0,0,0,0,0,953,396,198,91,37,12,0,8,15,15,15,108
2000,2689,2689,4688,17887935722,17888135622,1789942672300,2026-09-21 06:17:52.300,2026-09-21 18:17:42.302,43190.002,719.833367,1.89,low,6.2019,651.24,1.0,0,0,0,0,0,0,952,396,198,91,37,12,1,9,16,16,16,109
2000,2690,2690,4689,17887935822,17888135722,1789942696463,2026-09-21 06:18:16.463,2026-09-21 18:17:52.549,43176.086,719.601433,1.0,low,6.2008,651.24,1.0,0,0,0,0,0,0,951,396,198,91,37,12,2,10,17,17,17,110
2000,2691,2691,4690,17887935922,17888135822,1789942708030,2026-09-21 06:18:28.030,2026-09-21 18:18:10.290,43182.26,719.704333,1.9,low,6.2011,651.24,1.0,0,0,0,0,0,0,951,396,198,91,37,12,3,11,18,18,18,111
2000,2692,2692,4691,17887936022,17888135922,1789942721750,2026-09-21 06:18:41.750,2026-09-21 18:18:25.422,43183.672,719.727867,1.53,low,6.2012,651.24,1.0,0,0,0,0,0,0,951,396,198,91,37,12,4,12,19,19,19,112
2000,2693,2693,4692,17887936122,17888136022,1789942783837,2026-09-21 06:19:43.837,2026-09-21 18:18:40.673,43136.836,718.947267,1.55,low,6.1642,651.24,1.0,0,0,0,0,0,0,950,395,197,90,36,12,5,13,20,20,20,113
2000,2694,2694,4693,17887936222,17888136122,1789942795557,2026-09-21 06:19:55.557,2026-09-21 18:19:07.268,43151.711,719.195183,3.93,mid,6.1656,651.24,1.0,1,0,0,0,0,0,951,395,197,90,36,12,0,14,21,21,21,114
2000,2695,2695,4694,17887936322,17888136222,1789942819867,2026-09-21 06:20:19.867,2026-09-21 18:19:23.619,43143.752,719.062533,1.74,low,6.1649,651.24,1.0,0,0,0,0,0,0,950,395,197,90,36,12,1,15,22,22,22,115
2000,2696,2696,4695,17887936422,17888136322,1789942829963,2026-09-21 06:20:29.963,2026-09-21 18:19:36.250,43146.287,719.104783,1.21,low,6.165,651.24,1.0,0,0,0,0,0,0,950,395,197,90,36,12,2,16,23,23,23,116
2000,2697,2697,4696,17887936522,17888136422,1789942853373,2026-09-21 06:20:53.373,2026-09-21 18:20:12.012,43158.639,719.31065,8.47,mid,6.1677,651.24,1.0,1,1,0,0,0,0,950,396,197,90,36,12,0,0,24,24,24,117
2000,2698,2698,4697,17887936622,17888136522,1789942863477,2026-09-21 06:21:03.477,2026-09-21 18:20:22.386,43158.909,719.31515,1.05,low,6.1677,651.24,1.0,0,0,0,0,0,0,950,396,197,90,36,12,1,1,25,25,25,118
2000,2699,2699,4698,17887936722,17888136622,1789942881673,2026-09-21 06:21:21.673,2026-09-21 18:20:39.675,43158.002,719.300033,1.76,low,6.1676,651.24,1.0,0,0,0,0,0,0,950,396,197,90,36,12,2,2,26,26,26,119
2000,2700,2700,4699,17887936822,17888136722,1789942897403,2026-09-21 06:21:37.403,2026-09-21 18:21:13.523,43176.12,719.602,7.54,mid,6.1706,651.24,1.0,1,1,0,0,0,0,951,397,197,90,36,12,0,0,27,27,27,120
2000,2701,2701,4700,17887936922,17888136822,1789942913360,2026-09-21 06:21:53.360,2026-09-21 18:21:50.456,43197.096,719.9516,9.04,mid,6.1743,651.24,1.0,1,1,0,0,0,0,952,398,197,90,36,12,0,0,28,28,28,121
2000,2702,2702,4701,17887937022,17888136922,1789942924060,2026-09-21 06:22:04.060,2026-09-21 18:22:07.650,43203.59,720.059833,1.78,low,6.1746,651.24,1.0,0,0,0,0,0,0,952,398,197,90,36,12,1,1,29,29,29,122
2000,2703,2703,4702,17887937122,17888137022,1789942937510,2026-09-21 06:22:17.510,2026-09-21 18:23:05.651,43248.141,720.80235,55.18,high,6.2015,651.24,1.0,1,1,1,1,1,0,953,399,198,91,37,12,0,0,0,0,0,123
2000,2704,2704,4703,17887937222,17888137122,1789942974057,2026-09-21 06:22:54.057,2026-09-21 18:23:18.499,43224.442,720.407367,1.0,low,6.1975,651.24,1.0,0,0,0,0,0,0,952,398,198,91,37,12,1,1,1,1,1,124
2000,2705,2705,4704,17887937322,17888137222,1789943017443,2026-09-21 06:23:37.443,2026-09-21 18:23:28.839,43191.396,719.8566,1.04,low,6.1901,651.24,1.0,0,0,0,0,0,0,951,397,197,91,37,12,2,2,2,2,2,125
2000,2706,2706,4705,17887937422,17888137322,1789943031150,2026-09-21 06:23:51.150,2026-09-21 18:24:02.159,43211.009,720.183483,6.9,mid,6.1928,651.24,1.0,1,1,0,0,0,0,952,398,197,91,37,12,0,0,3,3,3,126
2000,2707,2707,4706,17887937522,17888137422,1789943044230,2026-09-21 06:24:04.230,2026-09-21 18:24:12.550,43208.32,720.138667,1.0,low,6.1927,651.24,1.0,0,0,0,0,0,0,952,398,197,91,37,12,1,1,4,4,4,127
2000,2708,2708,4707,17887937622,17888137522,1789943075543,2026-09-21 06:24:35.543,2026-09-21 18:24:25.316,43189.773,719.82955,1.22,low,6.1904,651.24,1.0,0,0,0,0,0,0,951,397,197,91,37,12,2,2,5,5,5,128
2000,2709,2709,4708,17887937722,17888137622,1789943097950,2026-09-21 06:24:57.950,2026-09-21 18:24:57.227,43199.277,719.98795,6.12,mid,6.192,651.24,1.0,1,1,0,0,0,0,951,398,197,91,37,12,0,0,6,6,6,129
2000,2710,2710,4709,17887937822,17888137722,1789943109387,2026-09-21 06:25:09.387,2026-09-21 18:25:09.360,43199.973,719.99955,1.21,low,6.1921,651.24,1.0,0,0,0,0,0,0,951,398,197,91,37,12,1,1,7,7,7,130
2000,2711,2711,4710,17887937922,17888137822,1789943122607,2026-09-21 06:25:22.607,2026-09-21 18:25:30.970,43208.363,720.139383,2.62,mid,6.1927,651.24,1.0,1,0,0,0,0,0,952,398,197,91,37,12,0,2,8,8,8,131
2000,2712,2712,4711,17887938022,17888137922,1789943133192,2026-09-21 06:25:33.192,2026-09-21 18:25:41.275,43208.083,720.134717,1.0,low,6.1927,651.24,1.0,0,0,0,0,0,0,952,398,197,91,37,12,1,3,9,9,9,132
2000,2713,2713,4712,17887938122,17888138022,1789943152243,2026-09-21 06:25:52.243,2026-09-21 18:25:53.139,43200.896,720.014933,1.14,low,6.1922,651.24,1.0,0,0,0,0,0,0,951,398,197,91,37,12,2,4,10,10,10,133
2000,2714,2714,4713,17887938222,17888138122,1789943168200,2026-09-21 06:26:08.200,2026-09-21 18:26:05.003,43196.803,719.946717,1.22,low,6.192,651.24,1.0,0,0,0,0,0,0,951,398,197,91,37,12,3,5,11,11,11,134
2000,2715,2715,4714,17887938322,17888138222,1789943187333,2026-09-21 06:26:27.333,2026-09-21 18:26:16.053,43188.72,719.812,1.06,low,6.1915,651.24,1.0,0,0,0,0,0,0,950,398,197,91,37,12,4,6,12,12,12,135
2000,2716,2716,4715,17887938422,17888138322,1789943201303,2026-09-21 06:26:41.303,2026-09-21 18:26:30.642,43189.339,719.822317,1.47,low,6.1915,651.24,1.0,0,0,0,0,0,0,950,398,197,91,37,12,5,7,13,13,13,136
2000,2717,2717,4716,17887938522,17888138422,1789943224690,2026-09-21 06:27:04.690,2026-09-21 18:27:12.793,43208.103,720.13505,14.75,mid,6.1974,651.24,1.0,1,1,1,0,0,0,950,399,198,91,37,12,0,0,0,14,14,137
2000,2718,2718,4717,17887938622,17888138522,1789943234780,2026-09-21 06:27:14.780,2026-09-21 18:27:28.696,43213.916,720.231933,1.58,low,6.1976,651.24,1.0,0,0,0,0,0,0,950,399,198,91,37,12,1,1,1,15,15,138
2000,2719,2719,4718,17887938722,17888138622,1789943248227,2026-09-21 06:27:28.227,2026-09-21 18:27:44.831,43216.604,720.276733,1.62,low,6.1978,651.24,1.0,0,0,0,0,0,0,950,399,198,91,37,12,2,2,2,16,16,139
2000,2720,2720,4719,17887938822,17888138722,1789943271233,2026-09-21 06:27:51.233,2026-09-21 18:28:16.547,43225.314,720.4219,6.16,mid,6.1994,651.24,1.0,1,1,0,0,0,0,950,400,198,91,37,12,0,0,3,17,17,140
2000,2721,2721,4720,17887938922,17888138822,1789943298900,2026-09-21 06:28:18.900,2026-09-21 18:28:31.527,43212.627,720.21045,1.57,low,6.198,651.24,1.0,0,0,0,0,0,0,949,400,198,91,37,12,1,1,4,18,18,141
2000,2722,2722,4721,17887939022,17888138922,1789943309973,2026-09-21 06:28:29.973,2026-09-21 18:28:47.051,43217.078,720.284633,1.55,low,6.1982,651.24,1.0,0,0,0,0,0,0,949,400,198,91,37,12,2,2,5,19,19,142
2000,2723,2723,4722,17887939122,17888139022,1789943337703,2026-09-21 06:28:57.703,2026-09-21 18:28:57.852,43200.149,720.002483,1.06,low,6.1966,651.24,1.0,0,0,0,0,0,0,948,400,198,91,37,12,3,3,6,20,20,143
2000,2724,2724,4723,17887939222,17888139122,1789943351563,2026-09-21 06:29:11.563,2026-09-21 18:29:12.016,43200.453,720.00755,1.41,low,6.1966,651.24,1.0,0,0,0,0,0,0,948,400,198,91,37,12,4,4,7,21,21,144
2000,2725,2725,4724,17887939322,17888139222,1789943362713,2026-09-21 06:29:22.713,2026-09-21 18:29:24.187,43201.474,720.024567,1.2,low,6.1967,651.24,1.0,0,0,0,0,0,0,948,400,198,91,37,12,5,5,8,22,22,145
2000,2726,2726,4725,17887939422,17888139322,1789943388160,2026-09-21 06:29:48.160,2026-09-21 18:29:51.463,43203.303,720.05505,4.07,mid,6.1969,651.24,1.0,1,0,0,0,0,0,948,400,198,91,37,12,0,6,9,23,23,146
2000,2727,2727,4726,17887939522,17888139422,1789943409263,2026-09-21 06:30:09.263,2026-09-21 18:30:36.933,43227.67,720.461167,19.71,mid,6.2055,651.24,1.0,1,1,1,0,0,0,948,401,199,91,37,12,0,0,0,24,24,147
2000,2728,2728,4727,17887939622,17888139522,1789943423917,2026-09-21 06:30:23.917,2026-09-21 18:30:51.589,43227.672,720.4612,1.5,low,6.2055,651.24,1.0,0,0,0,0,0,0,948,401,199,91,37,12,1,1,1,25,25,148
2000,2729,2729,4728,17887939722,17888139622,1789943463577,2026-09-21 06:31:03.577,2026-09-21 18:31:10.058,43206.481,720.108017,1.92,low,6.2006,651.24,1.0,0,0,0,0,0,0,947,400,198,91,37,12,2,2,2,26,26,149
2000,2730,2730,4729,17887939822,17888139722,1789943485820,2026-09-21 06:31:25.820,2026-09-21 18:31:35.869,43210.049,720.167483,3.8,mid,6.2011,651.24,1.0,1,0,0,0,0,0,947,400,198,91,37,12,0,3,3,27,27,150
2000,2731,2731,4730,17887939922,17888139822,1789943499590,2026-09-21 06:31:39.590,2026-09-21 18:32:27.537,43247.947,720.799117,31.17,high,6.216,651.24,1.0,1,1,1,1,0,0,948,401,199,92,37,12,0,0,0,0,28,151
2000,2732,2732,4731,17887940022,17888139922,1789943510957,2026-09-21 06:31:50.957,2026-09-21 18:32:42.324,43251.367,720.856117,1.48,low,6.2162,651.24,1.0,0,0,0,0,0,0,948,401,199,92,37,12,1,1,1,1,29,152
2000,2733,2733,4732,17887940122,17888140022,1789943521037,2026-09-21 06:32:01.037,2026-09-21 18:33:18.657,43277.62,721.293667,8.85,mid,6.2201,651.24,1.0,1,1,0,0,0,0,949,402,199,92,37,12,0,0,2,2,30,153
2000,2734,2734,4733,17887940222,17888140122,1789943575173,2026-09-21 06:32:55.173,2026-09-21 18:33:37.311,43242.138,720.7023,2.02,mid,6.2017,651.24,1.0,1,0,0,0,0,0,949,401,198,91,37,12,0,1,3,3,31,154
2000,2735,2735,4734,17887940322,17888140222,1789943593090,2026-09-21 06:33:13.090,2026-09-21 18:33:48.030,43234.94,720.582333,1.06,low,6.2012,651.24,1.0,0,0,0,0,0,0,949,401,198,91,37,12,1,2,4,4,32,155
2000,2736,2736,4735,17887940422,17888140322,1789943603163,2026-09-21 06:33:23.163,2026-09-21 18:34:04.127,43240.964,720.682733,1.66,low,6.2016,651.24,1.0,0,0,0,0,0,0,949,401,198,91,37,12,2,3,5,5,33,156
2000,2737,2737,4736,17887940522,17888140422,1789943637683,2026-09-21 06:33:57.683,2026-09-21 18:34:16.501,43218.818,720.313633,1.25,low,6.1984,651.24,1.0,0,0,0,0,0,0,948,400,198,91,37,12,3,4,6,6,34,157
2000,2738,2738,4737,17887940622,17888140522,1789943651903,2026-09-21 06:34:11.903,2026-09-21 18:34:36.403,43224.5,720.408333,2.26,mid,6.1988,651.24,1.0,1,0,0,0,0,0,949,400,198,91,37,12,0,5,7,7,35,158
2000,2739,2739,4738,17887940722,17888140622,1789943668647,2026-09-21 06:34:28.647,2026-09-21 18:34:48.286,43219.639,720.327317,1.15,low,6.1985,651.24,1.0,0,0,0,0,0,0,949,400,198,91,37,12,1,6,8,8,36,159
2000,2740,2740,4739,17887940822,17888140722,1789943690943,2026-09-21 06:34:50.943,2026-09-21 18:35:04.428,43213.485,720.22475,1.66,low,6.1979,651.24,1.0,0,0,0,0,0,0,948,400,198,91,37,12,2,7,9,9,37,160
2000,2741,2741,4740,17887940922,17888140822,1789943703697,2026-09-21 06:35:03.697,2026-09-21 18:35:29.589,43225.892,720.431533,3.5,mid,6.1991,651.24,1.0,1,0,0,0,0,0,949,400,198,91,37,12,0,8,10,10,38,161
2000,2742,2742,4741,17887941022,17888140922,1789943718247,2026-09-21 06:35:18.247,2026-09-21 18:35:42.934,43224.687,720.41145,1.35,low,6.199,651.24,1.0,0,0,0,0,0,0,949,400,198,91,37,12,1,9,11,11,39,162
2000,2743,2743,4742,17887941122,17888141022,1789943748786,2026-09-21 06:35:48.786,2026-09-21 18:36:02.515,43213.729,720.228817,2.19,mid,6.1973,651.24,1.0,1,0,0,0,0,0,949,399,198,91,37,12,0,10,12,12,40,163
2000,2744,2744,4743,17887941222,17888141122,1789943761083,2026-09-21 06:36:01.083,2026-09-21 18:36:48.585,43247.502,720.7917,19.85,mid,6.2067,651.24,1.0,1,1,1,0,0,0,950,400,199,91,37,12,0,0,0,13,41,164
2000,2745,2745,4744,17887941322,17888141222,1789943814377,2026-09-21 06:36:54.377,2026-09-21 18:37:19.809,43225.432,720.423867,5.76,mid,6.1914,651.24,1.0,1,1,0,0,0,0,950,400,198,90,37,12,0,0,1,14,42,165
2000,2746,2746,4745,17887941422,17888141322,1789943826653,2026-09-21 06:37:06.653,2026-09-21 18:37:33.411,43226.758,720.445967,1.31,low,6.1914,651.24,1.0,0,0,0,0,0,0,950,400,198,90,37,12,1,1,2,15,43,166
2000,2747,2747,4746,17887941522,17888141422,1789943844030,2026-09-21 06:37:24.030,2026-09-21 18:37:45.492,43221.462,720.3577,1.22,low,6.1911,651.24,1.0,0,0,0,0,0,0,950,400,198,90,37,12,2,2,3,16,44,167
2000,2748,2748,4747,17887941622,17888141522,1789943864133,2026-09-21 06:37:44.133,2026-09-21 18:38:17.583,43233.45,720.5575,6.22,mid,6.1931,651.24,1.0,1,1,0,0,0,0,950,401,198,90,37,12,0,0,4,17,45,168
2000,2749,2749,4748,17887941722,17888141622,1789943889510,2026-09-21 06:38:09.510,2026-09-21 18:38:33.250,43223.74,720.395667,1.56,low,6.1921,651.24,1.0,0,0,0,0,0,0,949,401,198,90,37,12,1,1,5,18,46,169
2000,2750,2750,4749,17887941822,17888141722,1789943899600,2026-09-21 06:38:19.600,2026-09-21 18:39:20.149,43260.549,721.00915,21.67,mid,6.2024,651.24,1.0,1,1,1,1,0,0,950,402,199,91,37,12,0,0,0,0,47,170
2000,2751,2751,4750,17887941922,17888141822,1789943928817,2026-09-21 06:38:48.817,2026-09-21 18:39:31.106,43242.289,720.704817,1.05,low,6.2005,651.24,1.0,0,0,0,0,0,0,949,402,199,91,37,12,1,1,1,1,48,171
2000,2752,2752,4751,17887942022,17888141922,1789943939597,2026-09-21 06:38:59.597,2026-09-21 18:39:48.974,43249.377,720.82295,1.93,low,6.2009,651.24,1.0,0,0,0,0,0,0,949,402,199,91,37,12,2,2,2,2,49,172
2000,2753,2753,4752,17887942122,17888142022,1789943965253,2026-09-21 06:39:25.253,2026-09-21 18:40:20.191,43254.938,720.915633,5.83,mid,6.202,651.24,1.0,1,1,0,0,0,0,949,403,199,91,37,12,0,0,3,3,50,173
2000,2754,2754,4753,17887942222,17888142122,1789943986980,2026-09-21 06:39:46.980,2026-09-21 18:40:34.352,43247.372,720.789533,1.18,low,6.2012,651.24,1.0,0,0,0,0,0,0,948,403,199,91,37,12,1,1,4,4,51,174
2000,2755,2755,4754,17887942322,17888142222,1789944041603,2026-09-21 06:40:41.603,2026-09-21 18:40:47.033,43205.43,720.0905,1.24,low,6.1816,651.24,1.0,0,0,0,0,0,0,947,402,198,90,37,12,2,2,5,5,52,175
2000,2756,2756,4755,17887942422,17888142322,1789944057103,2026-09-21 06:40:57.103,2026-09-21 18:41:06.976,43209.873,720.16455,2.27,mid,6.1819,651.24,1.0,1,0,0,0,0,0,948,402,198,90,37,12,0,3,6,6,53,176
2000,2757,2757,4756,17887942522,17888142422,1789944102127,2026-09-21 06:41:42.127,2026-09-21 18:41:20.394,43178.267,719.637783,1.28,low,6.1734,651.24,1.0,0,0,0,0,0,0,947,401,197,90,37,12,1,4,7,7,54,177
2000,2758,2758,4757,17887942622,17888142522,1789944116427,2026-09-21 06:41:56.427,2026-09-21 18:41:33.332,43176.905,719.615083,1.23,low,6.1733,651.24,1.0,0,0,0,0,0,0,947,401,197,90,37,12,2,5,8,8,55,178
2000,2759,2759,4758,17887942722,17888142622,1789944142170,2026-09-21 06:42:22.170,2026-09-21 18:41:51.586,43169.416,719.490267,1.48,low,6.1722,651.24,1.0,0,0,0,0,0,0,946,401,197,90,37,12,3,6,9,9,56,179
2000,2760,2760,4759,17887942822,17888142722,1789944164540,2026-09-21 06:42:44.540,2026-09-21 18:42:01.846,43157.306,719.288433,1.0,low,6.1713,651.24,1.0,0,0,0,0,0,0,945,401,197,90,37,12,4,7,10,10,57,180
2000,2761,2761,4760,17887942922,17888142822,1789944194113,2026-09-21 06:43:14.113,2026-09-21 18:42:39.496,43165.383,719.42305,9.87,mid,6.1737,651.24,1.0,1,1,0,0,0,0,945,401,197,90,37,12,0,0,11,11,58,181
2000,2762,2762,4761,17887943022,17888142922,1789944212863,2026-09-21 06:43:32.863,2026-09-21 18:42:50.351,43157.488,719.291467,1.04,low,6.1732,651.24,1.0,0,0,0,0,0,0,944,401,197,90,37,12,1,1,12,12,59,182
2000,2763,2763,4762,17887943122,17888143022,1789944223593,2026-09-21 06:43:43.593,2026-09-21 18:43:03.049,43159.456,719.324267,1.3,low,6.1733,651.24,1.0,0,0,0,0,0,0,944,401,197,90,37,12,2,2,13,13,60,183
2000,2764,2764,4763,17887943222,17888143122,1789944250393,2026-09-21 06:44:10.393,2026-09-21 18:43:15.988,43145.595,719.09325,1.3,low,6.1719,651.24,1.0,0,0,0,0,0,0,943,401,197,90,37,12,3,3,14,14,61,184
2000,2765,2765,4764,17887943322,17888143222,1789944265053,2026-09-21 06:44:25.053,2026-09-21 18:43:27.891,43142.838,719.0473,1.11,low,6.1718,651.24,1.0,0,0,0,0,0,0,943,401,197,90,37,12,4,4,15,15,62,185
2000,2766,2766,4765,17887943422,17888143322,1789944285023,2026-09-21 06:44:45.023,2026-09-21 18:43:43.911,43138.888,718.981467,1.66,low,6.1715,651.24,1.0,0,0,0,0,0,0,942,401,197,90,37,12,5,5,16,16,63,186
2000,2767,2767,4766,17887943522,17888143422,1789944304320,2026-09-21 06:45:04.320,2026-09-21 18:44:05.993,43141.673,719.027883,2.58,mid,6.1717,651.24,1.0,1,0,0,0,0,0,942,401,197,90,37,12,0,6,17,17,64,187
2000,2768,2768,4767,17887943622,17888143522,1789944317197,2026-09-21 06:45:17.197,2026-09-21 18:44:26.451,43149.254,719.154233,2.48,mid,6.1723,651.24,1.0,1,0,0,0,0,0,943,401,197,90,37,12,0,7,18,18,65,188
2000,2769,2769,4768,17887943722,17888143622,1789944339583,2026-09-21 06:45:39.583,2026-09-21 18:44:47.995,43148.412,719.1402,2.52,mid,6.1721,651.24,1.0,1,0,0,0,0,0,943,401,197,90,37,12,0,8,19,19,66,189
2000,2770,2770,4769,17887943822,17888143722,1789944359220,2026-09-21 06:45:59.220,2026-09-21 18:44:58.469,43139.249,718.987483,1.0,low,6.1715,651.24,1.0,0,0,0,0,0,0,942,401,197,90,37,12,1,9,20,20,67,190
2000,2771,2771,4770,17887943922,17888143822,1789944371013,2026-09-21 06:46:11.013,2026-09-21 18:45:36.424,43165.411,719.423517,10.26,mid,6.1761,651.24,1.0,1,1,1,0,0,0,943,402,198,90,37,12,0,0,0,21,68,191
2000,2772,2772,4771,17887944022,17888143922,1789944398207,2026-09-21 06:46:38.207,2026-09-21 18:46:17.702,43179.495,719.65825,13.25,mid,6.1806,651.24,1.0,1,1,1,0,0,0,943,403,199,90,37,12,0,0,0,22,69,192
2000,2773,2773,4772,17887944122,17888144022,1789944409667,2026-09-21 06:46:49.667,2026-09-21 18:46:32.859,43183.192,719.719867,1.27,low,6.1807,651.24,1.0,0,0,0,0,0,0,943,403,199,90,37,12,1,1,1,23,70,193
2000,2774,2774,4773,17887944222,17888144122,1789944432333,2026-09-21 06:47:12.333,2026-09-21 18:46:47.010,43174.677,719.57795,1.42,low,6.18,651.24,1.0,0,0,0,0,0,0,942,403,199,90,37,12,2,2,2,24,71,194
2000,2775,2775,4774,17887944322,17888144222,1789944455930,2026-09-21 06:47:35.930,2026-09-21 18:46:58.538,43162.608,719.3768,1.12,low,6.179,651.24,1.0,0,0,0,0,0,0,941,403,199,90,37,12,3,3,3,25,72,195
2000,2776,2776,4775,17887944422,17888144322,1789944500590,2026-09-21 06:48:20.590,2026-09-21 18:47:13.919,43133.329,718.888817,1.54,low,6.1709,651.24,1.0,0,0,0,0,0,0,940,402,198,90,37,12,4,4,4,26,73,196
2000,2777,2777,4776,17887944522,17888144422,1789944510667,2026-09-21 06:48:30.667,2026-09-21 18:47:37.089,43146.422,719.107033,2.98,mid,6.1719,651.24,1.0,1,0,0,0,0,0,941,402,198,90,37,12,0,5,5,27,74,197
2000,2778,2778,4777,17887944622,17888144522,1789944529043,2026-09-21 06:48:49.043,2026-09-21 18:47:56.816,43147.773,719.12955,2.24,mid,6.172,651.24,1.0,1,0,0,0,0,0,941,402,198,90,37,12,0,6,6,28,75,198
2000,2779,2779,4778,17887944722,17888144622,1789944539133,2026-09-21 06:48:59.133,2026-09-21 18:48:09.809,43150.676,719.177933,1.28,low,6.1721,651.24,1.0,0,0,0,0,0,0,941,402,198,90,37,12,1,7,7,29,76,199
2000,2780,2780,4779,17887944822,17888144722,1789944560650,2026-09-21 06:49:20.650,2026-09-21 18:48:38.776,43158.126,719.3021,4.82,mid,6.1732,651.24,1.0,1,0,0,0,0,0,941,402,198,90,37,12,0,8,8,30,77,200
2000,2781,2781,4780,17887944922,17888144822,1789944587903,2026-09-21 06:49:47.903,2026-09-21 18:48:55.357,43147.454,719.124233,1.42,low,6.1719,651.24,1.0,0,0,0,0,0,0,940,402,198,90,37,12,1,9,9,31,78,201
2000,2782,2782,4781,17887945022,17888144922,1789944616133,2026-09-21 06:50:16.133,2026-09-21 18:49:08.599,43132.466,718.874433,1.27,low,6.1702,651.24,1.0,0,0,0,0,0,0,939,402,198,90,37,12,2,10,10,32,79,202
2000,2783,2783,4782,17887945122,17888145022,1789944651603,2026-09-21 06:50:51.603,2026-09-21 18:49:34.189,43122.586,718.709767,3.64,mid,6.1679,651.24,1.0,1,0,0,0,0,0,939,401,198,90,37,12,0,11,11,33,80,203
2000,2784,2784,4783,17887945222,17888145122,1789944664020,2026-09-21 06:51:04.020,2026-09-21 18:50:35.383,43171.363,719.522717,68.99,high,6.2018,651.24,1.0,1,1,1,1,1,0,940,402,199,91,38,12,0,0,0,0,0,204
2000,2785,2785,4784,17887945322,17888145222,1789944680977,2026-09-21 06:51:20.977,2026-09-21 18:51:05.522,43184.545,719.742417,5.24,mid,6.2035,651.24,1.0,1,1,0,0,0,0,941,403,199,91,38,12,0,0,1,1,1,205
2000,2786,2786,4785,17887945422,17888145322,1789944726500,2026-09-21 06:52:06.500,2026-09-21 18:51:15.616,43149.116,719.151933,1.0,low,6.1945,651.24,1.0,0,0,0,0,0,0,940,402,198,91,38,12,1,1,2,2,2,206
2000,2787,2787,4786,17887945522,17888145422,1789944745197,2026-09-21 06:52:25.197,2026-09-21 18:51:46.133,43160.936,719.348933,5.49,mid,6.1962,651.24,1.0,1,1,0,0,0,0,940,403,198,91,38,12,0,0,3,3,3,207
2000,2788,2788,4787,17887945622,17888145522,1789944760390,2026-09-21 06:52:40.390,2026-09-21 18:52:28.818,43188.428,719.807133,13.25,mid,6.2021,651.24,1.0,1,1,1,0,0,0,941,404,199,91,38,12,0,0,0,4,4,208
2000,2789,2789,4788,17887945722,17888145622,1789944774633,2026-09-21 06:52:54.633,2026-09-21 18:52:53.083,43198.45,719.974167,2.89,mid,6.2028,651.24,1.0,1,0,0,0,0,0,942,404,199,91,38,12,0,1,1,5,5,209
2000,2790,2790,4789,17887945822,17888145722,1789944786620,2026-09-21 06:53:06.620,2026-09-21 18:53:42.979,43236.359,720.605983,19.52,mid,6.212,651.24,1.0,1,1,1,0,0,0,943,405,200,91,38,12,0,0,0,6,6,210
2000,2791,2791,4790,17887945922,17888145822,1789944814150,2026-09-21 06:53:34.150,2026-09-21 18:54:11.030,43236.88,720.614667,4.76,mid,6.2122,651.24,1.0,1,0,0,0,0,0,943,405,200,91,38,12,0,1,1,7,7,211
2000,2792,2792,4791,17887946022,17888145922,1789944828220,2026-09-21 06:53:48.220,2026-09-21 18:54:21.882,43233.662,720.561033,1.04,low,6.212,651.24,1.0,0,0,0,0,0,0,943,405,200,91,38,12,1,2,2,8,8,212
2000,2793,2793,4792,17887946122,17888146022,1789944838303,2026-09-21 06:53:58.303,2026-09-21 18:54:45.579,43247.276,720.787933,2.96,mid,6.213,651.24,1.0,1,0,0,0,0,0,944,405,200,91,38,12,0,3,3,9,9,213
2000,2794,2794,4793,17887946222,17888146122,1789944858320,2026-09-21 06:54:18.320,2026-09-21 18:55:01.564,43243.244,720.720733,1.62,low,6.2127,651.24,1.0,0,0,0,0,0,0,943,405,200,91,38,12,1,4,4,10,10,214
2000,2795,2795,4794,17887946322,17888146222,1789944869800,2026-09-21 06:54:29.800,2026-09-21 18:55:11.714,43241.914,720.698567,1.04,low,6.2126,651.24,1.0,0,0,0,0,0,0,943,405,200,91,38,12,2,5,5,11,11,215
2000,2796,2796,4795,17887946422,17888146322,1789944884200,2026-09-21 06:54:44.200,2026-09-21 18:55:28.376,43244.176,720.736267,1.72,low,6.2128,651.24,1.0,0,0,0,0,0,0,943,405,200,91,38,12,3,6,6,12,12,216
2000,2797,2797,4796,17887946522,17888146422,1789944901323,2026-09-21 06:55:01.323,2026-09-21 18:55:56.903,43255.58,720.926333,4.55,mid,6.2141,651.24,1.0,1,0,0,0,0,0,944,405,200,91,38,12,0,7,7,13,13,217
2000,2798,2798,4797,17887946622,17888146522,1789944911583,2026-09-21 06:55:11.583,2026-09-21 18:56:17.432,43265.849,721.097483,2.42,mid,6.2148,651.24,1.0,1,0,0,0,0,0,945,405,200,91,38,12,0,8,8,14,14,218
2000,2799,2799,4798,17887946722,17888146622,1789944921653,2026-09-21 06:55:21.653,2026-09-21 18:56:43.112,43281.459,721.35765,3.58,mid,6.2161,651.24,1.0,1,0,0,0,0,0,946,405,200,91,38,12,0,9,9,15,15,219
2000,2800,2800,4799,17887946822,17888146722,1789944943023,2026-09-21 06:55:43.023,2026-09-21 18:57:01.051,43278.028,721.300467,2.02,mid,6.2159,651.24,1.0,1,0,0,0,0,0,946,405,200,91,38,12,0,10,10,16,16,220
2000,2801,2801,4800,17887946922,17888146822,1789944961477,2026-09-21 06:56:01.477,2026-09-21 18:57:12.090,43270.613,721.176883,1.07,low,6.2154,651.24,1.0,0,0,0,0,0,0,945,405,200,91,38,12,1,11,11,17,17,221
2000,2802,2802,4801,17887947022,17888146922,1789944987590,2026-09-21 06:56:27.590,2026-09-21 18:57:56.022,43288.432,721.473867,16.63,mid,6.2218,651.24,1.0,1,1,1,0,0,0,945,406,201,91,38,12,0,0,0,18,18,222
2000,2803,2803,4802,17887947122,17888147022,1789945003243,2026-09-21 06:56:43.243,2026-09-21 18:58:25.873,43302.63,721.7105,3.86,mid,6.2229,651.24,1.0,1,0,0,0,0,0,946,406,201,91,38,12,0,1,1,19,19,223
2000,2804,2804,4803,17887947222,17888147122,1789945017963,2026-09-21 06:56:57.963,2026-09-21 18:58:41.655,43303.692,721.7282,1.63,low,6.223,651.24,1.0,0,0,0,0,0,0,946,406,201,91,38,12,1,2,2,20,20,224
2000,2805,2805,4804,17887947322,17888147222,1789945039572,2026-09-21 06:57:19.572,2026-09-21 18:59:00.977,43301.405,721.690083,2.08,mid,6.2227,651.24,1.0,1,0,0,0,0,0,946,406,201,91,38,12,0,3,3,21,21,225
2000,2806,2806,4805,17887947422,17888147322,1789945057247,2026-09-21 06:57:37.247,2026-09-21 18:59:11.181,43293.934,721.565567,1.06,low,6.2223,651.24,1.0,0,0,0,0,0,0,946,406,201,91,38,12,1,4,4,22,22,226
2000,2807,2807,4806,17887947522,17888147422,1789945084543,2026-09-21 06:58:04.543,2026-09-21 18:59:23.283,43278.74,721.312333,1.21,low,6.2208,651.24,1.0,0,0,0,0,0,0,945,406,201,91,38,12,2,5,5,23,23,227
2000,2808,2808,4807,17887947622,17888147522,1789945103907,2026-09-21 06:58:23.907,2026-09-21 18:59:41.762,43277.855,721.297583,1.99,low,6.2207,651.24,1.0,0,0,0,0,0,0,944,406,201,91,38,12,3,6,6,24,24,228
2000,2809,2809,4808,17887947722,17888147622,1789945114937,2026-09-21 06:58:34.937,2026-09-21 19:00:41.640,43326.703,722.111717,62.1,high,6.2512,651.24,1.0,1,1,1,1,1,0,945,407,202,92,39,12,0,0,0,0,0,229
2000,2810,2810,4809,17887947822,17888147722,1789945130590,2026-09-21 06:58:50.590,2026-09-21 19:01:01.399,43330.809,722.18015,2.24,mid,6.2516,651.24,1.0,1,0,0,0,0,0,946,407,202,92,39,12,0,1,1,1,1,230
2000,2811,2811,4810,17887947922,17888147822,1789945141197,2026-09-21 06:59:01.197,2026-09-21 19:01:20.649,43339.452,722.3242,2.19,mid,6.2521,651.24,1.0,1,0,0,0,0,0,947,407,202,92,39,12,0,2,2,2,2,231
2000,2812,2812,4811,17887948022,17888147922,1789945156307,2026-09-21 06:59:16.307,2026-09-21 19:01:35.229,43338.922,722.315367,1.41,low,6.2521,651.24,1.0,0,0,0,0,0,0,947,407,202,92,39,12,1,3,3,3,3,232
2000,2813,2813,4812,17887948122,17888148022,1789945205720,2026-09-21 07:00:05.720,2026-09-21 19:02:06.448,43320.728,722.012133,6.01,mid,6.2419,651.24,1.0,1,1,0,0,0,0,947,407,201,91,39,12,0,0,4,4,4,233
2000,2814,2814,4813,17887948222,17888148122,1789945216977,2026-09-21 07:00:16.977,2026-09-21 19:02:20.370,43323.393,722.05655,1.37,low,6.242,651.24,1.0,0,0,0,0,0,0,947,407,201,91,39,12,1,1,5,5,5,234
2000,2815,2815,4814,17887948322,17888148222,1789945227073,2026-09-21 07:00:27.073,2026-09-21 19:03:02.078,43355.005,722.583417,11.51,mid,6.2473,651.24,1.0,1,1,1,0,0,0,948,408,202,91,39,12,0,0,0,6,6,235
2000,2816,2816,4815,17887948422,17888148322,1789945281397,2026-09-21 07:01:21.397,2026-09-21 19:03:31.034,43329.637,722.160617,4.89,mid,6.23,651.24,1.0,1,0,0,0,0,0,948,407,201,90,39,12,0,1,1,7,7,236
2000,2817,2817,4816,17887948522,17888148422,1789945305350,2026-09-21 07:01:45.350,2026-09-21 19:04:06.687,43341.337,722.355617,8.23,mid,6.2325,651.24,1.0,1,1,0,0,0,0,948,408,201,90,39,12,0,0,2,8,8,237
2000,2818,2818,4817,17887948622,17888148522,1789945330767,2026-09-21 07:02:10.767,2026-09-21 19:04:23.843,43333.076,722.217933,1.83,low,6.2316,651.24,1.0,0,0,0,0,0,0,947,408,201,90,39,12,1,1,3,9,9,238
2000,2819,2819,4818,17887948722,17888148622,1789945355170,2026-09-21 07:02:35.170,2026-09-21 19:04:36.429,43321.259,722.020983,1.22,low,6.2306,651.24,1.0,0,0,0,0,0,0,946,408,201,90,39,12,2,2,4,10,10,239
2000,2820,2820,4819,17887948822,17888148722,1789945378990,2026-09-21 07:02:58.990,2026-09-21 19:04:59.157,43320.167,722.002783,2.94,mid,6.2305,651.24,1.0,1,0,0,0,0,0,946,408,201,90,39,12,0,3,5,11,11,240
2000,2821,2821,4820,17887948922,17888148822,1789945400343,2026-09-21 07:03:20.343,2026-09-21 19:06:01.132,43360.789,722.679817,73.38,high,6.2659,651.24,1.0,1,1,1,1,1,0,946,409,202,91,40,12,0,0,0,0,0,241
2000,2822,2822,4821,17887949022,17888148922,1789945410820,2026-09-21 07:03:30.820,2026-09-21 19:06:14.596,43363.776,722.7296,1.32,low,6.266,651.24,1.0,0,0,0,0,0,0,946,409,202,91,40,12,1,1,1,1,1,242
2000,2823,2823,4822,17887949122,17888149022,1789945429340,2026-09-21 07:03:49.340,2026-09-21 19:06:29.822,43360.482,722.6747,1.54,low,6.2658,651.24,1.0,0,0,0,0,0,0,945,409,202,91,40,12,2,2,2,2,2,243
2000,2824,2824,4823,17887949222,17888149122,1789945451197,2026-09-21 07:04:11.197,2026-09-21 19:06:43.574,43352.377,722.539617,1.39,low,6.2651,651.24,1.0,0,0,0,0,0,0,944,409,202,91,40,12,3,3,3,3,3,244
2000,2825,2825,4824,17887949322,17888149222,1789945518373,2026-09-21 07:05:18.373,2026-09-21 19:07:05.637,43307.264,721.787733,2.73,mid,6.2088,651.24,1.0,1,0,0,0,0,0,944,408,201,90,39,11,0,4,4,4,4,245
2000,2826,2826,4825,17887949422,17888149322,1789945549413,2026-09-21 07:05:49.413,2026-09-21 19:07:31.067,43301.654,721.694233,3.49,mid,6.2077,651.24,1.0,1,0,0,0,0,0,944,407,201,90,39,11,0,5,5,5,5,246
2000,2827,2827,4826,17887949522,17888149422,1789945561163,2026-09-21 07:06:01.163,2026-09-21 19:07:53.377,43312.214,721.870233,2.79,mid,6.2085,651.24,1.0,1,0,0,0,0,0,945,407,201,90,39,11,0,6,6,6,6,247
2000,2828,2828,4827,17887949622,17888149522,1789945594270,2026-09-21 07:06:34.270,2026-09-21 19:08:25.650,43311.38,721.856333,5.69,mid,6.208,651.24,1.0,1,1,0,0,0,0,945,407,201,90,39,11,0,0,7,7,7,248
2000,2829,2829,4828,17887949722,17888149622,1789945615963,2026-09-21 07:06:55.963,2026-09-21 19:08:43.216,43307.253,721.78755,1.68,low,6.2075,651.24,1.0,0,0,0,0,0,0,944,407,201,90,39,11,1,1,8,8,8,249
2000,2830,2830,4829,17887949822,17888149722,1789945637070,2026-09-21 07:07:17.070,2026-09-21 19:08:57.321,43300.251,721.67085,1.4,low,6.207,651.24,1.0,0,0,0,0,0,0,943,407,201,90,39,11,2,2,9,9,9,250
2000,2831,2831,4830,17887949922,17888149822,1789945661877,2026-09-21 07:07:41.877,2026-09-21 19:09:09.739,43287.862,721.464367,1.19,low,6.2058,651.24,1.0,0,0,0,0,0,0,942,407,201,90,39,11,3,3,10,10,10,251
2000,2832,2832,4831,17887950022,17888149922,1789945682663,2026-09-21 07:08:02.663,2026-09-21 19:09:25.809,43283.146,721.385767,1.71,low,6.2055,651.24,1.0,0,0,0,0,0,0,941,407,201,90,39,11,4,4,11,11,11,252
2000,2833,2833,4832,17887950122,17888150022,1789945720583,2026-09-21 07:08:40.583,2026-09-21 19:09:56.960,43276.377,721.27295,4.59,mid,6.2027,651.24,1.0,1,0,0,0,0,0,941,406,200,90,39,11,0,5,12,12,12,253
2000,2834,2834,4833,17887950222,17888150122,1789945730660,2026-09-21 07:08:50.660,2026-09-21 19:10:12.829,43282.169,721.369483,1.62,low,6.203,651.24,1.0,0,0,0,0,0,0,941,406,200,90,39,11,1,6,13,13,13,254
2000,2835,2835,4834,17887950322,17888150222,1789945740723,2026-09-21 07:09:00.723,2026-09-21 19:10:37.997,43297.274,721.621233,3.53,mid,6.2043,651.24,1.0,1,0,0,0,0,0,942,406,200,90,39,11,0,7,14,14,14,255
2000,2836,2836,4835,17887950422,17888150322,1789945757843,2026-09-21 07:09:17.843,2026-09-21 19:11:13.619,43315.776,721.9296,8.29,mid,6.2075,651.24,1.0,1,1,0,0,0,0,943,407,200,90,39,11,0,0,15,15,15,256
2000,2837,2837,4836,17887950522,17888150422,1789945800907,2026-09-21 07:10:00.907,2026-09-21 19:11:45.716,43304.809,721.746817,6.22,mid,6.2028,651.24,1.0,1,1,0,0,0,0,943,407,199,90,39,11,0,0,16,16,16,257
2000,2838,2838,4837,17887950622,17888150522,1789945812933,2026-09-21 07:10:12.933,2026-09-21 19:12:14.856,43321.923,722.03205,4.88,mid,6.2047,651.24,1.0,1,0,0,0,0,0,944,407,199,90,39,11,0,1,17,17,17,258
2000,2839,2839,4838,17887950722,17888150622,1789945832463,2026-09-21 07:10:32.463,2026-09-21 19:12:35.966,43323.503,722.058383,2.5,mid,6.2048,651.24,1.0,1,0,0,0,0,0,944,407,199,90,39,11,0,2,18,18,18,259
2000,2840,2840,4839,17887950822,17888150722,1789945873980,2026-09-21 07:11:13.980,2026-09-21 19:13:10.566,43316.586,721.9431,7.65,mid,6.2018,651.24,1.0,1,1,0,0,0,0,944,407,198,90,39,11,0,0,19,19,19,260
2000,2841,2841,4840,17887950922,17888150822,1789945891893,2026-09-21 07:11:31.893,2026-09-21 19:13:58.739,43346.846,722.447433,17.76,mid,6.2097,651.24,1.0,1,1,1,0,0,0,945,408,199,90,39,11,0,0,0,20,20,261
2000,2842,2842,4841,17887951022,17888150922,1789945908607,2026-09-21 07:11:48.607,2026-09-21 19:14:46.789,43378.182,722.9697,23.4,mid,6.2206,651.24,1.0,1,1,1,1,0,0,946,409,200,91,39,11,0,0,0,0,21,262
2000,2843,2843,4842,17887951122,17888151022,1789945919743,2026-09-21 07:11:59.743,2026-09-21 19:15:09.786,43390.043,723.167383,2.93,mid,6.2215,651.24,1.0,1,0,0,0,0,0,947,409,200,91,39,11,0,1,1,1,22,263
2000,2844,2844,4843,17887951222,17888151122,1789945948120,2026-09-21 07:12:28.120,2026-09-21 19:15:32.434,43384.314,723.0719,2.78,mid,6.2206,651.24,1.0,1,0,0,0,0,0,947,409,200,91,39,11,0,2,2,2,23,264
2000,2845,2845,4844,17887951322,17888151222,1789945962770,2026-09-21 07:12:42.770,2026-09-21 19:16:03.861,43401.091,723.351517,5.93,mid,6.2228,651.24,1.0,1,1,0,0,0,0,948,410,200,91,39,11,0,0,3,3,24,265
2000,2846,2846,4845,17887951422,17888151322,1789945979360,2026-09-21 07:12:59.360,2026-09-21 19:16:18.670,43399.31,723.321833,1.21,low,6.2226,651.24,1.0,0,0,0,0,0,0,948,410,200,91,39,11,1,1,4,4,25,266
2000,2847,2847,4846,17887951522,17888151422,1789945998363,2026-09-21 07:13:18.363,2026-09-21 19:16:36.566,43398.203,723.303383,1.88,low,6.2224,651.24,1.0,0,0,0,0,0,0,947,410,200,91,39,11,2,2,5,5,26,267
2000,2848,2848,4847,17887951622,17888151522,1789946008470,2026-09-21 07:13:28.470,2026-09-21 19:16:48.582,43400.112,723.3352,1.22,low,6.2226,651.24,1.0,0,0,0,0,0,0,947,410,200,91,39,11,3,3,6,6,27,268
2000,2849,2849,4848,17887951722,17888151622,1789946020033,2026-09-21 07:13:40.033,2026-09-21 19:17:02.856,43402.823,723.380383,1.42,low,6.2227,651.24,1.0,0,0,0,0,0,0,947,410,200,91,39,11,4,4,7,7,28,269
2000,2850,2850,4849,17887951822,17888151722,1789946042770,2026-09-21 07:14:02.770,2026-09-21 19:17:16.602,43393.832,723.230533,1.36,low,6.2219,651.24,1.0,0,0,0,0,0,0,946,410,200,91,39,11,5,5,8,8,29,270
2000,2851,2851,4850,17887951922,17888151822,1789946053910,2026-09-21 07:14:13.910,2026-09-21 19:17:30.776,43396.866,723.2811,1.41,low,6.2221,651.24,1.0,0,0,0,0,0,0,946,410,200,91,39,11,6,6,9,9,30,271
2000,2852,2852,4851,17887952022,17888151922,1789946065417,2026-09-21 07:14:25.417,2026-09-21 19:17:46.572,43401.155,723.352583,1.61,low,6.2223,651.24,1.0,0,0,0,0,0,0,946,410,200,91,39,11,7,7,10,10,31,272
2000,2853,2853,4852,17887952122,17888152022,1789946075490,2026-09-21 07:14:35.490,2026-09-21 19:17:56.913,43401.423,723.35705,1.0,low,6.2223,651.24,1.0,0,0,0,0,0,0,946,410,200,91,39,11,8,8,11,11,32,273
2000,2854,2854,4853,17887952222,17888152122,1789946089200,2026-09-21 07:14:49.200,2026-09-21 19:18:15.902,43406.702,723.445033,1.7,low,6.2225,651.24,1.0,0,0,0,0,0,0,946,410,200,91,39,11,9,9,12,12,33,274
2000,2855,2855,4854,17887952322,17888152222,1789946099770,2026-09-21 07:14:59.770,2026-09-21 19:18:47.386,43427.616,723.7936,5.83,mid,6.2249,651.24,1.0,1,1,0,0,0,0,947,411,200,91,39,11,0,0,13,13,34,275
2000,2856,2856,4855,17887952422,17888152322,1789946110720,2026-09-21 07:15:10.720,2026-09-21 19:19:01.168,43430.448,723.8408,1.39,low,6.225,651.24,1.0,0,0,0,0,0,0,947,411,200,91,39,11,1,1,14,14,35,276
2000,2857,2857,4856,17887952522,17888152422,1789946123503,2026-09-21 07:15:23.503,2026-09-21 19:19:11.625,43428.122,723.802033,1.02,low,6.2249,651.24,1.0,0,0,0,0,0,0,947,411,200,91,39,11,2,2,15,15,36,277
2000,2858,2858,4857,17887952622,17888152522,1789946159000,2026-09-21 07:15:59.000,2026-09-21 19:19:28.199,43409.199,723.48665,1.51,low,6.2215,651.24,1.0,0,0,0,0,0,0,946,410,200,91,39,11,3,3,16,16,37,278
2000,2859,2859,4858,17887952722,17888152622,1789946211910,2026-09-21 07:16:51.910,2026-09-21 19:19:39.566,43367.656,722.794267,1.07,low,6.2045,651.24,1.0,0,0,0,0,0,0,945,409,199,90,39,11,4,4,17,17,38,279
2000,2860,2860,4859,17887952822,17888152722,1789946238433,2026-09-21 07:17:18.433,2026-09-21 19:20:05.682,43367.249,722.787483,3.97,mid,6.2045,651.24,1.0,1,0,0,0,0,0,945,409,199,90,39,11,0,5,18,18,39,280
2000,2861,2861,4860,17887952922,17888152822,1789946278743,2026-09-21 07:17:58.743,2026-09-21 19:20:35.133,43356.39,722.6065,5.0,mid,6.2008,651.24,1.0,1,1,0,0,0,0,945,409,198,90,39,11,0,0,19,19,40,281
2000,2862,2862,4861,17887953022,17888152922,1789946291533,2026-09-21 07:18:11.533,2026-09-21 19:21:10.775,43379.242,722.987367,8.25,mid,6.2043,651.24,1.0,1,1,0,0,0,0,946,410,198,90,39,11,0,0,20,20,41,282
2000,2863,2863,4862,17887953122,17888153022,1789946303200,2026-09-21 07:18:23.200,2026-09-21 19:21:43.060,43399.86,723.331,6.39,mid,6.2069,651.24,1.0,1,1,0,0,0,0,947,411,198,90,39,11,0,0,21,21,42,283
2000,2864,2864,4863,17887953222,17888153122,1789946320403,2026-09-21 07:18:40.403,2026-09-21 19:21:56.556,43396.153,723.269217,1.3,low,6.2067,651.24,1.0,0,0,0,0,0,0,947,411,198,90,39,11,1,1,22,22,43,284
2000,2865,2865,4864,17887953322,17888153222,1789946331223,2026-09-21 07:18:51.223,2026-09-21 19:22:11.189,43399.966,723.332767,1.49,low,6.2069,651.24,1.0,0,0,0,0,0,0,947,411,198,90,39,11,2,2,23,23,44,285
2000,2866,2866,4865,17887953422,17888153322,1789946341477,2026-09-21 07:19:01.477,2026-09-21 19:22:28.199,43406.722,723.445367,1.78,low,6.2072,651.24,1.0,0,0,0,0,0,0,947,411,198,90,39,11,3,3,24,24,45,286
2000,2867,2867,4866,17887953522,17888153422,1789946390333,2026-09-21 07:19:50.333,2026-09-21 19:23:05.496,43395.163,723.252717,9.64,mid,6.1995,651.24,1.0,1,1,0,0,0,0,947,411,197,89,39,11,0,0,25,25,46,287
2000,2868,2868,4867,17887953622,17888153522,1789946405403,2026-09-21 07:20:05.403,2026-09-21 19:23:24.446,43399.043,723.317383,2.05,mid,6.1998,651.24,1.0,1,0,0,0,0,0,948,411,197,89,39,11,0,1,26,26,47,288
2000,2869,2869,4868,17887953722,17888153622,1789946415530,2026-09-21 07:20:15.530,2026-09-21 19:23:42.767,43407.237,723.45395,2.0,mid,6.2003,651.24,1.0,1,0,0,0,0,0,949,411,197,89,39,11,0,2,27,27,48,289
2000,2870,2870,4869,17887953822,17888153722,1789946445477,2026-09-21 07:20:45.477,2026-09-21 19:23:54.304,43388.827,723.147117,1.11,low,6.1982,651.24,1.0,0,0,0,0,0,0,948,410,197,89,39,11,1,3,28,28,49,290
2000,2871,2871,4870,17887953922,17888153822,1789946478927,2026-09-21 07:21:18.927,2026-09-21 19:24:21.196,43382.269,723.037817,4.2,mid,6.1968,651.24,1.0,1,0,0,0,0,0,948,409,197,89,39,11,0,4,29,29,50,291
2000,2872,2872,4871,17887954022,17888153922,1789946494400,2026-09-21 07:21:34.400,2026-09-21 19:24:41.689,43387.289,723.121483,2.05,mid,6.197,651.24,1.0,1,0,0,0,0,0,949,409,197,89,39,11,0,5,30,30,51,292
2000,2873,2873,4872,17887954122,17888154022,1789946534320,2026-09-21 07:22:14.320,2026-09-21 19:24:59.496,43365.176,722.752933,1.91,low,6.192,651.24,1.0,0,0,0,0,0,0,948,408,196,89,39,11,1,6,31,31,52,293
2000,2874,2874,4873,17887954222,17888154122,1789946554930,2026-09-21 07:22:34.930,2026-09-21 19:25:09.852,43354.922,722.582033,1.03,low,6.1913,651.24,1.0,0,0,0,0,0,0,947,408,196,89,39,11,2,7,32,32,53,294
2000,2875,2875,4874,17887954322,17888154222,1789946584267,2026-09-21 07:23:04.267,2026-09-21 19:25:20.667,43336.4,722.273333,1.07,low,6.1894,651.24,1.0,0,0,0,0,0,0,946,408,196,89,39,11,3,8,33,33,54,295
2000,2876,2876,4875,17887954422,17888154322,1789946595400,2026-09-21 07:23:15.400,2026-09-21 19:25:31.482,43336.082,722.268033,1.07,low,6.1894,651.24,1.0,0,0,0,0,0,0,946,408,196,89,39,11,4,9,34,34,55,296
2000,2877,2877,4876,17887954522,17888154422,1789946622007,2026-09-21 07:23:42.007,2026-09-21 19:25:43.608,43321.601,722.026683,1.08,low,6.1879,651.24,1.0,0,0,0,0,0,0,945,408,196,89,39,11,5,10,35,35,56,297
2000,2878,2878,4877,17887954622,17888154522,1789946645020,2026-09-21 07:24:05.020,2026-09-21 19:25:55.279,43310.259,721.83765,1.04,low,6.187,651.24,1.0,0,0,0,0,0,0,944,408,196,89,39,11,6,11,36,36,57,298
2000,2879,2879,4878,17887954722,17888154622,1789946679380,2026-09-21 07:24:39.380,2026-09-21 19:26:07.606,43288.226,721.470433,1.21,low,6.1838,651.24,1.0,0,0,0,0,0,0,943,407,196,89,39,11,7,12,37,37,58,299
2000,2880,2880,4879,17887954822,17888154722,1789946740960,2026-09-21 07:25:40.960,2026-09-21 19:26:18.666,43237.706,720.628433,1.08,low,6.1483,651.24,1.0,0,0,0,0,0,0,942,406,195,88,38,11,8,13,38,38,59,300
2000,2881,2881,4880,17887954922,17888154822,1789946753327,2026-09-21 07:25:53.327,2026-09-21 19:26:40.156,43246.829,720.780483,2.6,mid,6.149,651.24,1.0,1,0,0,0,0,0,943,406,195,88,38,11,0,14,39,39,60,301
2000,2882,2882,4881,17887955022,17888154922,1789946795263,2026-09-21 07:26:35.263,2026-09-21 19:26:55.036,43219.773,720.32955,1.38,low,6.1426,651.24,1.0,0,0,0,0,0,0,942,405,194,88,38,11,1,15,40,40,61,302
2000,2883,2883,4882,17887955122,17888155022,1789946805353,2026-09-21 07:26:45.353,2026-09-21 19:28:23.699,43298.346,721.6391,685.12,extra,6.4846,685.12,1.0,1,1,1,1,1,1,943,406,195,89,39,12,0,0,0,0,0,0
2000,2884,2884,4883,17887955222,17888155122,1789946839417,2026-09-21 07:27:19.417,2026-09-21 19:28:34.453,43275.036,721.2506,1.06,low,6.4815,685.12,1.0,0,0,0,0,0,0,942,405,195,89,39,12,1,1,1,1,1,1
2000,2885,2885,4884,17887955322,17888155222,1789946874263,2026-09-21 07:27:54.263,2026-09-21 19:28:49.549,43255.286,720.921433,1.52,low,6.4783,685.12,1.0,0,0,0,0,0,0,941,404,195,89,39,12,2,2,2,2,2,2
2000,2886,2886,4885,17887955422,17888155322,1789946884500,2026-09-21 07:28:04.500,2026-09-21 19:29:07.422,43262.922,721.0487,1.9,low,6.4787,685.12,1.0,0,0,0,0,0,0,941,404,195,89,39,12,3,3,3,3,3,3
2000,2887,2887,4886,17887955522,17888155422,1789946908330,2026-09-21 07:28:28.330,2026-09-21 19:29:27.100,43258.77,720.9795,2.08,mid,6.4782,685.12,1.0,1,0,0,0,0,0,941,404,195,89,39,12,0,4,4,4,4,4
2000,2888,2888,4887,17887955622,17888155522,1789946921683,2026-09-21 07:28:41.683,2026-09-21 19:29:49.172,43267.489,721.124817,2.77,mid,6.4789,685.12,1.0,1,0,0,0,0,0,942,404,195,89,39,12,0,5,5,5,5,5
2000,2889,2889,4888,17887955722,17888155622,1789946939437,2026-09-21 07:28:59.437,2026-09-21 19:30:05.359,43265.922,721.0987,1.67,low,6.4788,685.12,1.0,0,0,0,0,0,0,942,404,195,89,39,12,1,6,6,6,6,6
2000,2890,2890,4889,17887955822,17888155722,1789946956777,2026-09-21 07:29:16.777,2026-09-21 19:31:06.140,43309.363,721.822717,67.55,high,6.5117,685.12,1.0,1,1,1,1,1,0,943,405,196,90,40,12,0,0,0,0,0,7
2000,2891,2891,4890,17887955922,17888155822,1789946993143,2026-09-21 07:29:53.143,2026-09-21 19:31:16.519,43283.376,721.3896,1.03,low,6.5077,685.12,1.0,0,0,0,0,0,0,942,404,196,90,40,12,1,1,1,1,1,8
2000,2892,2892,4891,17887956022,17888155922,1789947010660,2026-09-21 07:30:10.660,2026-09-21 19:31:30.446,43279.786,721.329767,1.38,low,6.5075,685.12,1.0,0,0,0,0,0,0,942,404,196,90,40,12,2,2,2,2,2,9
2000,2893,2893,4892,17887956122,17888156022,1789947030450,2026-09-21 07:30:30.450,2026-09-21 19:31:54.976,43284.526,721.408767,3.34,mid,6.508,685.12,1.0,1,0,0,0,0,0,942,404,196,90,40,12,0,3,3,3,3,10
2000,2894,2894,4893,17887956222,17888156122,1789947040733,2026-09-21 07:30:40.733,2026-09-21 19:32:07.727,43286.994,721.4499,1.23,low,6.5082,685.12,1.0,0,0,0,0,0,0,942,404,196,90,40,12,1,4,4,4,4,11
2000,2895,2895,4894,17887956322,17888156222,1789947076673,2026-09-21 07:31:16.673,2026-09-21 19:32:42.669,43285.996,721.433267,8.11,mid,6.5079,685.12,1.0,1,1,0,0,0,0,942,404,196,90,40,12,0,0,5,5,5,12
2000,2896,2896,4895,17887956422,17888156322,1789947112682,2026-09-21 07:31:52.682,2026-09-21 19:32:56.650,43263.968,721.066133,1.38,low,6.5043,685.12,1.0,0,0,0,0,0,0,941,403,196,90,40,12,1,1,6,6,6,13
2000,2897,2897,4896,17887956522,17888156422,1789947124878,2026-09-21 07:32:04.878,2026-09-21 19:33:09.797,43264.919,721.081983,1.31,low,6.5043,685.12,1.0,0,0,0,0,0,0,941,403,196,90,40,12,2,2,7,7,7,14
2000,2898,2898,4897,17887956622,17888156522,1789947136666,2026-09-21 07:32:16.666,2026-09-21 19:33:27.485,43270.819,721.180317,1.88,low,6.5047,685.12,1.0,0,0,0,0,0,0,941,403,196,90,40,12,3,3,8,8,8,15
2000,2899,2899,4898,17887956722,17888156622,1789947147482,2026-09-21 07:32:27.482,2026-09-21 19:34:01.030,43293.548,721.559133,7.06,mid,6.5077,685.12,1.0,1,1,0,0,0,0,942,404,196,90,40,12,0,0,9,9,9,16
2000,2900,2900,4899,17887956822,17888156722,1789947174481,2026-09-21 07:32:54.481,2026-09-21 19:34:30.543,43296.062,721.601033,4.98,mid,6.5081,685.12,1.0,1,0,0,0,0,0,942,404,196,90,40,12,0,1,10,10,10,17
2000,2901,2901,4900,17887956922,17888156822,1789947194827,2026-09-21 07:33:14.827,2026-09-21 19:34:44.294,43289.467,721.491117,1.32,low,6.5076,685.12,1.0,0,0,0,0,0,0,941,404,196,90,40,12,1,2,11,11,11,18
2000,2902,2902,4901,17887957022,17888156922,1789947217696,2026-09-21 07:33:37.696,2026-09-21 19:34:55.528,43277.832,721.2972,1.16,low,6.5067,685.12,1.0,0,0,0,0,0,0,940,404,196,90,40,12,2,3,12,12,12,19
2000,2903,2903,4902,17887957122,17888157022,1789947235012,2026-09-21 07:33:55.012,2026-09-21 19:35:10.681,43275.669,721.26115,1.5,low,6.5066,685.12,1.0,0,0,0,0,0,0,940,404,196,90,40,12,3,4,13,13,13,20
2000,2904,2904,4903,17887957222,17888157122,1789947245113,2026-09-21 07:34:05.113,2026-09-21 19:35:40.977,43295.864,721.597733,4.41,mid,6.5083,685.12,1.0,1,0,0,0,0,0,941,404,196,90,40,12,0,5,14,14,14,21
2000,2905,2905,4904,17887957322,17888157222,1789947289377,2026-09-21 07:34:49.377,2026-09-21 19:35:54.747,43265.37,721.0895,1.39,low,6.5004,685.12,1.0,0,0,0,0,0,0,940,403,195,90,40,12,1,6,15,15,15,22
2000,2906,2906,4905,17887957422,17888157322,1789947304723,2026-09-21 07:35:04.723,2026-09-21 19:36:16.116,43271.393,721.189883,2.62,mid,6.5009,685.12,1.0,1,0,0,0,0,0,941,403,195,90,40,12,0,7,16,16,16,23
2000,2907,2907,4906,17887957522,17888157422,1789947319863,2026-09-21 07:35:19.863,2026-09-21 19:36:40.757,43280.894,721.348233,3.25,mid,6.5018,685.12,1.0,1,0,0,0,0,0,942,403,195,90,40,12,0,8,17,17,17,24
2000,2908,2908,4907,17887957622,17888157522,1789947351837,2026-09-21 07:35:51.837,2026-09-21 19:37:04.981,43273.144,721.219067,3.3,mid,6.5003,685.12,1.0,1,0,0,0,0,0,942,402,195,90,40,12,0,9,18,18,18,25
2000,2909,2909,4908,17887957722,17888157622,1789947379007,2026-09-21 07:36:19.007,2026-09-21 19:37:21.475,43262.468,721.041133,1.38,low,6.4989,685.12,1.0,0,0,0,0,0,0,941,402,195,90,40,12,1,10,19,19,19,26
2000,2910,2910,4909,17887957822,17888157722,1789947406977,2026-09-21 07:36:46.977,2026-09-21 19:37:40.886,43253.909,720.898483,2.18,mid,6.4978,685.12,1.0,1,0,0,0,0,0,941,402,195,90,40,12,0,11,20,20,20,27
2000,2911,2911,4910,17887957922,17888157822,1789947425493,2026-09-21 07:37:05.493,2026-09-21 19:38:00.039,43254.546,720.9091,2.1,mid,6.4978,685.12,1.0,1,0,0,0,0,0,941,402,195,90,40,12,0,12,21,21,21,28
2000,2912,2912,4911,17887958022,17888157922,1789947462757,2026-09-21 07:37:42.757,2026-09-21 19:38:16.459,43233.702,720.5617,1.74,low,6.4939,685.12,1.0,0,0,0,0,0,0,940,401,195,90,40,12,1,13,22,22,22,29
2000,2913,2913,4912,17887958122,17888158022,1789947476390,2026-09-21 07:37:56.390,2026-09-21 19:38:36.586,43240.196,720.669933,2.31,mid,6.4944,685.12,1.0,1,0,0,0,0,0,941,401,195,90,40,12,0,14,23,23,23,30
2000,2914,2914,4913,17887958222,17888158122,1789947486490,2026-09-21 07:38:06.490,2026-09-21 19:39:07.926,43261.436,721.023933,5.86,mid,6.4968,685.12,1.0,1,1,0,0,0,0,942,402,195,90,40,12,0,0,24,24,24,31
2000,2915,2915,4914,17887958322,17888158222,1789947526847,2026-09-21 07:38:46.847,2026-09-21 19:39:20.669,43233.822,720.5637,1.22,low,6.4912,685.12,1.0,0,0,0,0,0,0,941,401,194,90,40,12,1,1,25,25,25,32
2000,2916,2916,4915,17887958422,17888158322,1789947608413,2026-09-21 07:40:08.413,2026-09-21 19:39:30.713,43162.3,719.371667,1.0,low,6.302,685.12,1.0,0,0,0,0,0,0,940,400,193,89,39,11,2,2,26,26,26,33
2000,2917,2917,4916,17887958522,17888158422,1789947629170,2026-09-21 07:40:29.170,2026-09-21 19:40:06.267,43177.097,719.618283,8.71,mid,6.3051,685.12,1.0,1,1,0,0,0,0,940,401,193,89,39,11,0,0,27,27,27,34
2000,2918,2918,4917,17887958622,17888158522,1789947642617,2026-09-21 07:40:42.617,2026-09-21 19:40:23.743,43181.126,719.685433,1.77,low,6.3054,685.12,1.0,0,0,0,0,0,0,940,401,193,89,39,11,1,1,28,28,28,35
2000,2919,2919,4918,17887958722,17888158622,1789947660060,2026-09-21 07:41:00.060,2026-09-21 19:40:40.739,43180.679,719.677983,1.82,low,6.3054,685.12,1.0,0,0,0,0,0,0,940,401,193,89,39,11,2,2,29,29,29,36
2000,2920,2920,4919,17887958822,17888158722,1789947690110,2026-09-21 07:41:30.110,2026-09-21 19:41:04.285,43174.175,719.569583,3.17,mid,6.3043,685.12,1.0,1,0,0,0,0,0,940,400,193,89,39,11,0,3,30,30,30,37
2000,2921,2921,4920,17887958922,17888158822,1789947719997,2026-09-21 07:41:59.997,2026-09-21 19:41:31.186,43171.189,719.519817,3.89,mid,6.3037,685.12,1.0,1,0,0,0,0,0,940,399,193,89,39,11,0,4,31,31,31,38
2000,2922,2922,4921,17887959022,17888158922,1789947742307,2026-09-21 07:42:22.307,2026-09-21 19:41:46.166,43163.859,719.39765,1.52,low,6.303,685.12,1.0,0,0,0,0,0,0,939,399,193,89,39,11,1,5,32,32,32,39
2000,2923,2923,4922,17887959122,17888159022,1789947754813,2026-09-21 07:42:34.813,2026-09-21 19:42:03.794,43168.981,719.483017,1.88,low,6.3034,685.12,1.0,0,0,0,0,0,0,939,399,193,89,39,11,2,6,33,33,33,40
2000,2924,2924,4923,17887959222,17888159122,1789947767620,2026-09-21 07:42:47.620,2026-09-21 19:42:45.809,43198.189,719.969817,14.23,mid,6.3098,685.12,1.0,1,1,1,0,0,0,940,400,194,89,39,11,0,0,0,34,34,41
2000,2925,2925,4924,17887959322,17888159222,1789947783590,2026-09-21 07:43:03.590,2026-09-21 19:43:00.285,43196.695,719.944917,1.46,low,6.3098,685.12,1.0,0,0,0,0,0,0,940,400,194,89,39,11,1,1,1,35,35,42
2000,2926,2926,4925,17887959422,17888159322,1789947797523,2026-09-21 07:43:17.523,2026-09-21 19:43:36.936,43219.413,720.32355,9.02,mid,6.3136,685.12,1.0,1,1,0,0,0,0,941,401,194,89,39,11,0,0,2,36,36,43
2000,2927,2927,4926,17887959522,17888159422,1789947834940,2026-09-21 07:43:54.940,2026-09-21 19:44:24.385,43229.445,720.49075,22.72,mid,6.3201,685.12,1.0,1,1,1,1,0,0,941,401,195,90,39,11,0,0,0,0,37,44
2000,2928,2928,4927,17887959622,17888159522,1789947852570,2026-09-21 07:44:12.570,2026-09-21 19:44:48.860,43236.29,720.604833,3.17,mid,6.3207,685.12,1.0,1,0,0,0,0,0,942,401,195,90,39,11,0,1,1,1,38,45
2000,2929,2929,4928,17887959722,17888159622,1789947894363,2026-09-21 07:44:54.363,2026-09-21 19:45:04.121,43209.758,720.162633,1.58,low,6.3145,685.12,1.0,0,0,0,0,0,0,941,400,194,90,39,11,1,2,2,2,39,46
2000,2930,2930,4929,17887959822,17888159722,1789947905450,2026-09-21 07:45:05.450,2026-09-21 19:45:19.358,43213.908,720.2318,1.56,low,6.3148,685.12,1.0,0,0,0,0,0,0,941,400,194,90,39,11,2,3,3,3,40,47
2000,2931,2931,4930,17887959922,17888159822,1789947925243,2026-09-21 07:45:25.243,2026-09-21 19:45:31.294,43206.051,720.10085,1.18,low,6.3142,685.12,1.0,0,0,0,0,0,0,940,400,194,90,39,11,3,4,4,4,41,48
2000,2932,2932,4931,17887960022,17888159922,1789947944163,2026-09-21 07:45:44.163,2026-09-21 19:45:48.837,43204.674,720.0779,1.77,low,6.3141,685.12,1.0,0,0,0,0,0,0,939,400,194,90,39,11,4,5,5,5,42,49
2000,2933,2933,4932,17887960122,17888160022,1789947976057,2026-09-21 07:46:16.057,2026-09-21 19:46:39.176,43223.119,720.385317,29.48,high,6.3257,685.12,1.0,1,1,1,1,0,0,939,400,195,91,39,11,0,0,0,0,43,50
2000,2934,2934,4933,17887960222,17888160122,1789947987636,2026-09-21 07:46:27.636,2026-09-21 19:47:07.183,43239.547,720.659117,4.38,mid,6.3273,685.12,1.0,1,0,0,0,0,0,940,400,195,91,39,11,0,1,1,1,44,51
2000,2935,2935,4934,17887960322,17888160222,1789947997702,2026-09-21 07:46:37.702,2026-09-21 19:47:37.182,43259.48,720.991333,5.34,mid,6.3295,685.12,1.0,1,1,0,0,0,0,941,401,195,91,39,11,0,0,2,2,45,52
2000,2936,2936,4935,17887960422,17888160322,1789948008470,2026-09-21 07:46:48.470,2026-09-21 19:47:53.311,43264.841,721.080683,1.48,low,6.3297,685.12,1.0,0,0,0,0,0,0,941,401,195,91,39,11,1,1,3,3,46,53
2000,2937,2937,4936,17887960522,17888160422,1789948024683,2026-09-21 07:47:04.683,2026-09-21 19:48:03.795,43259.112,720.9852,1.0,low,6.3294,685.12,1.0,0,0,0,0,0,0,941,401,195,91,39,11,2,2,4,4,47,54
2000,2938,2938,4937,17887960622,17888160522,1789948044727,2026-09-21 07:47:24.727,2026-09-21 19:48:13.733,43249.006,720.816767,1.0,low,6.3287,685.12,1.0,0,0,0,0,0,0,940,401,195,91,39,11,3,3,5,5,48,55
2000,2939,2939,4938,17887960722,17888160622,1789948054827,2026-09-21 07:47:34.827,2026-09-21 19:48:26.565,43251.738,720.8623,1.27,low,6.3289,685.12,1.0,0,0,0,0,0,0,940,401,195,91,39,11,4,4,6,6,49,56
2000,2940,2940,4939,17887960822,17888160722,1789948072063,2026-09-21 07:47:52.063,2026-09-21 19:48:38.162,43246.099,720.768317,1.13,low,6.3285,685.12,1.0,0,0,0,0,0,0,940,401,195,91,39,11,5,5,7,7,50,57
2000,2941,2941,4940,17887960922,17888160822,1789948093833,2026-09-21 07:48:13.833,2026-09-21 19:49:03.928,43250.095,720.834917,3.57,mid,6.329,685.12,1.0,1,0,0,0,0,0,940,401,195,91,39,11,0,6,8,8,51,58
2000,2942,2942,4941,17887961022,17888160922,1789948113660,2026-09-21 07:48:33.660,2026-09-21 19:49:59.992,43286.332,721.438867,46.99,high,6.3514,685.12,1.0,1,1,1,1,0,0,940,402,196,92,39,11,0,0,0,0,52,59
2000,2943,2943,4942,17887961122,17888161022,1789948145957,2026-09-21 07:49:05.957,2026-09-21 19:50:16.480,43270.523,721.175383,1.73,low,6.349,685.12,1.0,0,0,0,0,0,0,939,401,196,92,39,11,1,1,1,1,53,60
2000,2944,2944,4943,17887961222,17888161122,1789948161830,2026-09-21 07:49:21.830,2026-09-21 19:50:27.013,43265.183,721.086383,1.0,low,6.3488,685.12,1.0,0,0,0,0,0,0,939,401,196,92,39,11,2,2,2,2,54,61
2000,2945,2945,4944,17887961322,17888161222,1789948190303,2026-09-21 07:49:50.303,2026-09-21 19:50:59.932,43269.629,721.160483,6.88,mid,6.3499,685.12,1.0,1,1,0,0,0,0,939,402,196,92,39,11,0,0,3,3,55,62
2000,2946,2946,4945,17887961422,17888161322,1789948221293,2026-09-21 07:50:21.293,2026-09-21 19:51:13.130,43251.837,720.86395,1.27,low,6.3477,685.12,1.0,0,0,0,0,0,0,938,401,196,92,39,11,1,1,4,4,56,63
2000,2947,2947,4946,17887961522,17888161422,1789948232200,2026-09-21 07:50:32.200,2026-09-21 19:51:23.205,43251.005,720.850083,1.0,low,6.3477,685.12,1.0,0,0,0,0,0,0,938,401,196,92,39,11,2,2,5,5,57,64
2000,2948,2948,4947,17887961622,17888161522,1789948279140,2026-09-21 07:51:19.140,2026-09-21 19:52:09.265,43250.125,720.835417,20.25,mid,6.3471,685.12,1.0,1,1,1,1,0,0,938,401,196,92,39,11,0,0,0,0,58,65
2000,2949,2949,4948,17887961722,17888161622,1789948318177,2026-09-21 07:51:58.177,2026-09-21 19:52:19.801,43221.624,720.3604,1.06,low,6.3421,685.12,1.0,0,0,0,0,0,0,937,400,195,92,39,11,1,1,1,1,59,66
2000,2950,2950,4949,17887961822,17888161722,1789948331010,2026-09-21 07:52:11.010,2026-09-21 19:52:35.343,43224.333,720.40555,1.6,low,6.3422,685.12,1.0,0,0,0,0,0,0,937,400,195,92,39,11,2,2,2,2,60,67
2000,2951,2951,4950,17887961922,17888161822,1789948343410,2026-09-21 07:52:23.410,2026-09-21 19:52:46.580,43223.17,720.386167,1.07,low,6.3422,685.12,1.0,0,0,0,0,0,0,937,400,195,92,39,11,3,3,3,3,61,68
2000,2952,2952,4951,17887962022,17888161922,1789948354353,2026-09-21 07:52:34.353,2026-09-21 19:53:07.052,43232.699,720.544983,2.45,mid,6.3429,685.12,1.0,1,0,0,0,0,0,938,400,195,92,39,11,0,4,4,4,62,69
2000,2953,2953,4952,17887962122,17888162022,1789948387900,2026-09-21 07:53:07.900,2026-09-21 19:53:31.922,43224.022,720.400367,3.35,mid,6.341,685.12,1.0,1,0,0,0,0,0,938,399,195,92,39,11,0,5,5,5,63,70
2000,2954,2954,4953,17887962222,17888162122,1789948421673,2026-09-21 07:53:41.673,2026-09-21 19:53:45.519,43203.846,720.0641,1.38,low,6.3381,685.12,1.0,0,0,0,0,0,0,937,398,195,92,39,11,1,6,6,6,64,71
2000,2955,2955,4954,17887962322,17888162222,1789948435740,2026-09-21 07:53:55.740,2026-09-21 19:54:11.363,43215.623,720.260383,3.72,mid,6.3393,685.12,1.0,1,0,0,0,0,0,938,398,195,92,39,11,0,7,7,7,65,72
2000,2956,2956,4955,17887962422,17888162322,1789948453950,2026-09-21 07:54:13.950,2026-09-21 19:54:24.851,43210.901,720.181683,1.27,low,6.3389,685.12,1.0,0,0,0,0,0,0,938,398,195,92,39,11,1,8,8,8,66,73
2000,2957,2957,4956,17887962522,17888162422,1789948466277,2026-09-21 07:54:26.277,2026-09-21 19:54:40.770,43214.493,720.24155,1.67,low,6.3391,685.12,1.0,0,0,0,0,0,0,938,398,195,92,39,11,2,9,9,9,67,74
2000,2958,2958,4957,17887962622,17888162522,1789948486593,2026-09-21 07:54:46.593,2026-09-21 19:55:19.375,43232.782,720.546367,10.73,mid,6.3433,685.12,1.0,1,1,1,0,0,0,938,399,196,92,39,11,0,0,0,10,68,75
2000,2959,2959,4958,17887962722,17888162622,1789948521240,2026-09-21 07:55:21.240,2026-09-21 19:55:46.349,43225.109,720.418483,4.05,mid,6.3415,685.12,1.0,1,0,0,0,0,0,938,398,196,92,39,11,0,1,1,11,69,76
2000,2960,2960,4959,17887962822,17888162722,1789948537467,2026-09-21 07:55:37.467,2026-09-21 19:56:00.532,43223.065,720.384417,1.36,low,6.3413,685.12,1.0,0,0,0,0,0,0,938,398,196,92,39,11,1,2,2,12,70,77
2000,2961,2961,4960,17887962922,17888162822,1789948554527,2026-09-21 07:55:54.527,2026-09-21 19:56:14.172,43219.645,720.327417,1.35,low,6.3411,685.12,1.0,0,0,0,0,0,0,938,398,196,92,39,11,2,3,3,13,71,78
2000,2962,2962,4961,17887963022,17888162922,1789948588597,2026-09-21 07:56:28.597,2026-09-21 19:56:56.622,43228.025,720.467083,14.73,mid,6.3448,685.12,1.0,1,1,1,0,0,0,938,398,197,92,39,11,0,0,0,14,72,79
2000,2963,2963,4962,17887963122,17888163022,1789948607870,2026-09-21 07:56:47.870,2026-09-21 19:57:19.599,43231.729,720.528817,2.86,mid,6.3451,685.12,1.0,1,0,0,0,0,0,938,398,197,92,39,11,0,1,1,15,73,80
2000,2964,2964,4963,17887963222,17888163122,1789948649450,2026-09-21 07:57:29.450,2026-09-21 19:57:57.869,43228.419,720.47365,10.68,mid,6.3436,685.12,1.0,1,1,1,0,0,0,938,398,197,92,39,11,0,0,0,16,74,81
2000,2965,2965,4964,17887963322,17888163222,1789948673113,2026-09-21 07:57:53.113,2026-09-21 19:58:18.036,43224.923,720.415383,2.34,mid,6.3432,685.12,1.0,1,0,0,0,0,0,938,398,197,92,39,11,0,1,1,17,75,82
2000,2966,2966,4965,17887963422,17888163322,1789948692356,2026-09-21 07:58:12.356,2026-09-21 19:58:29.225,43216.869,720.28115,1.0,low,6.3427,685.12,1.0,0,0,0,0,0,0,937,398,197,92,39,11,1,2,2,18,76,83
2000,2967,2967,4966,17887963522,17888163422,1789948708483,2026-09-21 07:58:28.483,2026-09-21 19:58:42.720,43214.237,720.237283,1.37,low,6.3425,685.12,1.0,0,0,0,0,0,0,937,398,197,92,39,11,2,3,3,19,77,84
2000,2968,2968,4967,17887963622,17888163522,1789948734563,2026-09-21 07:58:54.563,2026-09-21 19:58:54.190,43199.627,719.993783,1.05,low,6.3411,685.12,1.0,0,0,0,0,0,0,936,398,197,92,39,11,3,4,4,20,78,85
2000,2969,2969,4968,17887963722,17888163622,1789948751510,2026-09-21 07:59:11.510,2026-09-21 19:59:12.526,43201.016,720.016933,2.0,mid,6.3412,685.12,1.0,1,0,0,0,0,0,937,398,197,92,39,11,0,5,5,21,79,86
2000,2970,2970,4969,17887963822,17888163722,1789948769590,2026-09-21 07:59:29.590,2026-09-21 19:59:39.023,43209.433,720.157217,3.9,mid,6.3422,685.12,1.0,1,0,0,0,0,0,938,398,197,92,39,11,0,6,6,22,80,87
2000,2971,2971,4970,17887963922,17888163822,1789948782000,2026-09-21 07:59:42.000,2026-09-21 20:00:34.935,43252.935,720.88225,46.17,high,6.3647,685.12,1.0,1,1,1,1,0,0,939,399,198,93,39,11,0,0,0,0,81,88
2000,2972,2972,4971,17887964022,17888163922,1789948804037,2026-09-21 08:00:04.037,2026-09-21 20:01:04.623,43260.586,721.009767,5.1,mid,6.3659,685.12,1.0,1,1,0,0,0,0,939,400,198,93,39,11,0,0,1,1,82,89
2000,2973,2973,4972,17887964122,17888164022,1789948829330,2026-09-21 08:00:29.330,2026-09-21 20:01:36.207,43266.877,721.114617,4.39,mid,6.3663,685.12,1.0,1,0,0,0,0,0,939,400,198,93,39,11,0,1,2,2,83,90
2000,2974,2974,4973,17887964222,17888164122,1789948839950,2026-09-21 08:00:39.950,2026-09-21 20:01:50.824,43270.874,721.181233,1.2,low,6.3664,685.12,1.0,0,0,0,0,0,0,939,400,198,93,39,11,1,2,3,3,84,91
2000,2975,2975,4974,17887964322,17888164222,1789948853913,2026-09-21 08:00:53.913,2026-09-21 20:02:08.519,43274.606,721.243433,1.92,low,6.3666,685.12,1.0,0,0,0,0,0,0,939,400,198,93,39,11,2,3,4,4,85,92
2000,2976,2976,4975,17887964422,17888164322,1789948876487,2026-09-21 08:01:16.487,2026-09-21 20:02:32.096,43275.609,721.26015,3.08,mid,6.3668,685.12,1.0,1,0,0,0,0,0,939,400,198,93,39,11,0,4,5,5,86,93
2000,2977,2977,4976,17887964522,17888164422,1789948886563,2026-09-21 08:01:26.563,2026-09-21 20:02:45.350,43278.787,721.313117,1.33,low,6.3669,685.12,1.0,0,0,0,0,0,0,939,400,198,93,39,11,1,5,6,6,87,94
2000,2978,2978,4977,17887964622,17888164522,1789948914810,2026-09-21 08:01:54.810,2026-09-21 20:03:27.195,43292.385,721.53975,14.04,mid,6.3717,685.12,1.0,1,1,1,0,0,0,939,401,199,93,39,11,0,0,0,7,88,95
2000,2979,2979,4978,17887964722,17888164622,1789948925273,2026-09-21 08:02:05.273,2026-09-21 20:03:43.639,43298.366,721.639433,1.5,low,6.3719,685.12,1.0,0,0,0,0,0,0,939,401,199,93,39,11,1,1,1,8,89,96
2000,2980,2980,4979,17887964822,17888164722,1789948936737,2026-09-21 08:02:16.737,2026-09-21 20:03:55.882,43299.145,721.652417,1.2,low,6.3719,685.12,1.0,0,0,0,0,0,0,939,401,199,93,39,11,2,2,2,9,90,97
2000,2981,2981,4980,17887964922,17888164822,1789948950807,2026-09-21 08:02:30.807,2026-09-21 20:04:08.439,43297.632,721.6272,1.0,low,6.3717,685.12,1.0,0,0,0,0,0,0,939,401,199,93,39,11,3,3,3,10,91,98
2000,2982,2982,4981,17887965022,17888164922,1789948976863,2026-09-21 08:02:56.863,2026-09-21 20:04:51.460,43314.597,721.90995,15.57,mid,6.3776,685.12,1.0,1,1,1,0,0,0,939,402,200,93,39,11,0,0,0,11,92,99
2000,2983,2983,4982,17887965122,17888165022,1789949006610,2026-09-21 08:03:26.610,2026-09-21 20:05:01.716,43295.106,721.5851,1.01,low,6.3756,685.12,1.0,0,0,0,0,0,0,938,401,200,93,39,11,1,1,1,12,93,100
2000,2984,2984,4983,17887965222,17888165122,1789949018360,2026-09-21 08:03:38.360,2026-09-21 20:05:20.119,43301.759,721.695983,2.0,mid,6.376,685.12,1.0,1,0,0,0,0,0,939,401,200,93,39,11,0,2,2,13,94,101
2000,2985,2985,4984,17887965322,17888165222,1789949037030,2026-09-21 08:03:57.030,2026-09-21 20:05:31.212,43294.182,721.5697,1.0,low,6.3755,685.12,1.0,0,0,0,0,0,0,938,401,200,93,39,11,1,3,3,14,95,102
2000,2986,2986,4985,17887965422,17888165322,1789949066640,2026-09-21 08:04:26.640,2026-09-21 20:06:07.734,43301.094,721.6849,9.0,mid,6.3774,685.12,1.0,1,1,0,0,0,0,938,401,200,93,39,11,0,0,4,15,96,103
2000,2987,2987,4986,17887965522,17888165422,1789949093820,2026-09-21 08:04:53.820,2026-09-21 20:06:21.309,43287.489,721.45815,1.34,low,6.376,685.12,1.0,0,0,0,0,0,0,937,401,200,93,39,11,1,1,5,16,97,104
2000,2988,2988,4987,17887965622,17888165522,1789949105183,2026-09-21 08:05:05.183,2026-09-21 20:06:35.022,43289.839,721.497317,1.36,low,6.3761,685.12,1.0,0,0,0,0,0,0,937,401,200,93,39,11,2,2,6,17,98,105
2000,2989,2989,4988,17887965722,17888165622,1789949148997,2026-09-21 08:05:48.997,2026-09-21 20:07:11.001,43282.004,721.366733,8.5,mid,6.3721,685.12,1.0,1,1,0,0,0,0,937,401,199,93,39,11,0,0,7,18,99,106
2000,2990,2990,4989,17887965822,17888165722,1789949185103,2026-09-21 08:06:25.103,2026-09-21 20:07:29.409,43264.306,721.071767,2.03,mid,6.3688,685.12,1.0,1,0,0,0,0,0,937,400,199,93,39,11,0,1,8,19,100,107
2000,2991,2991,4990,17887965922,17888165822,1789949199723,2026-09-21 08:06:39.723,2026-09-21 20:07:40.501,43260.778,721.012967,1.0,low,6.3685,685.12,1.0,0,0,0,0,0,0,937,400,199,93,39,11,1,2,9,20,101,108
2000,2992,2992,4991,17887966022,17888165922,1789949236150,2026-09-21 08:07:16.150,2026-09-21 20:08:13.209,43257.059,720.950983,6.56,mid,6.3673,685.12,1.0,1,1,0,0,0,0,937,400,199,93,39,11,0,0,10,21,102,109
2000,2993,2993,4992,17887966122,17888166022,1789949246510,2026-09-21 08:07:26.510,2026-09-21 20:08:42.909,43276.399,721.273317,5.13,mid,6.3694,685.12,1.0,1,1,0,0,0,0,938,401,199,93,39,11,0,0,11,22,103,110
2000,2994,2994,4993,17887966222,17888166122,1789949281343,2026-09-21 08:08:01.343,2026-09-21 20:08:52.909,43251.566,720.859433,1.0,low,6.366,685.12,1.0,0,0,0,0,0,0,937,400,199,93,39,11,1,1,12,23,104,111
2000,2995,2995,4994,17887966322,17888166222,1789949298817,2026-09-21 08:08:18.817,2026-09-21 20:09:04.697,43245.88,720.764667,1.16,low,6.3656,685.12,1.0,0,0,0,0,0,0,937,400,199,93,39,11,2,2,13,24,105,112
2000,2996,2996,4995,17887966422,17888166322,1789949314340,2026-09-21 08:08:34.340,2026-09-21 20:09:15.625,43241.285,720.688083,1.08,low,6.3654,685.12,1.0,0,0,0,0,0,0,937,400,199,93,39,11,3,3,14,25,106,113
2000,2997,2997,4996,17887966522,17888166422,1789949361985,2026-09-21 08:09:21.985,2026-09-21 20:09:50.723,43228.738,720.478967,8.03,mid,6.358,685.12,1.0,1,1,0,0,0,0,937,400,198,92,39,11,0,0,15,26,107,114
2000,2998,2998,4997,17887966622,17888166522,1789949384667,2026-09-21 08:09:44.667,2026-09-21 20:10:05.116,43220.449,720.340817,1.44,low,6.3573,685.12,1.0,0,0,0,0,0,0,936,400,198,92,39,11,1,1,16,27,108,115
2000,2999,2999,4998,17887966722,17888166622,1789949444427,2026-09-21 08:10:44.427,2026-09-21 20:10:20.854,43176.427,719.607117,1.61,low,6.3271,685.12,1.0,0,0,0,0,0,0,935,399,197,91,38,11,2,2,17,28,109,116
2000,3000,3000,4999,17887966822,17888166722,1789949480370,2026-09-21 08:11:20.370,2026-09-21 20:10:50.523,43170.153,719.50255,4.12,mid,6.3249,685.12,1.0,1,0,0,0,0,0,935,398,197,91,38,11,0,3,18,29,110,117
2000,3001,3001,5000,17887966922,17888166822,1789949500420,2026-09-21 08:11:40.420,2026-09-21 20:11:16.686,43176.266,719.604433,3.08,mid,6.3253,685.12,1.0,1,0,0,0,0,0,935,398,197,91,38,11,0,4,19,30,111,118
2000,3002,3002,5001,17887967022,17888166922,1789949535303,2026-09-21 08:12:15.303,2026-09-21 20:11:37.333,43162.03,719.367167,2.34,mid,6.3225,685.12,1.0,1,0,0,0,0,0,935,397,197,91,38,11,0,5,20,31,112,119
2000,3003,3003,5002,17887967122,17888167022,1789949567697,2026-09-21 08:12:47.697,2026-09-21 20:12:25.054,43177.357,719.622617,22.77,mid,6.3307,685.12,1.0,1,1,1,1,0,0,935,397,198,92,38,11,0,0,0,0,113,120
2000,3004,3004,5003,17887967222,17888167122,1789949580213,2026-09-21 08:13:00.213,2026-09-21 20:13:03.709,43203.496,720.058267,10.74,mid,6.3354,685.12,1.0,1,1,1,0,0,0,936,398,199,92,38,11,0,0,0,1,114,121
2000,3005,3005,5004,17887967322,17888167222,1789949603717,2026-09-21 08:13:23.717,2026-09-21 20:13:14.786,43191.069,719.85115,1.11,low,6.3345,685.12,1.0,0,0,0,0,0,0,935,398,199,92,38,11,1,1,1,2,115,122
2000,3006,3006,5005,17887967422,17888167322,1789949644420,2026-09-21 08:14:04.420,2026-09-21 20:13:47.895,43183.475,719.724583,6.66,mid,6.3314,685.12,1.0,1,1,0,0,0,0,935,398,198,92,38,11,0,0,2,3,116,123
2000,3007,3007,5006,17887967522,17888167422,1789949670787,2026-09-21 08:14:30.787,2026-09-21 20:14:04.349,43173.562,719.559367,1.61,low,6.3303,685.12,1.0,0,0,0,0,0,0,934,398,198,92,38,11,1,1,3,4,117,124
2000,3008,3008,5007,17887967622,17888167522,1789949682480,2026-09-21 08:14:42.480,2026-09-21 20:14:20.531,43178.051,719.634183,1.61,low,6.3305,685.12,1.0,0,0,0,0,0,0,934,398,198,92,38,11,2,2,4,5,118,125
2000,3009,3009,5008,17887967722,17888167622,1789949709073,2026-09-21 08:15:09.073,2026-09-21 20:14:47.056,43177.983,719.63305,4.02,mid,6.3306,685.12,1.0,1,0,0,0,0,0,934,398,198,92,38,11,0,3,5,6,119,126
2000,3010,3010,5009,17887967822,17888167722,1789949734893,2026-09-21 08:15:34.893,2026-09-21 20:15:08.396,43173.503,719.558383,2.51,mid,6.33,685.12,1.0,1,0,0,0,0,0,934,398,198,92,38,11,0,4,6,7,120,127
2000,3011,3011,5010,17887967922,17888167822,1789949744987,2026-09-21 08:15:44.987,2026-09-21 20:15:46.199,43201.212,720.0202,10.3,mid,6.3346,685.12,1.0,1,1,1,0,0,0,935,399,199,92,38,11,0,0,0,8,121,128
2000,3012,3012,5011,17887968022,17888167922,1789949755080,2026-09-21 08:15:55.080,2026-09-21 20:16:10.229,43215.149,720.252483,3.15,mid,6.3357,685.12,1.0,1,0,0,0,0,0,936,399,199,92,38,11,0,1,1,9,122,129
2000,3013,3013,5012,17887968122,17888168022,1789949765570,2026-09-21 08:16:05.570,2026-09-21 20:16:56.802,43251.232,720.853867,21.67,mid,6.346,685.12,1.0,1,1,1,1,0,0,937,400,200,93,38,11,0,0,0,0,123,130
2000,3014,3014,5013,17887968222,17888168122,1789949779367,2026-09-21 08:16:19.367,2026-09-21 20:17:16.706,43257.339,720.95565,2.22,mid,6.3464,685.12,1.0,1,0,0,0,0,0,938,400,200,93,38,11,0,1,1,1,124,131
2000,3015,3015,5014,17887968322,17888168222,1789949797660,2026-09-21 08:16:37.660,2026-09-21 20:17:45.338,43267.678,721.127967,4.68,mid,6.3478,685.12,1.0,1,0,0,0,0,0,939,400,200,93,38,11,0,2,2,2,125,132
2000,3016,3016,5015,17887968422,17888168322,1789949817323,2026-09-21 08:16:57.323,2026-09-21 20:17:57.522,43260.199,721.003317,1.22,low,6.3473,685.12,1.0,0,0,0,0,0,0,938,400,200,93,38,11,1,3,3,3,126,133
2000,3017,3017,5016,17887968522,17888168422,1789949827423,2026-09-21 08:17:07.423,2026-09-21 20:18:22.054,43274.631,721.24385,3.28,mid,6.3484,685.12,1.0,1,0,0,0,0,0,939,400,200,93,38,11,0,4,4,4,127,134
2000,3018,3018,5017,17887968622,17888168522,1789949840043,2026-09-21 08:17:20.043,2026-09-21 20:19:09.243,43309.2,721.82,20.29,mid,6.3579,685.12,1.0,1,1,1,1,0,0,940,401,201,94,38,11,0,0,0,0,128,135
2000,3019,3019,5018,17887968722,17888168622,1789949860093,2026-09-21 08:17:40.093,2026-09-21 20:20:05.492,43345.399,722.423317,47.36,high,6.3805,685.12,1.0,1,1,1,1,0,0,940,402,202,95,38,11,0,0,0,0,129,136
2000,3020,3020,5019,17887968822,17888168722,1789949883420,2026-09-21 08:18:03.420,2026-09-21 20:20:27.735,43344.315,722.40525,2.78,mid,6.3803,685.12,1.0,1,0,0,0,0,0,940,402,202,95,38,11,0,1,1,1,130,137
2000,3021,3021,5020,17887968922,17888168822,1789949893777,2026-09-21 08:18:13.777,2026-09-21 20:20:43.158,43349.381,722.489683,1.54,low,6.3806,685.12,1.0,0,0,0,0,0,0,940,402,202,95,38,11,1,2,2,2,131,138
2000,3022,3022,5021,17887969022,17888168922,1789949913380,2026-09-21 08:18:33.380,2026-09-21 20:20:53.588,43340.208,722.3368,1.0,low,6.38,685.12,1.0,0,0,0,0,0,0,939,402,202,95,38,11,2,3,3,3,132,139
2000,3023,3023,5022,17887969122,17888169022,1789949940073,2026-09-21 08:19:00.073,2026-09-21 20:21:57.885,43377.812,722.963533,94.38,high,6.4252,685.12,1.0,1,1,1,1,1,0,939,403,203,96,39,11,0,0,0,0,0,140
2000,3024,3024,5023,17887969222,17888169122,1789949958123,2026-09-21 08:19:18.123,2026-09-21 20:22:11.190,43373.067,722.88445,1.29,low,6.4248,685.12,1.0,0,0,0,0,0,0,939,403,203,96,39,11,1,1,1,1,1,141
2000,3025,3025,5024,17887969322,17888169222,1789949970813,2026-09-21 08:19:30.813,2026-09-21 20:22:23.326,43372.513,722.875217,1.16,low,6.4248,685.12,1.0,0,0,0,0,0,0,939,403,203,96,39,11,2,2,2,2,2,142
2000,3026,3026,5025,17887969422,17888169322,1789949985480,2026-09-21 08:19:45.480,2026-09-21 20:22:37.284,43371.804,722.8634,1.38,low,6.4248,685.12,1.0,0,0,0,0,0,0,939,403,203,96,39,11,3,3,3,3,3,143
2000,3027,3027,5026,17887969522,17888169422,1789950026650,2026-09-21 08:20:26.650,2026-09-21 20:22:51.341,43344.691,722.411517,1.35,low,6.4188,685.12,1.0,0,0,0,0,0,0,938,402,202,96,39,11,4,4,4,4,4,144
2000,3028,3028,5027,17887969622,17888169522,1789950057767,2026-09-21 08:20:57.767,2026-09-21 20:23:14.569,43336.802,722.280033,3.03,mid,6.4174,685.12,1.0,1,0,0,0,0,0,938,401,202,96,39,11,0,5,5,5,5,145
2000,3029,3029,5028,17887969722,17888169622,1789950082917,2026-09-21 08:21:22.917,2026-09-21 20:23:34.252,43331.335,722.188917,2.23,mid,6.4168,685.12,1.0,1,0,0,0,0,0,938,401,202,96,39,11,0,6,6,6,6,146
2000,3030,3030,5029,17887969822,17888169722,1789950101460,2026-09-21 08:21:41.460,2026-09-21 20:24:00.489,43339.029,722.31715,3.83,mid,6.4177,685.12,1.0,1,0,0,0,0,0,938,401,202,96,39,11,0,7,7,7,7,147
2000,3031,3031,5030,17887969922,17888169822,1789950116010,2026-09-21 08:21:56.010,2026-09-21 20:24:19.196,43343.186,722.386433,2.05,mid,6.418,685.12,1.0,1,0,0,0,0,0,939,401,202,96,39,11,0,8,8,8,8,148
2000,3032,3032,5031,17887970022,17888169922,1789950142297,2026-09-21 08:22:22.297,2026-09-21 20:24:50.577,43348.28,722.471333,5.83,mid,6.419,685.12,1.0,1,1,0,0,0,0,939,402,202,96,39,11,0,0,9,9,9,149
2000,3033,3033,5032,17887970122,17888170022,1789950168700,2026-09-21 08:22:48.700,2026-09-21 20:25:13.801,43345.101,722.41835,3.02,mid,6.4185,685.12,1.0,1,0,0,0,0,0,939,402,202,96,39,11,0,1,10,10,10,150
2000,3034,3034,5033,17887970222,17888170122,1789950179083,2026-09-21 08:22:59.083,2026-09-21 20:25:24.476,43345.393,722.423217,1.0,low,6.4185,685.12,1.0,0,0,0,0,0,0,939,402,202,96,39,11,1,2,11,11,11,151
2000,3035,3035,5034,17887970322,17888170222,1789950196070,2026-09-21 08:23:16.070,2026-09-21 20:25:43.218,43347.148,722.452467,2.17,mid,6.4187,685.12,1.0,1,0,0,0,0,0,940,402,202,96,39,11,0,3,12,12,12,152
2000,3036,3036,5035,17887970422,17888170322,1789950222793,2026-09-21 08:23:42.793,2026-09-21 20:25:57.009,43334.216,722.236933,1.38,low,6.4174,685.12,1.0,0,0,0,0,0,0,939,402,202,96,39,11,1,4,13,13,13,153
2000,3037,3037,5036,17887970522,17888170422,1789950233603,2026-09-21 08:23:53.603,2026-09-21 20:26:13.383,43339.78,722.329667,1.68,low,6.4177,685.12,1.0,0,0,0,0,0,0,939,402,202,96,39,11,2,5,14,14,14,154
2000,3038,3038,5037,17887970622,17888170522,1789950259480,2026-09-21 08:24:19.480,2026-09-21 20:26:26.955,43327.475,722.124583,1.34,low,6.4165,685.12,1.0,0,0,0,0,0,0,938,402,202,96,39,11,3,6,15,15,15,155
2000,3039,3039,5038,17887970722,17888170622,1789950276800,2026-09-21 08:24:36.800,2026-09-21 20:26:47.146,43330.346,722.172433,2.35,mid,6.4168,685.12,1.0,1,0,0,0,0,0,939,402,202,96,39,11,0,7,16,16,16,156
2000,3040,3040,5039,17887970822,17888170722,1789950287660,2026-09-21 08:24:47.660,2026-09-21 20:27:06.968,43339.308,722.3218,2.24,mid,6.4173,685.12,1.0,1,0,0,0,0,0,940,402,202,96,39,11,0,8,17,17,17,157
2000,3041,3041,5040,17887970922,17888170822,1789950299780,2026-09-21 08:24:59.780,2026-09-21 20:27:35.640,43355.86,722.597667,4.5,mid,6.419,685.12,1.0,1,0,0,0,0,0,941,402,202,96,39,11,0,9,18,18,18,158
2000,3042,3042,5041,17887971022,17888170922,1789950313620,2026-09-21 08:25:13.620,2026-09-21 20:27:49.686,43356.066,722.6011,1.08,low,6.4189,685.12,1.0,0,0,0,0,0,0,941,402,202,96,39,11,1,10,19,19,19,159
2000,3043,3043,5042,17887971122,17888171022,1789950334783,2026-09-21 08:25:34.783,2026-09-21 20:28:16.172,43361.389,722.689817,3.67,mid,6.4194,685.12,1.0,1,0,0,0,0,0,941,402,202,96,39,11,0,11,20,20,20,160
2000,3044,3044,5043,17887971222,17888171122,1789950374727,2026-09-21 08:26:14.727,2026-09-21 20:28:54.906,43360.179,722.66965,8.03,mid,6.4174,685.12,1.0,1,1,0,0,0,0,941,402,201,96,39,11,0,0,21,21,21,161
2000,3045,3045,5044,17887971322,17888171222,1789950390700,2026-09-21 08:26:30.700,2026-09-21 20:29:26.926,43376.226,722.9371,4.58,mid,6.4189,685.12,1.0,1,0,0,0,0,0,942,402,201,96,39,11,0,1,22,22,22,162
2000,3046,3046,5045,17887971422,17888171322,1789950418583,2026-09-21 08:26:58.583,2026-09-21 20:30:07.734,43389.151,723.152517,12.87,mid,6.4231,685.12,1.0,1,1,1,0,0,0,942,403,202,96,39,11,0,0,0,23,23,163
2000,3047,3047,5046,17887971522,17888171422,1789950436017,2026-09-21 08:27:16.017,2026-09-21 20:30:42.368,43406.351,723.439183,7.83,mid,6.4261,685.12,1.0,1,1,0,0,0,0,943,404,202,96,39,11,0,0,1,24,24,164
2000,3048,3048,5047,17887971622,17888171522,1789950446093,2026-09-21 08:27:26.093,2026-09-21 20:31:06.410,43420.317,723.67195,3.05,mid,6.4272,685.12,1.0,1,0,0,0,0,0,944,404,202,96,39,11,0,1,2,25,25,165
2000,3049,3049,5048,17887971722,17888171622,1789950464550,2026-09-21 08:27:44.550,2026-09-21 20:31:21.424,43416.874,723.614567,1.57,low,6.4269,685.12,1.0,0,0,0,0,0,0,943,404,202,96,39,11,1,2,3,26,26,166
2000,3050,3050,5049,17887971822,17888171722,1789950485623,2026-09-21 08:28:05.623,2026-09-21 20:32:21.659,43456.036,724.267267,63.59,high,6.4575,685.12,1.0,1,1,1,1,1,0,943,405,203,97,40,11,0,0,0,0,0,167
2000,3051,3051,5050,17887971922,17888171822,1789950511063,2026-09-21 08:28:31.063,2026-09-21 20:33:08.146,43477.083,724.61805,20.6,mid,6.466,685.12,1.0,1,1,1,1,0,0,943,406,204,98,40,11,0,0,0,0,1,168
2000,3052,3052,5051,17887972022,17888171922,1789950521163,2026-09-21 08:28:41.163,2026-09-21 20:33:25.687,43484.524,724.742067,1.87,low,6.4664,685.12,1.0,0,0,0,0,0,0,943,406,204,98,40,11,1,1,1,1,2,169
2000,3053,3053,5052,17887972122,17888172022,1789950552130,2026-09-21 08:29:12.130,2026-09-21 20:33:46.918,43474.788,724.5798,2.54,mid,6.4648,685.12,1.0,1,0,0,0,0,0,943,405,204,98,40,11,0,2,2,2,3,170
2000,3054,3054,5053,17887972222,17888172122,1789950566790,2026-09-21 08:29:26.790,2026-09-21 20:33:57.391,43470.601,724.510017,1.04,low,6.4646,685.12,1.0,0,0,0,0,0,0,943,405,204,98,40,11,1,3,3,3,4,171
2000,3055,3055,5054,17887972322,17888172222,1789950591950,2026-09-21 08:29:51.950,2026-09-21 20:34:14.803,43462.853,724.380883,1.85,low,6.4638,685.12,1.0,0,0,0,0,0,0,942,405,204,98,40,11,2,4,4,4,5,172
2000,3056,3056,5055,17887972422,17888172322,1789950608573,2026-09-21 08:30:08.573,2026-09-21 20:34:29.926,43461.353,724.355883,1.53,low,6.4639,685.12,1.0,0,0,0,0,0,0,942,405,204,98,40,11,3,5,5,5,6,173
2000,3057,3057,5056,17887972522,17888172422,1789950667803,2026-09-21 08:31:07.803,2026-09-21 20:34:47.786,43419.983,723.666383,1.92,low,6.4352,685.12,1.0,0,0,0,0,0,0,941,404,203,97,39,11,4,6,6,6,7,174
2000,3058,3058,5057,17887972622,17888172522,1789950696480,2026-09-21 08:31:36.480,2026-09-21 20:35:00.280,43403.8,723.396667,1.23,low,6.4334,685.12,1.0,0,0,0,0,0,0,940,404,203,97,39,11,5,7,7,7,8,175
2000,3059,3059,5058,17887972722,17888172622,1789950735403,2026-09-21 08:32:15.403,2026-09-21 20:35:19.669,43384.266,723.0711,2.18,mid,6.429,685.12,1.0,1,0,0,0,0,0,940,403,202,97,39,11,0,8,8,8,9,176
2000,3060,3060,5059,17887972822,17888172722,1789950745472,2026-09-21 08:32:25.472,2026-09-21 20:35:35.257,43389.785,723.163083,1.59,low,6.4293,685.12,1.0,0,0,0,0,0,0,940,403,202,97,39,11,1,9,9,9,10,177
2000,3061,3061,5060,17887972922,17888172822,1789950759067,2026-09-21 08:32:39.067,2026-09-21 20:35:45.495,43386.428,723.107133,1.02,low,6.4292,685.12,1.0,0,0,0,0,0,0,940,403,202,97,39,11,2,10,10,10,11,178
2000,3062,3062,5061,17887973022,17888172922,1789950794153,2026-09-21 08:33:14.153,2026-09-21 20:36:09.048,43374.895,722.914917,3.08,mid,6.4267,685.12,1.0,1,0,0,0,0,0,940,402,202,97,39,11,0,11,11,11,12,179
2000,3063,3063,5062,17887973122,17888173022,1789950817967,2026-09-21 08:33:37.967,2026-09-21 20:36:19.864,43361.897,722.698283,1.07,low,6.4256,685.12,1.0,0,0,0,0,0,0,939,402,202,97,39,11,1,12,12,12,13,180
2000,3064,3064,5063,17887973222,17888173122,1789950844007,2026-09-21 08:34:04.007,2026-09-21 20:36:34.173,43350.166,722.502767,1.43,low,6.4245,685.12,1.0,0,0,0,0,0,0,938,402,202,97,39,11,2,13,13,13,14,181
2000,3065,3065,5064,17887973322,17888173222,1789950855713,2026-09-21 08:34:15.713,2026-09-21 20:37:00.809,43365.096,722.7516,3.29,mid,6.4255,685.12,1.0,1,0,0,0,0,0,939,402,202,97,39,11,0,14,14,14,15,182
2000,3066,3066,5065,17887973422,17888173322,1789950868270,2026-09-21 08:34:28.270,2026-09-21 20:37:22.319,43374.049,722.900817,2.15,mid,6.426,685.12,1.0,1,0,0,0,0,0,940,402,202,97,39,11,0,15,15,15,16,183
2000,3067,3067,5066,17887973522,17888173422,1789950901213,2026-09-21 08:35:01.213,2026-09-21 20:37:34.846,43353.633,722.56055,1.23,low,6.4233,685.12,1.0,0,0,0,0,0,0,939,401,202,97,39,11,1,16,16,16,17,184
2000,3068,3068,5067,17887973622,17888173522,1789950915027,2026-09-21 08:35:15.027,2026-09-21 20:37:50.533,43355.506,722.591767,1.59,low,6.4234,685.12,1.0,0,0,0,0,0,0,939,401,202,97,39,11,2,17,17,17,18,185
2000,3069,3069,5068,17887973722,17888173622,1789950939043,2026-09-21 08:35:39.043,2026-09-21 20:38:21.960,43362.917,722.715283,5.96,mid,6.4247,685.12,1.0,1,1,0,0,0,0,939,402,202,97,39,11,0,0,18,18,19,186
2000,3070,3070,5069,17887973822,17888173722,1789950958910,2026-09-21 08:35:58.910,2026-09-21 20:38:43.675,43364.765,722.746083,2.58,mid,6.4249,685.12,1.0,1,0,0,0,0,0,939,402,202,97,39,11,0,1,19,19,20,187
2000,3071,3071,5070,17887973922,17888173822,1789950974043,2026-09-21 08:36:14.043,2026-09-21 20:39:05.560,43371.517,722.858617,2.22,mid,6.4252,685.12,1.0,1,0,0,0,0,0,940,402,202,97,39,11,0,2,20,20,21,188
2000,3072,3072,5071,17887974022,17888173922,1789950988180,2026-09-21 08:36:28.180,2026-09-21 20:39:19.188,43371.008,722.850133,1.31,low,6.4252,685.12,1.0,0,0,0,0,0,0,940,402,202,97,39,11,1,3,21,21,22,189
2000,3073,3073,5072,17887974122,17888174022,1789951005807,2026-09-21 08:36:45.807,2026-09-21 20:39:47.197,43381.39,723.023167,4.46,mid,6.4265,685.12,1.0,1,0,0,0,0,0,941,402,202,97,39,11,0,4,22,22,23,190
2000,3074,3074,5073,17887974222,17888174122,1789951015910,2026-09-21 08:36:55.910,2026-09-21 20:40:04.481,43388.571,723.14285,1.83,low,6.4269,685.12,1.0,0,0,0,0,0,0,941,402,202,97,39,11,1,5,23,23,24,191
2000,3075,3075,5074,17887974322,17888174222,1789951029017,2026-09-21 08:37:09.017,2026-09-21 20:40:54.292,43425.275,723.754583,26.89,high,6.4397,685.12,1.0,1,1,1,1,0,0,942,403,203,98,39,11,0,0,0,0,25,192
2000,3076,3076,5075,17887974422,17888174322,1789951050893,2026-09-21 08:37:30.893,2026-09-21 20:41:04.652,43413.759,723.56265,1.0,low,6.4389,685.12,1.0,0,0,0,0,0,0,941,403,203,98,39,11,1,1,1,1,26,193
2000,3077,3077,5076,17887974522,17888174422,1789951061580,2026-09-21 08:37:41.580,2026-09-21 20:41:17.419,43415.839,723.597317,1.24,low,6.439,685.12,1.0,0,0,0,0,0,0,941,403,203,98,39,11,2,2,2,2,27,194
2000,3078,3078,5077,17887974622,17888174522,1789951106473,2026-09-21 08:38:26.473,2026-09-21 20:41:35.424,43388.951,723.149183,1.81,low,6.4308,685.12,1.0,0,0,0,0,0,0,940,402,202,98,39,11,3,3,3,3,28,195
2000,3079,3079,5078,17887974722,17888174622,1789951117530,2026-09-21 08:38:37.530,2026-09-21 20:41:46.107,43388.577,723.14295,1.01,low,6.4308,685.12,1.0,0,0,0,0,0,0,940,402,202,98,39,11,4,4,4,4,29,196
2000,3080,3080,5079,17887974822,17888174722,1789951138637,2026-09-21 08:38:58.637,2026-09-21 20:42:04.554,43385.917,723.098617,1.69,low,6.4304,685.12,1.0,0,0,0,0,0,0,939,402,202,98,39,11,5,5,5,5,30,197
2000,3081,3081,5080,17887974922,17888174822,1789951184927,2026-09-21 08:39:44.927,2026-09-21 20:42:26.912,43361.985,722.69975,2.77,mid,6.4216,685.12,1.0,1,0,0,0,0,0,939,401,201,97,39,11,0,6,6,6,31,198
2000,3082,3082,5081,17887975022,17888174922,1789951206713,2026-09-21 08:40:06.713,2026-09-21 20:42:40.789,43354.076,722.567933,1.34,low,6.421,685.12,1.0,0,0,0,0,0,0,938,401,201,97,39,11,1,7,7,7,32,199
2000,3083,3083,5082,17887975122,17888175022,1789951232333,2026-09-21 08:40:32.333,2026-09-21 20:42:55.714,43343.381,722.389683,1.49,low,6.4199,685.12,1.0,0,0,0,0,0,0,937,401,201,97,39,11,2,8,8,8,33,200
2000,3084,3084,5083,17887975222,17888175122,1789951281980,2026-09-21 08:41:21.980,2026-09-21 20:43:34.825,43332.845,722.214083,10.96,mid,6.4119,685.12,1.0,1,1,1,0,0,0,937,401,201,96,39,11,0,0,0,9,34,201
2000,3085,3085,5084,17887975322,17888175222,1789951301043,2026-09-21 08:41:41.043,2026-09-21 20:43:59.761,43338.718,722.311967,3.55,mid,6.4126,685.12,1.0,1,0,0,0,0,0,937,401,201,96,39,11,0,1,1,10,35,202
2000,3086,3086,5085,17887975422,17888175322,1789951315920,2026-09-21 08:41:55.920,2026-09-21 20:44:17.089,43341.169,722.352817,1.82,low,6.4128,685.12,1.0,0,0,0,0,0,0,937,401,201,96,39,11,1,2,2,11,36,203
2000,3087,3087,5086,17887975522,17888175422,1789951332560,2026-09-21 08:42:12.560,2026-09-21 20:44:27.356,43334.796,722.2466,1.02,low,6.4124,685.12,1.0,0,0,0,0,0,0,937,401,201,96,39,11,2,3,3,12,37,204
2000,3088,3088,5087,17887975622,17888175522,1789951378020,2026-09-21 08:42:58.020,2026-09-21 20:45:29.559,43351.539,722.52565,76.56,high,6.4412,685.12,1.0,1,1,1,1,1,0,937,401,201,97,40,11,0,0,0,0,0,205
2000,3089,3089,5088,17887975722,17888175622,1789951396857,2026-09-21 08:43:16.857,2026-09-21 20:45:59.373,43362.516,722.7086,5.17,mid,6.4428,685.12,1.0,1,1,0,0,0,0,937,402,201,97,40,11,0,0,1,1,1,206
2000,3090,3090,5089,17887975822,17888175722,1789951426793,2026-09-21 08:43:46.793,2026-09-21 20:46:10.498,43343.705,722.395083,1.06,low,6.4407,685.12,1.0,0,0,0,0,0,0,936,401,201,97,40,11,1,1,2,2,2,207
2000,3091,3091,5090,17887975922,17888175822,1789951451537,2026-09-21 08:44:11.537,2026-09-21 20:46:33.392,43341.855,722.36425,2.98,mid,6.4405,685.12,1.0,1,0,0,0,0,0,936,401,201,97,40,11,0,2,3,3,3,208
2000,3092,3092,5091,17887976022,17888175922,1789951465418,2026-09-21 08:44:25.418,2026-09-21 20:46:51.449,43346.031,722.43385,1.96,low,6.4408,685.12,1.0,0,0,0,0,0,0,936,401,201,97,40,11,1,3,4,4,4,209
2000,3093,3093,5092,17887976122,17888176022,1789951481875,2026-09-21 08:44:41.875,2026-09-21 20:47:02.097,43340.222,722.337033,1.02,low,6.4404,685.12,1.0,0,0,0,0,0,0,936,401,201,97,40,11,2,4,5,5,5,210
2000,3094,3094,5093,17887976222,17888176122,1789951493623,2026-09-21 08:44:53.623,2026-09-21 20:47:23.745,43350.122,722.502033,2.68,mid,6.4412,685.12,1.0,1,0,0,0,0,0,937,401,201,97,40,11,0,5,6,6,6,211
2000,3095,3095,5094,17887976322,17888176222,1789951509057,2026-09-21 08:45:09.057,2026-09-21 20:47:40.986,43351.929,722.53215,1.77,low,6.4413,685.12,1.0,0,0,0,0,0,0,937,401,201,97,40,11,1,6,7,7,7,212
2000,3096,3096,5095,17887976422,17888176322,1789951521717,2026-09-21 08:45:21.717,2026-09-21 20:48:07.389,43365.672,722.7612,3.89,mid,6.4426,685.12,1.0,1,0,0,0,0,0,938,401,201,97,40,11,0,7,8,8,8,213
2000,3097,3097,5096,17887976522,17888176422,1789951532877,2026-09-21 08:45:32.877,2026-09-21 20:48:19.078,43366.201,722.770017,1.12,low,6.4426,685.12,1.0,0,0,0,0,0,0,938,401,201,97,40,11,1,8,9,9,9,214
2000,3098,3098,5097,17887976622,17888176522,1789951546670,2026-09-21 08:45:46.670,2026-09-21 20:48:33.136,43366.466,722.774433,1.47,low,6.4427,685.12,1.0,0,0,0,0,0,0,938,401,201,97,40,11,2,9,10,10,10,215
2000,3099,3099,5098,17887976722,17888176622,1789951559777,2026-09-21 08:45:59.777,2026-09-21 20:48:59.416,43379.639,722.993983,3.75,mid,6.4439,685.12,1.0,1,0,0,0,0,0,939,401,201,97,40,11,0,10,11,11,11,216
2000,3100,3100,5099,17887976822,17888176722,1789951589477,2026-09-21 08:46:29.477,2026-09-21 20:49:09.416,43359.939,722.66565,1.0,low,6.4419,685.12,1.0,0,0,0,0,0,0,938,400,201,97,40,11,1,11,12,12,12,217
2000,3101,3101,5100,17887976922,17888176822,1789951600843,2026-09-21 08:46:40.843,2026-09-21 20:49:32.450,43371.607,722.860117,2.95,mid,6.4428,685.12,1.0,1,0,0,0,0,0,939,400,201,97,40,11,0,12,13,13,13,218
2000,3102,3102,5101,17887977022,17888176922,1789951635660,2026-09-21 08:47:15.660,2026-09-21 20:49:44.944,43349.284,722.488067,1.23,low,6.4395,685.12,1.0,0,0,0,0,0,0,938,399,201,97,40,11,1,13,14,14,14,219
2000,3103,3103,5102,17887977122,17888177022,1789951671260,2026-09-21 08:47:51.260,2026-09-21 20:50:05.289,43334.029,722.233817,2.36,mid,6.4365,685.12,1.0,1,0,0,0,0,0,938,398,201,97,40,11,0,14,15,15,15,220
2000,3104,3104,5103,17887977222,17888177122,1789951691100,2026-09-21 08:48:11.100,2026-09-21 20:50:17.385,43326.285,722.10475,1.19,low,6.4359,685.12,1.0,0,0,0,0,0,0,937,398,201,97,40,11,1,15,16,16,16,221
2000,3105,3105,5104,17887977322,17888177222,1789951701460,2026-09-21 08:48:21.460,2026-09-21 20:50:34.180,43332.72,722.212,1.73,low,6.4363,685.12,1.0,0,0,0,0,0,0,937,398,201,97,40,11,2,16,17,17,17,222
2000,3106,3106,5105,17887977422,17888177322,1789951715447,2026-09-21 08:48:35.447,2026-09-21 20:50:44.372,43328.925,722.14875,1.0,low,6.4361,685.12,1.0,0,0,0,0,0,0,937,398,201,97,40,11,3,17,18,18,18,223
2000,3107,3107,5106,17887977522,17888177422,1789951737863,2026-09-21 08:48:57.863,2026-09-21 20:51:37.106,43359.243,722.65405,34.31,high,6.4519,685.12,1.0,1,1,1,1,0,0,937,399,202,98,40,11,0,0,0,0,19,224
2000,3108,3108,5107,17887977622,17888177522,1789951751923,2026-09-21 08:49:11.923,2026-09-21 20:51:49.887,43357.964,722.632733,1.22,low,6.4518,685.12,1.0,0,0,0,0,0,0,937,399,202,98,40,11,1,1,1,1,20,225
2000,3109,3109,5108,17887977722,17888177622,1789951765563,2026-09-21 08:49:25.563,2026-09-21 20:52:05.986,43360.423,722.673717,1.76,low,6.452,685.12,1.0,0,0,0,0,0,0,937,399,202,98,40,11,2,2,2,2,21,226
2000,3110,3110,5109,17887977822,17888177722,1789951784037,2026-09-21 08:49:44.037,2026-09-21 20:52:28.857,43364.82,722.747,2.89,mid,6.4524,685.12,1.0,1,0,0,0,0,0,937,399,202,98,40,11,0,3,3,3,22,227
2000,3111,3111,5110,17887977922,17888177822,1789951812600,2026-09-21 08:50:12.600,2026-09-21 20:53:04.493,43371.893,722.864883,8.45,mid,6.4543,685.12,1.0,1,1,0,0,0,0,937,400,202,98,40,11,0,0,4,4,23,228
2000,3112,3112,5111,17887978022,17888177922,1789951822870,2026-09-21 08:50:22.870,2026-09-21 20:53:17.246,43374.376,722.906267,1.23,low,6.4544,685.12,1.0,0,0,0,0,0,0,937,400,202,98,40,11,1,1,5,5,24,229
2000,3113,3113,5112,17887978122,17888178022,1789951860520,2026-09-21 08:51:00.520,2026-09-21 20:53:32.419,43351.899,722.53165,1.52,low,6.4502,685.12,1.0,0,0,0,0,0,0,936,399,202,98,40,11,2,2,6,6,25,230
2000,3114,3114,5113,17887978222,17888178122,1789951901570,2026-09-21 08:51:41.570,2026-09-21 20:53:43.071,43321.501,722.025017,1.07,low,6.4442,685.12,1.0,0,0,0,0,0,0,935,398,201,98,40,11,3,3,7,7,26,231
2000,3115,3115,5114,17887978322,17888178222,1789951924157,2026-09-21 08:52:04.157,2026-09-21 20:54:23.152,43338.995,722.316583,12.37,mid,6.449,685.12,1.0,1,1,1,0,0,0,935,399,202,98,40,11,0,0,0,8,27,232
2000,3116,3116,5115,17887978422,17888178322,1789951937883,2026-09-21 08:52:17.883,2026-09-21 20:54:47.159,43349.276,722.487933,3.18,mid,6.4499,685.12,1.0,1,0,0,0,0,0,936,399,202,98,40,11,0,1,1,9,28,233
2000,3117,3117,5116,17887978522,17888178422,1789951959830,2026-09-21 08:52:39.830,2026-09-21 20:55:06.814,43346.984,722.449733,2.25,mid,6.4497,685.12,1.0,1,0,0,0,0,0,936,399,202,98,40,11,0,2,2,10,29,234
2000,3118,3118,5117,17887978622,17888178522,1789951969920,2026-09-21 08:52:49.920,2026-09-21 20:55:25.686,43355.766,722.5961,2.02,mid,6.4502,685.12,1.0,1,0,0,0,0,0,937,399,202,98,40,11,0,3,3,11,30,235
2000,3119,3119,5118,17887978722,17888178622,1789952026310,2026-09-21 08:53:46.310,2026-09-21 20:55:37.144,43310.834,721.847233,1.13,low,6.4273,685.12,1.0,0,0,0,0,0,0,936,398,201,97,40,11,1,4,4,12,31,236
2000,3120,3120,5119,17887978822,17888178722,1789952041050,2026-09-21 08:54:01.050,2026-09-21 20:56:11.363,43330.313,722.171883,7.24,mid,6.4301,685.12,1.0,1,1,0,0,0,0,937,399,201,97,40,11,0,0,5,13,32,237
2000,3121,3121,5120,17887978922,17888178822,1789952053340,2026-09-21 08:54:13.340,2026-09-21 20:56:24.811,43331.471,722.191183,1.34,low,6.4302,685.12,1.0,0,0,0,0,0,0,937,399,201,97,40,11,1,1,6,14,33,238
2000,3122,3122,5121,17887979022,17888178922,1789952067057,2026-09-21 08:54:27.057,2026-09-21 20:56:39.166,43332.109,722.201817,1.43,low,6.4302,685.12,1.0,0,0,0,0,0,0,937,399,201,97,40,11,2,2,7,15,34,239
2000,3123,3123,5122,17887979122,17888179022,1789952083700,2026-09-21 08:54:43.700,2026-09-21 20:56:51.089,43327.389,722.12315,1.19,low,6.43,685.12,1.0,0,0,0,0,0,0,937,399,201,97,40,11,3,3,8,16,35,240
2000,3124,3124,5123,17887979222,17888179122,1789952096773,2026-09-21 08:54:56.773,2026-09-21 20:57:33.715,43356.942,722.6157,13.55,mid,6.4361,685.12,1.0,1,1,1,0,0,0,938,400,202,97,40,11,0,0,0,17,36,241
2000,3125,3125,5124,17887979322,17888179222,1789952109273,2026-09-21 08:55:09.273,2026-09-21 20:57:59.950,43370.677,722.844617,3.72,mid,6.4374,685.12,1.0,1,0,0,0,0,0,939,400,202,97,40,11,0,1,1,18,37,242
2000,3126,3126,5125,17887979422,17888179322,1789952145263,2026-09-21 08:55:45.263,2026-09-21 20:58:10.398,43345.135,722.418917,1.02,low,6.4335,685.12,1.0,0,0,0,0,0,0,938,399,202,97,40,11,1,2,2,19,38,243
2000,3127,3127,5126,17887979522,17888179422,1789952155610,2026-09-21 08:55:55.610,2026-09-21 20:58:21.148,43345.538,722.425633,1.06,low,6.4336,685.12,1.0,0,0,0,0,0,0,938,399,202,97,40,11,2,3,3,20,39,244
2000,3128,3128,5127,17887979622,17888179522,1789952184067,2026-09-21 08:56:24.067,2026-09-21 20:58:32.828,43328.761,722.146017,1.13,low,6.4318,685.12,1.0,0,0,0,0,0,0,937,399,202,97,40,11,3,4,4,21,40,245
2000,3129,3129,5128,17887979722,17888179622,1789952202477,2026-09-21 08:56:42.477,2026-09-21 20:58:51.863,43329.386,722.156433,2.12,mid,6.4319,685.12,1.0,1,0,0,0,0,0,937,399,202,97,40,11,0,5,5,22,41,246
2000,3130,3130,5129,17887979822,17888179722,1789952231547,2026-09-21 08:57:11.547,2026-09-21 20:59:35.942,43344.395,722.406583,16.51,mid,6.4377,685.12,1.0,1,1,1,0,0,0,937,400,203,97,40,11,0,0,0,23,42,247
2000,3131,3131,5130,17887979922,17888179822,1789952246067,2026-09-21 08:57:26.067,2026-09-21 20:59:49.759,43343.692,722.394867,1.34,low,6.4376,685.12,1.0,0,0,0,0,0,0,937,400,203,97,40,11,1,1,1,24,43,248
2000,3132,3132,5131,17887980022,17888179922,1789952276603,2026-09-21 08:57:56.603,2026-09-21 21:00:14.984,43338.381,722.30635,3.67,mid,6.4367,685.12,1.0,1,0,0,0,0,0,937,399,203,97,40,11,0,2,2,25,44,249
2000,3133,3133,5132,17887980122,17888180022,1789952307690,2026-09-21 08:58:27.690,2026-09-21 21:00:33.952,43326.262,722.104367,2.11,mid,6.4349,685.12,1.0,1,0,0,0,0,0,937,398,203,97,40,11,0,3,3,26,45,250
2000,3134,3134,5133,17887980222,17888180122,1789952324507,2026-09-21 08:58:44.507,2026-09-21 21:00:50.142,43325.635,722.093917,1.71,low,6.4349,685.12,1.0,0,0,0,0,0,0,937,398,203,97,40,11,1,4,4,27,46,251
2000,3135,3135,5134,17887980322,17888180222,1789952356920,2026-09-21 08:59:16.920,2026-09-21 21:01:31.507,43334.587,722.243117,13.11,mid,6.4382,685.12,1.0,1,1,1,0,0,0,937,398,204,97,40,11,0,0,0,28,47,252
2000,3136,3136,5135,17887980422,17888180322,1789952377980,2026-09-21 08:59:37.980,2026-09-21 21:01:48.043,43330.063,722.167717,1.78,low,6.4379,685.12,1.0,0,0,0,0,0,0,936,398,204,97,40,11,1,1,1,29,48,253
2000,3137,3137,5136,17887980522,17888180422,1789952419620,2026-09-21 09:00:19.620,2026-09-21 21:02:11.460,43311.84,721.864,2.95,mid,6.4325,685.12,1.0,1,0,0,0,0,0,936,397,203,97,40,11,0,2,2,30,49,254
2000,3138,3138,5137,17887980622,17888180522,1789952434367,2026-09-21 09:00:34.367,2026-09-21 21:02:22.932,43308.565,721.809417,1.13,low,6.4323,685.12,1.0,0,0,0,0,0,0,936,397,203,97,40,11,1,3,3,31,50,255
2000,3139,3139,5138,17887980722,17888180622,1789952460120,2026-09-21 09:01:00.120,2026-09-21 21:02:34.511,43294.391,721.573183,1.14,low,6.431,685.12,1.0,0,0,0,0,0,0,935,397,203,97,40,11,2,4,4,32,51,256
2000,3140,3140,5139,17887980822,17888180722,1789952477780,2026-09-21 09:01:17.780,2026-09-21 21:03:00.460,43302.68,721.711333,3.74,mid,6.4319,685.12,1.0,1,0,0,0,0,0,936,397,203,97,40,11,0,5,5,33,52,257
2000,3141,3141,5140,17887980922,17888180822,1789952489340,2026-09-21 09:01:29.340,2026-09-21 21:03:11.219,43301.879,721.697983,1.06,low,6.4319,685.12,1.0,0,0,0,0,0,0,936,397,203,97,40,11,1,6,6,34,53,258
2000,3142,3142,5141,17887981022,17888180922,1789952504157,2026-09-21 09:01:44.157,2026-09-21 21:03:49.872,43325.715,722.09525,10.84,mid,6.4366,685.12,1.0,1,1,1,0,0,0,937,398,204,97,40,11,0,0,0,35,54,259
2000,3143,3143,5142,17887981122,17888181022,1789952515740,2026-09-21 09:01:55.740,2026-09-21 21:04:13.083,43337.343,722.28905,2.87,mid,6.4374,685.12,1.0,1,0,0,0,0,0,938,398,204,97,40,11,0,1,1,36,55,260
2000,3144,3144,5143,17887981222,17888181122,1789952550613,2026-09-21 09:02:30.613,2026-09-21 21:04:28.359,43317.746,721.962433,1.59,low,6.4343,685.12,1.0,0,0,0,0,0,0,937,397,204,97,40,11,1,2,2,37,56,261
2000,3145,3145,5144,17887981322,17888181222,1789952573877,2026-09-21 09:02:53.877,2026-09-21 21:04:42.468,43308.591,721.80985,1.4,low,6.4335,685.12,1.0,0,0,0,0,0,0,936,397,204,97,40,11,2,3,3,38,57,262
2000,3146,3146,5145,17887981422,17888181322,1789952583990,2026-09-21 09:03:03.990,2026-09-21 21:04:53.420,43309.43,721.823833,1.03,low,6.4335,685.12,1.0,0,0,0,0,0,0,936,397,204,97,40,11,3,4,4,39,58,263
2000,3147,3147,5146,17887981522,17888181422,1789952594800,2026-09-21 09:03:14.800,2026-09-21 21:05:04.697,43309.897,721.831617,1.1,low,6.4335,685.12,1.0,0,0,0,0,0,0,936,397,204,97,40,11,4,5,5,40,59,264
2000,3148,3148,5147,17887981622,17888181522,1789952606920,2026-09-21 09:03:26.920,2026-09-21 21:05:15.934,43309.014,721.8169,1.13,low,6.4335,685.12,1.0,0,0,0,0,0,0,936,397,204,97,40,11,5,6,6,41,60,265
2000,3149,3149,5148,17887981722,17888181622,1789952636850,2026-09-21 09:03:56.850,2026-09-21 21:05:41.386,43304.536,721.742267,3.48,mid,6.4326,685.12,1.0,1,0,0,0,0,0,936,396,204,97,40,11,0,7,7,42,61,266
2000,3150,3150,5149,17887981822,17888181722,1789952653477,2026-09-21 09:04:13.477,2026-09-21 21:06:00.536,43307.059,721.784317,1.91,low,6.4327,685.12,1.0,0,0,0,0,0,0,936,396,204,97,40,11,1,8,8,43,62,267
2000,3151,3151,5150,17887981922,17888181822,1789952666003,2026-09-21 09:04:26.003,2026-09-21 21:06:11.672,43305.669,721.76115,1.1,low,6.4326,685.12,1.0,0,0,0,0,0,0,936,396,204,97,40,11,2,9,9,44,63,268
2000,3152,3152,5151,17887982022,17888181922,1789952676087,2026-09-21 09:04:36.087,2026-09-21 21:06:30.232,43314.145,721.902417,2.03,mid,6.4332,685.12,1.0,1,0,0,0,0,0,937,396,204,97,40,11,0,10,10,45,64,269
2000,3153,3153,5152,17887982122,17888182022,1789952697650,2026-09-21 09:04:57.650,2026-09-21 21:06:41.067,43303.417,721.723617,1.07,low,6.4324,685.12,1.0,0,0,0,0,0,0,936,396,204,97,40,11,1,11,11,46,65,270
2000,3154,3154,5153,17887982222,17888182122,1789952717580,2026-09-21 09:05:17.580,2026-09-21 21:06:59.499,43301.919,721.69865,2.01,mid,6.4323,685.12,1.0,1,0,0,0,0,0,936,396,204,97,40,11,0,12,12,47,66,271
2000,3155,3155,5154,17887982322,17888182222,1789952733392,2026-09-21 09:05:33.392,2026-09-21 21:07:10.417,43297.025,721.617083,1.08,low,6.432,685.12,1.0,0,0,0,0,0,0,936,396,204,97,40,11,1,13,13,48,67,272
2000,3156,3156,5155,17887982422,17888182322,1789952749504,2026-09-21 09:05:49.504,2026-09-21 21:07:44.534,43315.03,721.917167,7.31,mid,6.4348,685.12,1.0,1,1,0,0,0,0,937,397,204,97,40,11,0,0,14,49,68,273
2000,3157,3157,5156,17887982522,17888182422,1789952759583,2026-09-21 09:05:59.583,2026-09-21 21:08:02.973,43323.39,722.0565,2.01,mid,6.4353,685.12,1.0,1,0,0,0,0,0,938,397,204,97,40,11,0,1,15,50,69,274
2000,3158,3158,5157,17887982622,17888182522,1789952777373,2026-09-21 09:06:17.373,2026-09-21 21:08:31.232,43333.859,722.230983,4.58,mid,6.4367,685.12,1.0,1,0,0,0,0,0,939,397,204,97,40,11,0,2,16,51,70,275
2000,3159,3159,5158,17887982722,17888182622,1789952789180,2026-09-21 09:06:29.180,2026-09-21 21:08:52.079,43342.899,722.38165,2.46,mid,6.4373,685.12,1.0,1,0,0,0,0,0,940,397,204,97,40,11,0,3,17,52,71,276
2000,3160,3160,5159,17887982822,17888182722,1789952838760,2026-09-21 09:07:18.760,2026-09-21 21:09:07.346,43308.586,721.809767,1.54,low,6.4248,685.12,1.0,0,0,0,0,0,0,939,396,203,96,40,11,1,4,18,53,72,277
2000,3161,3161,5160,17887982922,17888182822,1789952853720,2026-09-21 09:07:33.720,2026-09-21 21:09:17.396,43303.676,721.727933,1.0,low,6.4245,685.12,1.0,0,0,0,0,0,0,939,396,203,96,40,11,2,5,19,54,73,278
2000,3162,3162,5161,17887983022,17888182922,1789952865913,2026-09-21 09:07:45.913,2026-09-21 21:09:36.392,43310.479,721.841317,2.1,mid,6.425,685.12,1.0,1,0,0,0,0,0,940,396,203,96,40,11,0,6,20,55,74,279
2000,3163,3163,5162,17887983122,17888183022,1789952876967,2026-09-21 09:07:56.967,2026-09-21 21:09:46.496,43309.529,721.825483,1.0,low,6.425,685.12,1.0,0,0,0,0,0,0,940,396,203,96,40,11,1,7,21,56,75,280
2000,3164,3164,5163,17887983222,17888183122,1789952893317,2026-09-21 09:08:13.317,2026-09-21 21:10:15.897,43322.58,722.043,4.41,mid,6.4263,685.12,1.0,1,0,0,0,0,0,941,396,203,96,40,11,0,8,22,57,76,281
2000,3165,3165,5164,17887983322,17888183222,1789952910373,2026-09-21 09:08:30.373,2026-09-21 21:10:27.539,43317.166,721.952767,1.01,low,6.4259,685.12,1.0,0,0,0,0,0,0,941,396,203,96,40,11,1,9,23,58,77,282
2000,3166,3166,5165,17887983422,17888183322,1789952926580,2026-09-21 09:08:46.580,2026-09-21 21:11:23.440,43356.86,722.614333,45.15,high,6.4477,685.12,1.0,1,1,1,1,0,0,942,397,204,97,40,11,0,0,0,0,78,283
2000,3167,3167,5166,17887983522,17888183422,1789952938690,2026-09-21 09:08:58.690,2026-09-21 21:11:33.516,43354.826,722.580433,1.0,low,6.4476,685.12,1.0,0,0,0,0,0,0,942,397,204,97,40,11,1,1,1,1,79,284
2000,3168,3168,5167,17887983622,17888183522,1789952948770,2026-09-21 09:09:08.770,2026-09-21 21:11:46.099,43357.329,722.62215,1.23,low,6.4477,685.12,1.0,0,0,0,0,0,0,942,397,204,97,40,11,2,2,2,2,80,285
2000,3169,3169,5168,17887983722,17888183622,1789952963763,2026-09-21 09:09:23.763,2026-09-21 21:12:02.829,43359.066,722.6511,1.75,low,6.4478,685.12,1.0,0,0,0,0,0,0,942,397,204,97,40,11,3,3,3,3,81,286
2000,3170,3170,5169,17887983822,17888183722,1789952976453,2026-09-21 09:09:36.453,2026-09-21 21:12:19.052,43362.599,722.709983,1.61,low,6.448,685.12,1.0,0,0,0,0,0,0,942,397,204,97,40,11,4,4,4,4,82,287
2000,3171,3171,5170,17887983922,17888183822,1789952989230,2026-09-21 09:09:49.230,2026-09-21 21:12:41.733,43372.503,722.87505,2.87,mid,6.4488,685.12,1.0,1,0,0,0,0,0,943,397,204,97,40,11,0,5,5,5,83,288
2000,3172,3172,5171,17887984022,17888183922,1789953004247,2026-09-21 09:10:04.247,2026-09-21 21:13:10.250,43386.003,723.10005,4.69,mid,6.4504,685.12,1.0,1,0,0,0,0,0,944,397,204,97,40,11,0,6,6,6,84,289
2000,3173,3173,5172,17887984122,17888184022,1789953023297,2026-09-21 09:10:23.297,2026-09-21 21:13:53.568,43410.271,723.504517,16.33,mid,6.4575,685.12,1.0,1,1,1,0,0,0,944,398,205,97,40,11,0,0,0,7,85,290
2000,3174,3174,5173,17887984222,17888184122,1789953035700,2026-09-21 09:10:35.700,2026-09-21 21:14:19.024,43423.324,723.722067,3.64,mid,6.4587,685.12,1.0,1,0,0,0,0,0,945,398,205,97,40,11,0,1,1,8,86,291
2000,3175,3175,5174,17887984322,17888184222,1789953048097,2026-09-21 09:10:48.097,2026-09-21 21:14:34.889,43426.792,723.779867,1.61,low,6.4589,685.12,1.0,0,0,0,0,0,0,945,398,205,97,40,11,1,2,2,9,87,292
2000,3176,3176,5175,17887984422,17888184322,1789953061560,2026-09-21 09:11:01.560,2026-09-21 21:14:47.816,43426.256,723.770933,1.31,low,6.4589,685.12,1.0,0,0,0,0,0,0,945,398,205,97,40,11,2,3,3,10,88,293
2000,3177,3177,5176,17887984522,17888184422,1789953097687,2026-09-21 09:11:37.687,2026-09-21 21:15:05.144,43407.457,723.457617,1.81,low,6.4554,685.12,1.0,0,0,0,0,0,0,944,397,205,97,40,11,3,4,4,11,89,294
2000,3178,3178,5177,17887984622,17888184522,1789953119460,2026-09-21 09:11:59.460,2026-09-21 21:15:17.083,43397.623,723.293717,1.14,low,6.4547,685.12,1.0,0,0,0,0,0,0,943,397,205,97,40,11,4,5,5,12,90,295
2000,3179,3179,5178,17887984722,17888184622,1789953129570,2026-09-21 09:12:09.570,2026-09-21 21:15:31.210,43401.64,723.360667,1.39,low,6.4548,685.12,1.0,0,0,0,0,0,0,943,397,205,97,40,11,5,6,6,13,91,296
2000,3180,3180,5179,17887984822,17888184722,1789953152230,2026-09-21 09:12:32.230,2026-09-21 21:15:47.122,43394.892,723.2482,1.64,low,6.4542,685.12,1.0,0,0,0,0,0,0,942,397,205,97,40,11,6,7,7,14,92,297
2000,3181,3181,5180,17887984922,17888184822,1789953164557,2026-09-21 09:12:44.557,2026-09-21 21:16:02.071,43397.514,723.2919,1.49,low,6.4544,685.12,1.0,0,0,0,0,0,0,942,397,205,97,40,11,7,8,8,15,93,298
2000,3182,3182,5181,17887985022,17888184922,1789953176870,2026-09-21 09:12:56.870,2026-09-21 21:16:22.010,43405.14,723.419,2.25,mid,6.4549,685.12,1.0,1,0,0,0,0,0,943,397,205,97,40,11,0,9,9,16,94,299
2000,3183,3183,5182,17887985122,17888185022,1789953189840,2026-09-21 09:13:09.840,2026-09-21 21:16:36.115,43406.275,723.437917,1.49,low,6.455,685.12,1.0,0,0,0,0,0,0,943,397,205,97,40,11,1,10,10,17,95,300
2000,3184,3184,5183,17887985222,17888185122,1789953203623,2026-09-21 09:13:23.623,2026-09-21 21:16:52.291,43408.668,723.4778,1.64,low,6.4551,685.12,1.0,0,0,0,0,0,0,943,397,205,97,40,11,2,11,11,18,96,301
2000,3185,3185,5184,17887985322,17888185222,1789953226827,2026-09-21 09:13:46.827,2026-09-21 21:17:03.685,43396.858,723.280967,1.07,low,6.4542,685.12,1.0,0,0,0,0,0,0,942,397,205,97,40,11,3,12,12,19,97,302
2000,3186,3186,5185,17887985422,17888185322,1789953248813,2026-09-21 09:14:08.813,2026-09-21 21:17:19.978,43391.165,723.186083,1.74,low,6.4537,685.12,1.0,0,0,0,0,0,0,941,397,205,97,40,11,4,13,13,20,98,303
2000,3187,3187,5186,17887985522,17888185422,1789953285990,2026-09-21 09:14:45.990,2026-09-21 21:17:40.534,43374.544,722.909067,2.44,mid,6.4502,685.12,1.0,1,0,0,0,0,0,941,396,205,97,40,11,0,14,14,21,99,304
2000,3188,3188,5187,17887985622,17888185522,1789953297993,2026-09-21 09:14:57.993,2026-09-21 21:17:53.923,43375.93,722.932167,1.33,low,6.4502,685.12,1.0,0,0,0,0,0,0,941,396,205,97,40,11,1,15,15,22,100,305
2000,3189,3189,5188,17887985722,17888185622,1789953309450,2026-09-21 09:15:09.450,2026-09-21 21:18:16.123,43386.673,723.111217,2.68,mid,6.451,685.12,1.0,1,0,0,0,0,0,942,396,205,97,40,11,0,16,16,23,101,306
2000,3190,3190,5189,17887985822,17888185722,1789953338121,2026-09-21 09:15:38.121,2026-09-21 21:18:40.009,43381.888,723.031467,3.16,mid,6.4502,685.12,1.0,1,0,0,0,0,0,942,396,205,97,40,11,0,17,17,24,102,307
2000,3191,3191,5190,17887985922,17888185822,1789953353725,2026-09-21 09:15:53.725,2026-09-21 21:18:53.897,43380.172,723.002867,1.34,low,6.4501,685.12,1.0,0,0,0,0,0,0,942,396,205,97,40,11,1,18,18,25,103,308
2000,3192,3192,5191,17887986022,17888185922,1789953367710,2026-09-21 09:16:07.710,2026-09-21 21:19:08.163,43380.453,723.00755,1.52,low,6.4502,685.12,1.0,0,0,0,0,0,0,942,396,205,97,40,11,2,19,19,26,104,309
2000,3193,3193,5192,17887986122,17888186022,1789953378930,2026-09-21 09:16:18.930,2026-09-21 21:19:19.545,43380.615,723.01025,1.09,low,6.4502,685.12,1.0,0,0,0,0,0,0,942,396,205,97,40,11,3,20,20,27,105,310
2000,3194,3194,5193,17887986222,17888186122,1789953399383,2026-09-21 09:16:39.383,2026-09-21 21:19:29.874,43370.491,722.841517,1.0,low,6.4495,685.12,1.0,0,0,0,0,0,0,941,396,205,97,40,11,4,21,21,28,106,311
2000,3195,3195,5194,17887986322,17888186222,1789953447303,2026-09-21 09:17:27.303,2026-09-21 21:19:41.695,43334.392,722.239867,1.14,low,6.4384,685.12,1.0,0,0,0,0,0,0,940,395,204,96,40,11,5,22,22,29,107,312
2000,3196,3196,5195,17887986422,17888186322,1789953482177,2026-09-21 09:18:02.177,2026-09-21 21:19:51.512,43309.335,721.82225,1.0,low,6.435,685.12,1.0,0,0,0,0,0,0,939,394,204,96,40,11,6,23,23,30,108,313
2000,3197,3197,5196,17887986522,17888186422,1789953504490,2026-09-21 09:18:24.490,2026-09-21 21:20:01.249,43296.759,721.61265,1.0,low,6.4341,685.12,1.0,0,0,0,0,0,0,938,394,204,96,40,11,7,24,24,31,109,314
2000,3198,3198,5197,17887986622,17888186522,1789953517817,2026-09-21 09:18:37.817,2026-09-21 21:20:11.722,43293.905,721.565083,1.04,low,6.4339,685.12,1.0,0,0,0,0,0,0,938,394,204,96,40,11,8,25,25,32,110,315
2000,3199,3199,5198,17887986722,17888186622,1789953534543,2026-09-21 09:18:54.543,2026-09-21 21:20:47.131,43312.588,721.876467,8.24,mid,6.4372,685.12,1.0,1,1,0,0,0,0,939,395,204,96,40,11,0,0,26,33,111,316
2000,3200,3200,5199,17887986822,17888186722,1789953552830,2026-09-21 09:19:12.830,2026-09-21 21:20:59.898,43307.068,721.784467,1.25,low,6.4368,685.12,1.0,0,0,0,0,0,0,939,395,204,96,40,11,1,1,27,34,112,317
2000,3201,3201,5200,17887986922,17888186822,1789953563890,2026-09-21 09:19:23.890,2026-09-21 21:21:48.782,43344.892,722.414867,25.05,high,6.4488,685.12,1.0,1,1,1,1,0,0,940,396,205,97,40,11,0,0,0,0,113,318
2000,3202,3202,5201,17887987022,17888186922,1789953577863,2026-09-21 09:19:37.863,2026-09-21 21:22:14.387,43356.524,722.608733,3.61,mid,6.4499,685.12,1.0,1,0,0,0,0,0,941,396,205,97,40,11,0,1,1,1,114,319
2000,3203,3203,5202,17887987122,17888187022,1789953605283,2026-09-21 09:20:05.283,2026-09-21 21:22:24.350,43339.067,722.317783,1.0,low,6.4483,685.12,1.0,0,0,0,0,0,0,940,396,205,97,40,11,1,2,2,2,115,320
2000,3204,3204,5203,17887987222,17888187122,1789953634330,2026-09-21 09:20:34.330,2026-09-21 21:23:44.276,43389.946,723.165767,319.49,extra,6.6056,685.12,1.0,1,1,1,1,1,1,940,397,206,98,41,12,0,0,0,0,0,0
2000,3205,3205,5204,17887987322,17888187222,1789953655327,2026-09-21 09:20:55.327,2026-09-21 21:23:57.453,43382.126,723.035433,1.35,low,6.605,685.12,1.0,0,0,0,0,0,0,939,397,206,98,41,12,1,1,1,1,1,1
2000,3206,3206,5205,17887987422,17888187322,1789953665403,2026-09-21 09:21:05.403,2026-09-21 21:24:24.692,43399.289,723.321483,4.15,mid,6.6066,685.12,1.0,1,0,0,0,0,0,940,397,206,98,41,12,0,2,2,2,2,2
2000,3207,3207,5206,17887987522,17888187422,1789953680307,2026-09-21 09:21:20.307,2026-09-21 21:24:35.733,43395.426,723.2571,1.11,low,6.6064,685.12,1.0,0,0,0,0,0,0,940,397,206,98,41,12,1,3,3,3,3,3
2000,3208,3208,5207,17887987622,17888187522,1789953691670,2026-09-21 09:21:31.670,2026-09-21 21:25:15.847,43424.177,723.736283,12.17,mid,6.6119,685.12,1.0,1,1,1,0,0,0,941,398,207,98,41,12,0,0,0,4,4,4
2000,3209,3209,5208,17887987722,17888187622,1789953701767,2026-09-21 09:21:41.767,2026-09-21 21:25:30.349,43428.582,723.8097,1.42,low,6.6121,685.12,1.0,0,0,0,0,0,0,941,398,207,98,41,12,1,1,1,5,5,5
2000,3210,3210,5209,17887987822,17888187722,1789953723087,2026-09-21 09:22:03.087,2026-09-21 21:25:50.238,43427.151,723.78585,2.3,mid,6.612,685.12,1.0,1,0,0,0,0,0,941,398,207,98,41,12,0,2,2,6,6,6
2000,3211,3211,5210,17887987922,17888187822,1789953735093,2026-09-21 09:22:15.093,2026-09-21 21:26:45.176,43470.083,724.501383,40.93,high,6.6319,685.12,1.0,1,1,1,1,0,0,942,399,208,99,41,12,0,0,0,0,7,7
2000,3212,3212,5211,17887988022,17888187922,1789953745443,2026-09-21 09:22:25.443,2026-09-21 21:27:24.019,43498.576,724.976267,9.57,mid,6.6362,685.12,1.0,1,1,0,0,0,0,943,400,208,99,41,12,0,0,1,1,8,8
2000,3213,3213,5212,17887988122,17888188022,1789953762127,2026-09-21 09:22:42.127,2026-09-21 21:27:58.440,43516.313,725.271883,7.83,mid,6.6392,685.12,1.0,1,1,0,0,0,0,944,401,208,99,41,12,0,0,2,2,9,9
2000,3214,3214,5213,17887988222,17888188122,1789953793553,2026-09-21 09:23:13.553,2026-09-21 21:28:08.719,43495.166,724.919433,1.01,low,6.6367,685.12,1.0,0,0,0,0,0,0,943,400,208,99,41,12,1,1,3,3,10,10
2000,3215,3215,5214,17887988322,17888188222,1789953811590,2026-09-21 09:23:31.590,2026-09-21 21:28:32.304,43500.714,725.0119,3.22,mid,6.6374,685.12,1.0,1,0,0,0,0,0,944,400,208,99,41,12,0,2,4,4,11,11
2000,3216,3216,5215,17887988422,17888188322,1789953823403,2026-09-21 09:23:43.403,2026-09-21 21:28:59.764,43516.361,725.272683,4.09,mid,6.6388,685.12,1.0,1,0,0,0,0,0,945,400,208,99,41,12,0,3,5,5,12,12
2000,3217,3217,5216,17887988522,17888188422,1789953845703,2026-09-21 09:24:05.703,2026-09-21 21:29:10.130,43504.427,725.073783,1.0,low,6.638,685.12,1.0,0,0,0,0,0,0,944,400,208,99,41,12,1,4,6,6,13,13
2000,3218,3218,5217,17887988622,17888188522,1789953915430,2026-09-21 09:25:15.430,2026-09-21 21:29:31.035,43455.605,724.260083,2.42,mid,6.5685,685.12,1.0,1,0,0,0,0,0,944,399,207,98,40,11,0,5,7,7,14,14
2000,3219,3219,5218,17887988722,17888188622,1789953941940,2026-09-21 09:25:41.940,2026-09-21 21:29:46.437,43444.497,724.07495,1.58,low,6.5673,685.12,1.0,0,0,0,0,0,0,943,399,207,98,40,11,1,6,8,8,15,15
2000,3220,3220,5219,17887988822,17888188722,1789953959303,2026-09-21 09:25:59.303,2026-09-21 21:29:56.958,43437.655,723.960917,1.04,low,6.5669,685.12,1.0,0,0,0,0,0,0,943,399,207,98,40,11,2,7,9,9,16,16
2000,3221,3221,5220,17887988922,17888188822,1789954005383,2026-09-21 09:26:45.383,2026-09-21 21:30:10.042,43404.659,723.410983,1.25,low,6.5575,685.12,1.0,0,0,0,0,0,0,942,398,206,98,40,11,3,8,10,10,17,17
2000,3222,3222,5221,17887989022,17888188922,1789954046267,2026-09-21 09:27:26.267,2026-09-21 21:30:22.862,43376.595,722.94325,1.29,low,6.5517,685.12,1.0,0,0,0,0,0,0,941,397,205,98,40,11,4,9,11,11,18,18
2000,3223,3223,5222,17887989122,17888189022,1789954056310,2026-09-21 09:27:36.310,2026-09-21 21:30:58.795,43402.485,723.37475,8.75,mid,6.5556,685.12,1.0,1,1,0,0,0,0,942,398,205,98,40,11,0,0,12,12,19,19
2000,3224,3224,5223,17887989222,17888189122,1789954077100,2026-09-21 09:27:57.100,2026-09-21 21:31:17.008,43399.908,723.3318,1.89,low,6.5553,685.12,1.0,0,0,0,0,0,0,941,398,205,98,40,11,1,1,13,13,20,20
2000,3225,3225,5224,17887989322,17888189222,1789954089600,2026-09-21 09:28:09.600,2026-09-21 21:31:27.374,43397.774,723.296233,1.0,low,6.5552,685.12,1.0,0,0,0,0,0,0,941,398,205,98,40,11,2,2,14,14,21,21
2000,3226,3226,5225,17887989422,17888189322,1789954106650,2026-09-21 09:28:26.650,2026-09-21 21:31:58.259,43411.609,723.526817,5.64,mid,6.5571,685.12,1.0,1,1,0,0,0,0,942,399,205,98,40,11,0,0,15,15,22,22
2000,3227,3227,5226,17887989522,17888189422,1789954140640,2026-09-21 09:29:00.640,2026-09-21 21:32:14.435,43393.795,723.229917,1.7,low,6.5543,685.12,1.0,0,0,0,0,0,0,941,398,205,98,40,11,1,1,16,16,23,23
2000,3228,3228,5227,17887989622,17888189522,1789954161870,2026-09-21 09:29:21.870,2026-09-21 21:32:34.479,43392.609,723.21015,2.24,mid,6.5542,685.12,1.0,1,0,0,0,0,0,941,398,205,98,40,11,0,2,17,17,24,24
2000,3229,3229,5228,17887989722,17888189622,1789954202690,2026-09-21 09:30:02.690,2026-09-21 21:33:03.070,43380.38,723.006333,4.78,mid,6.5501,685.12,1.0,1,0,0,0,0,0,941,397,204,98,40,11,0,3,18,18,25,25
2000,3230,3230,5229,17887989822,17888189722,1789954213590,2026-09-21 09:30:13.590,2026-09-21 21:33:15.453,43381.863,723.03105,1.23,low,6.5502,685.12,1.0,0,0,0,0,0,0,941,397,204,98,40,11,1,4,19,19,26,26
2000,3231,3231,5230,17887989922,17888189822,1789954233300,2026-09-21 09:30:33.300,2026-09-21 21:33:26.567,43373.267,722.887783,1.06,low,6.5496,685.12,1.0,0,0,0,0,0,0,940,397,204,98,40,11,2,5,20,20,27,27
2000,3232,3232,5231,17887990022,17888189922,1789954255883,2026-09-21 09:30:55.883,2026-09-21 21:33:57.384,43381.501,723.025017,5.76,mid,6.5511,685.12,1.0,1,1,0,0,0,0,940,398,204,98,40,11,0,0,21,21,28,28
2000,3233,3233,5232,17887990122,17888190022,1789954267293,2026-09-21 09:31:07.293,2026-09-21 21:34:35.458,43408.165,723.469417,10.28,mid,6.5556,685.12,1.0,1,1,1,0,0,0,941,399,205,98,40,11,0,0,0,22,29,29
2000,3234,3234,5233,17887990222,17888190122,1789954288843,2026-09-21 09:31:28.843,2026-09-21 21:34:47.835,43398.992,723.316533,1.21,low,6.5549,685.12,1.0,0,0,0,0,0,0,940,399,205,98,40,11,1,1,1,23,30,30
2000,3235,3235,5234,17887990322,17888190222,1789954299997,2026-09-21 09:31:39.997,2026-09-21 21:35:01.796,43401.799,723.363317,1.38,low,6.5551,685.12,1.0,0,0,0,0,0,0,940,399,205,98,40,11,2,2,2,24,31,31
2000,3236,3236,5235,17887990422,17888190322,1789954314893,2026-09-21 09:31:54.893,2026-09-21 21:35:12.740,43397.847,723.29745,1.07,low,6.5549,685.12,1.0,0,0,0,0,0,0,940,399,205,98,40,11,3,3,3,25,32,32
2000,3237,3237,5236,17887990522,17888190422,1789954328710,2026-09-21 09:32:08.710,2026-09-21 21:35:24.499,43395.789,723.26315,1.16,low,6.5548,685.12,1.0,0,0,0,0,0,0,940,399,205,98,40,11,4,4,4,26,33,33
2000,3238,3238,5237,17887990622,17888190522,1789954357357,2026-09-21 09:32:37.357,2026-09-21 21:35:45.581,43388.224,723.137067,2.54,mid,6.5537,685.12,1.0,1,0,0,0,0,0,940,399,205,98,40,11,0,5,5,27,34,34
2000,3239,3239,5238,17887990722,17888190622,1789954373893,2026-09-21 09:32:53.893,2026-09-21 21:35:55.746,43381.853,723.030883,1.04,low,6.5533,685.12,1.0,0,0,0,0,0,0,940,399,205,98,40,11,1,6,6,28,35,35
2000,3240,3240,5239,17887990822,17888190722,1789954419530,2026-09-21 09:33:39.530,2026-09-21 21:36:21.665,43362.135,722.70225,3.67,mid,6.5456,685.12,1.0,1,0,0,0,0,0,940,398,204,98,40,11,0,7,7,29,36,36
2000,3241,3241,5240,17887990922,17888190822,1789954438803,2026-09-21 09:33:58.803,2026-09-21 21:36:33.349,43354.546,722.575767,1.16,low,6.5451,685.12,1.0,0,0,0,0,0,0,939,398,204,98,40,11,1,8,8,30,37,37
2000,3242,3242,5241,17887991022,17888190922,1789954449300,2026-09-21 09:34:09.300,2026-09-21 21:37:03.424,43374.124,722.902067,5.21,mid,6.5472,685.12,1.0,1,1,0,0,0,0,940,399,204,98,40,11,0,0,9,31,38,38
2000,3243,3243,5242,17887991122,17888191022,1789954469140,2026-09-21 09:34:29.140,2026-09-21 21:37:21.152,43372.012,722.866867,1.88,low,6.547,685.12,1.0,0,0,0,0,0,0,939,399,204,98,40,11,1,1,10,32,39,39
2000,3244,3244,5243,17887991222,17888191122,1789954504817,2026-09-21 09:35:04.817,2026-09-21 21:37:31.152,43346.335,722.438917,1.0,low,6.5433,685.12,1.0,0,0,0,0,0,0,938,398,204,98,40,11,2,2,11,33,40,40
2000,3245,3245,5244,17887991322,17888191222,1789954515670,2026-09-21 09:35:15.670,2026-09-21 21:37:42.906,43347.236,722.453933,1.0,low,6.5432,685.12,1.0,0,0,0,0,0,0,938,398,204,98,40,11,3,3,12,34,41,41
2000,3246,3246,5245,17887991422,17888191322,1789954536567,2026-09-21 09:35:36.567,2026-09-21 21:38:04.049,43347.482,722.458033,2.18,mid,6.5431,685.12,1.0,1,0,0,0,0,0,938,398,204,98,40,11,0,4,13,35,42,42
2000,3247,3247,5246,17887991522,17888191422,1789954549893,2026-09-21 09:35:49.893,2026-09-21 21:38:15.726,43345.833,722.43055,1.15,low,6.543,685.12,1.0,0,0,0,0,0,0,938,398,204,98,40,11,1,5,14,36,43,43
2000,3248,3248,5247,17887991622,17888191522,1789954569220,2026-09-21 09:36:09.220,2026-09-21 21:38:27.055,43337.835,722.29725,1.1,low,6.5425,685.12,1.0,0,0,0,0,0,0,937,398,204,98,40,11,2,6,15,37,44,44
2000,3249,3249,5248,17887991722,17888191622,1789954592393,2026-09-21 09:36:32.393,2026-09-21 21:38:37.176,43324.783,722.079717,1.02,low,6.5415,685.12,1.0,0,0,0,0,0,0,936,398,204,98,40,11,3,7,16,38,45,45
2000,3250,3250,5249,17887991822,17888191722,1789954639320,2026-09-21 09:37:19.320,2026-09-21 21:38:54.879,43295.559,721.59265,1.83,low,6.5317,685.12,1.0,0,0,0,0,0,0,935,397,203,97,40,11,4,8,17,39,46,46
2000,3251,3251,5250,17887991922,17888191822,1789954677817,2026-09-21 09:37:57.817,2026-09-21 21:39:04.479,43266.662,721.111033,1.01,low,6.5269,685.12,1.0,0,0,0,0,0,0,934,396,202,97,40,11,5,9,18,40,47,47
2000,3252,3252,5251,17887992022,17888191922,1789954694530,2026-09-21 09:38:14.530,2026-09-21 21:39:15.611,43261.081,721.018017,1.08,low,6.5265,685.12,1.0,0,0,0,0,0,0,934,396,202,97,40,11,6,10,19,41,48,48
2000,3253,3253,5252,17887992122,17888192022,1789954728423,2026-09-21 09:38:48.423,2026-09-21 21:39:35.867,43247.444,720.790733,2.41,mid,6.5241,685.12,1.0,1,0,0,0,0,0,934,395,202,97,40,11,0,11,20,42,49,49
2000,3254,3254,5253,17887992222,17888192122,1789954748717,2026-09-21 09:39:08.717,2026-09-21 21:39:47.982,43239.265,720.654417,1.19,low,6.5235,685.12,1.0,0,0,0,0,0,0,933,395,202,97,40,11,1,12,21,43,50,50
2000,3255,3255,5254,17887992322,17888192222,1789954759755,2026-09-21 09:39:19.755,2026-09-21 21:40:38.202,43278.447,721.30745,27.92,high,6.537,685.12,1.0,1,1,1,1,0,0,934,396,203,98,40,11,0,0,0,0,51,51
2000,3256,3256,5255,17887992422,17888192322,1789954831110,2026-09-21 09:40:31.110,2026-09-21 21:40:49.855,43218.745,720.312417,1.14,low,6.4561,685.12,1.0,0,0,0,0,0,0,933,395,202,97,39,10,1,1,1,1,52,52
2000,3257,3257,5256,17887992522,17888192422,1789954852623,2026-09-21 09:40:52.623,2026-09-21 21:41:16.295,43223.672,720.394533,3.96,mid,6.4568,685.12,1.0,1,0,0,0,0,0,933,395,202,97,39,10,0,2,2,2,53,53
2000,3258,3258,5257,17887992622,17888192522,1789954863661,2026-09-21 09:41:03.661,2026-09-21 21:41:34.124,43230.463,720.507717,1.91,low,6.4572,685.12,1.0,0,0,0,0,0,0,933,395,202,97,39,10,1,3,3,3,54,54
2000,3259,3259,5258,17887992722,17888192622,1789954884115,2026-09-21 09:41:24.115,2026-09-21 21:41:49.048,43224.933,720.41555,1.52,low,6.4568,685.12,1.0,0,0,0,0,0,0,932,395,202,97,39,10,2,4,4,4,55,55
2000,3260,3260,5259,17887992822,17888192722,1789954900110,2026-09-21 09:41:40.110,2026-09-21 21:42:27.597,43247.487,720.79145,10.5,mid,6.4612,685.12,1.0,1,1,1,0,0,0,933,396,203,97,39,10,0,0,0,5,56,56
2000,3261,3261,5260,17887992922,17888192822,1789954915337,2026-09-21 09:41:55.337,2026-09-21 21:42:37.870,43242.533,720.708883,1.0,low,6.461,685.12,1.0,0,0,0,0,0,0,933,396,203,97,39,10,1,1,1,6,57,57
2000,3262,3262,5261,17887993022,17888192922,1789954937520,2026-09-21 09:42:17.520,2026-09-21 21:42:54.680,43237.16,720.619333,1.78,low,6.4605,685.12,1.0,0,0,0,0,0,0,932,396,203,97,39,10,2,2,2,7,58,58
2000,3263,3263,5262,17887993122,17888193022,1789954956047,2026-09-21 09:42:36.047,2026-09-21 21:43:29.147,43253.1,720.885,7.75,mid,6.4633,685.12,1.0,1,1,0,0,0,0,932,397,203,97,39,10,0,0,3,8,59,59
2000,3264,3264,5263,17887993222,17888193122,1789954990133,2026-09-21 09:43:10.133,2026-09-21 21:43:40.244,43230.111,720.50185,1.03,low,6.4602,685.12,1.0,0,0,0,0,0,0,931,396,203,97,39,10,1,1,4,9,60,60
2000,3265,3265,5264,17887993322,17888193222,1789955000370,2026-09-21 09:43:20.370,2026-09-21 21:44:01.804,43241.434,720.690567,2.73,mid,6.461,685.12,1.0,1,0,0,0,0,0,932,396,203,97,39,10,0,2,5,10,61,61
2000,3266,3266,5265,17887993422,17888193322,1789955029570,2026-09-21 09:43:49.570,2026-09-21 21:44:27.050,43237.48,720.624667,3.48,mid,6.4603,685.12,1.0,1,0,0,0,0,0,932,396,203,97,39,10,0,3,6,11,62,62
2000,3267,3267,5266,17887993522,17888193422,1789955055773,2026-09-21 09:44:15.773,2026-09-21 21:44:40.794,43225.021,720.417017,1.42,low,6.4591,685.12,1.0,0,0,0,0,0,0,931,396,203,97,39,10,1,4,7,12,63,63
2000,3268,3268,5267,17887993622,17888193522,1789955073477,2026-09-21 09:44:33.477,2026-09-21 21:44:51.600,43218.123,720.30205,1.01,low,6.4587,685.12,1.0,0,0,0,0,0,0,931,396,203,97,39,10,2,5,8,13,64,64
2000,3269,3269,5268,17887993722,17888193622,1789955083817,2026-09-21 09:44:43.817,2026-09-21 21:45:06.887,43223.07,720.3845,1.63,low,6.459,685.12,1.0,0,0,0,0,0,0,931,396,203,97,39,10,3,6,9,14,65,65
2000,3270,3270,5269,17887993822,17888193722,1789955102803,2026-09-21 09:45:02.803,2026-09-21 21:45:37.027,43234.224,720.5704,4.94,mid,6.4604,685.12,1.0,1,0,0,0,0,0,931,396,203,97,39,10,0,7,10,15,66,66
2000,3271,3271,5270,17887993922,17888193822,1789955117057,2026-09-21 09:45:17.057,2026-09-21 21:45:46.513,43229.456,720.490933,1.0,low,6.4602,685.12,1.0,0,0,0,0,0,0,931,396,203,97,39,10,1,8,11,16,67,67
2000,3272,3272,5271,17887994022,17888193922,1789955140147,2026-09-21 09:45:40.147,2026-09-21 21:46:03.193,43223.046,720.3841,1.76,low,6.4596,685.12,1.0,0,0,0,0,0,0,930,396,203,97,39,10,2,9,12,17,68,68
2000,3273,3273,5272,17887994122,17888194022,1789955168360,2026-09-21 09:46:08.360,2026-09-21 21:46:25.639,43217.279,720.287983,2.81,mid,6.4587,685.12,1.0,1,0,0,0,0,0,930,396,203,97,39,10,0,10,13,18,69,69
2000,3274,3274,5273,17887994222,17888194122,1789955190020,2026-09-21 09:46:30.020,2026-09-21 21:46:55.792,43225.772,720.429533,5.28,mid,6.46,685.12,1.0,1,1,0,0,0,0,930,397,203,97,39,10,0,0,14,19,70,70
2000,3275,3275,5274,17887994322,17888194222,1789955202137,2026-09-21 09:46:42.137,2026-09-21 21:47:07.027,43224.89,720.414833,1.01,low,6.4599,685.12,1.0,0,0,0,0,0,0,930,397,203,97,39,10,1,1,15,20,71,71
2000,3276,3276,5275,17887994422,17888194322,1789955215493,2026-09-21 09:46:55.493,2026-09-21 21:47:53.857,43258.364,720.972733,21.38,mid,6.47,685.12,1.0,1,1,1,1,0,0,931,398,204,98,39,10,0,0,0,0,72,72
2000,3277,3277,5276,17887994522,17888194422,1789955243047,2026-09-21 09:47:23.047,2026-09-21 21:48:09.094,43246.047,720.76745,1.56,low,6.4686,685.12,1.0,0,0,0,0,0,0,930,398,204,98,39,10,1,1,1,1,73,73
2000,3278,3278,5277,17887994622,17888194522,1789955270143,2026-09-21 09:47:50.143,2026-09-21 21:48:19.284,43229.141,720.485683,1.0,low,6.4671,685.12,1.0,0,0,0,0,0,0,929,398,204,98,39,10,2,2,2,2,74,74
2000,3279,3279,5278,17887994722,17888194622,1789955301843,2026-09-21 09:48:21.843,2026-09-21 21:48:42.439,43220.596,720.343267,2.98,mid,6.4655,685.12,1.0,1,0,0,0,0,0,929,397,204,98,39,10,0,3,3,3,75,75
2000,3280,3280,5279,17887994822,17888194722,1789955321320,2026-09-21 09:48:41.320,2026-09-21 21:49:08.547,43227.227,720.453783,3.77,mid,6.4663,685.12,1.0,1,0,0,0,0,0,929,397,204,98,39,10,0,4,4,4,76,76
2000,3281,3281,5280,17887994922,17888194822,1789955340457,2026-09-21 09:49:00.457,2026-09-21 21:49:54.596,43254.139,720.902317,19.73,mid,6.4751,685.12,1.0,1,1,1,0,0,0,929,398,205,98,39,10,0,0,0,5,77,77
2000,3282,3282,5281,17887995022,17888194922,1789955355687,2026-09-21 09:49:15.687,2026-09-21 21:50:22.275,43266.588,721.1098,3.45,mid,6.4761,685.12,1.0,1,0,0,0,0,0,930,398,205,98,39,10,0,1,1,6,78,78
2000,3283,3283,5282,17887995122,17888195022,1789955370457,2026-09-21 09:49:30.457,2026-09-21 21:50:41.397,43270.94,721.182333,2.13,mid,6.4764,685.12,1.0,1,0,0,0,0,0,931,398,205,98,39,10,0,2,2,7,79,79
2000,3284,3284,5283,17887995222,17888195122,1789955387417,2026-09-21 09:49:47.417,2026-09-21 21:51:09.852,43282.435,721.373917,4.76,mid,6.4779,685.12,1.0,1,0,0,0,0,0,932,398,205,98,39,10,0,3,3,8,80,80
2000,3285,3285,5284,17887995322,17888195222,1789955401907,2026-09-21 09:50:01.907,2026-09-21 21:51:34.552,43292.645,721.544083,3.34,mid,6.4788,685.12,1.0,1,0,0,0,0,0,933,398,205,98,39,10,0,4,4,9,81,81
2000,3286,3286,5285,17887995422,17888195322,1789955443413,2026-09-21 09:50:43.413,2026-09-21 21:51:56.928,43273.515,721.22525,2.8,mid,6.4734,685.12,1.0,1,0,0,0,0,0,933,397,204,98,39,10,0,5,5,10,82,82
2000,3287,3287,5286,17887995522,17888195422,1789955453513,2026-09-21 09:50:53.513,2026-09-21 21:52:12.278,43278.765,721.31275,1.55,low,6.4737,685.12,1.0,0,0,0,0,0,0,933,397,204,98,39,10,1,6,6,11,83,83
2000,3288,3288,5287,17887995622,17888195522,1789955467663,2026-09-21 09:51:07.663,2026-09-21 21:52:32.914,43285.251,721.42085,2.32,mid,6.4741,685.12,1.0,1,0,0,0,0,0,934,397,204,98,39,10,0,7,7,12,84,84
2000,3289,3289,5288,17887995722,17888195622,1789955482643,2026-09-21 09:51:22.643,2026-09-21 21:53:00.321,43297.678,721.627967,3.81,mid,6.4753,685.12,1.0,1,0,0,0,0,0,935,397,204,98,39,10,0,8,8,13,85,85
2000,3290,3290,5289,17887995822,17888195722,1789955519196,2026-09-21 09:51:59.196,2026-09-21 21:53:14.591,43275.395,721.256583,1.36,low,6.4714,685.12,1.0,0,0,0,0,0,0,934,396,204,98,39,10,1,9,9,14,86,86
2000,3291,3291,5290,17887995922,17888195822,1789955538986,2026-09-21 09:52:18.986,2026-09-21 21:53:24.718,43265.732,721.095533,1.0,low,6.4708,685.12,1.0,0,0,0,0,0,0,933,396,204,98,39,10,2,10,10,15,87,87
2000,3292,3292,5291,17887996022,17888195922,1789955554743,2026-09-21 09:52:34.743,2026-09-21 21:54:22.328,43307.585,721.793083,52.36,high,6.4962,685.12,1.0,1,1,1,1,1,0,934,397,205,99,40,10,0,0,0,0,0,88
2000,3293,3293,5292,17887996122,17888196022,1789955574853,2026-09-21 09:52:54.853,2026-09-21 21:55:23.094,43348.241,722.470683,69.66,high,6.5298,685.12,1.0,1,1,1,1,1,0,934,398,206,100,41,10,0,0,0,0,0,89
2000,3294,3294,5293,17887996222,17888196122,1789955609857,2026-09-21 09:53:29.857,2026-09-21 21:55:53.408,43343.551,722.392517,5.34,mid,6.5285,685.12,1.0,1,1,0,0,0,0,934,398,206,100,41,10,0,0,1,1,1,90
2000,3295,3295,5294,17887996322,17888196222,1789955627660,2026-09-21 09:53:47.660,2026-09-21 21:56:25.525,43357.865,722.631083,6.13,mid,6.5306,685.12,1.0,1,1,0,0,0,0,935,399,206,100,41,10,0,0,2,2,2,91
2000,3296,3296,5295,17887996422,17888196322,1789955639570,2026-09-21 09:53:59.570,2026-09-21 21:57:07.959,43388.389,723.139817,14.26,mid,6.5372,685.12,1.0,1,1,1,0,0,0,936,400,207,100,41,10,0,0,0,3,3,92
2000,3297,3297,5296,17887996522,17888196422,1789955655163,2026-09-21 09:54:15.163,2026-09-21 21:57:29.614,43394.451,723.24085,2.71,mid,6.5377,685.12,1.0,1,0,0,0,0,0,937,400,207,100,41,10,0,1,1,4,4,93
2000,3298,3298,5297,17887996622,17888196522,1789955668420,2026-09-21 09:54:28.420,2026-09-21 21:57:57.191,43408.771,723.479517,4.22,mid,6.5392,685.12,1.0,1,0,0,0,0,0,938,400,207,100,41,10,0,2,2,5,5,94
2000,3299,3299,5298,17887996722,17888196622,1789955702920,2026-09-21 09:55:02.920,2026-09-21 21:58:12.091,43389.171,723.15285,1.44,low,6.5361,685.12,1.0,0,0,0,0,0,0,937,399,207,100,41,10,1,3,3,6,6,95
2000,3300,3300,5299,17887996822,17888196722,1789955727443,2026-09-21 09:55:27.443,2026-09-21 21:58:22.097,43374.654,722.9109,1.0,low,6.5349,685.12,1.0,0,0,0,0,0,0,936,399,207,100,41,10,2,4,4,7,7,96
2000,3301,3301,5300,17887996922,17888196822,1789955737513,2026-09-21 09:55:37.513,2026-09-21 21:58:45.716,43388.203,723.136717,2.96,mid,6.5359,685.12,1.0,1,0,0,0,0,0,937,399,207,100,41,10,0,5,5,8,8,97
2000,3302,3302,5301,17887997022,17888196922,1789955764850,2026-09-21 09:56:04.850,2026-09-21 21:59:14.375,43389.525,723.15875,3.67,mid,6.5357,685.12,1.0,1,0,0,0,0,0,937,399,207,100,41,10,0,6,6,9,9,98
2000,3303,3303,5302,17887997122,17888197022,1789955778910,2026-09-21 09:56:18.910,2026-09-21 21:59:42.579,43403.669,723.394483,4.54,mid,6.5372,685.12,1.0,1,0,0,0,0,0,938,399,207,100,41,10,0,7,7,10,10,99
2000,3304,3304,5303,17887997222,17888197122,1789955790047,2026-09-21 09:56:30.047,2026-09-21 21:59:55.406,43405.359,723.42265,1.2,low,6.5373,685.12,1.0,0,0,0,0,0,0,938,399,207,100,41,10,1,8,8,11,11,100
2000,3305,3305,5304,17887997322,17888197222,1789955800520,2026-09-21 09:56:40.520,2026-09-21 22:00:10.475,43409.955,723.49925,1.52,low,6.5375,685.12,1.0,0,0,0,0,0,0,938,399,207,100,41,10,2,9,9,12,12,101
2000,3306,3306,5305,17887997422,17888197322,1789955813710,2026-09-21 09:56:53.710,2026-09-21 22:00:34.723,43421.013,723.68355,3.31,mid,6.5385,685.12,1.0,1,0,0,0,0,0,939,399,207,100,41,10,0,10,10,13,13,102
2000,3307,3307,5306,17887997522,17888197422,1789955844783,2026-09-21 09:57:24.783,2026-09-21 22:00:54.591,43409.808,723.4968,2.26,mid,6.5368,685.12,1.0,1,0,0,0,0,0,939,398,207,100,41,10,0,11,11,14,14,103
2000,3308,3308,5307,17887997622,17888197522,1789955856560,2026-09-21 09:57:36.560,2026-09-21 22:01:05.239,43408.679,723.477983,1.03,low,6.5367,685.12,1.0,0,0,0,0,0,0,939,398,207,100,41,10,1,12,12,15,15,104
2000,3309,3309,5308,17887997722,17888197622,1789955872867,2026-09-21 09:57:52.867,2026-09-21 22:01:31.090,43418.223,723.63705,3.81,mid,6.5378,685.12,1.0,1,0,0,0,0,0,940,398,207,100,41,10,0,13,13,16,16,105
2000,3310,3310,5309,17887997822,17888197722,1789955903207,2026-09-21 09:58:23.207,2026-09-21 22:01:43.606,43400.399,723.339983,1.22,low,6.5357,685.12,1.0,0,0,0,0,0,0,939,397,207,100,41,10,1,14,14,17,17,106
2000,3311,3311,5310,17887997922,17888197822,1789955913283,2026-09-21 09:58:33.283,2026-09-21 22:02:00.871,43407.588,723.4598,1.76,low,6.5361,685.12,1.0,0,0,0,0,0,0,939,397,207,100,41,10,2,15,15,18,18,107
2000,3312,3312,5311,17887998022,17888197922,1789955943387,2026-09-21 09:59:03.387,2026-09-21 22:02:12.744,43389.357,723.15595,1.2,low,6.534,685.12,1.0,0,0,0,0,0,0,938,396,207,100,41,10,3,16,16,19,19,108
2000,3313,3313,5312,17887998122,17888198022,1789955983837,2026-09-21 09:59:43.837,2026-09-21 22:02:50.865,43387.028,723.117133,10.32,mid,6.5329,685.12,1.0,1,1,1,0,0,0,938,396,207,100,41,10,0,0,0,20,20,109
2000,3314,3314,5313,17887998222,17888198122,1789956060533,2026-09-21 10:01:00.533,2026-09-21 22:03:05.830,43325.297,722.088283,1.51,low,6.407,685.12,1.0,0,0,0,0,0,0,937,395,206,99,40,9,1,1,1,21,21,110
2000,3315,3315,5314,17887998322,17888198222,1789956080220,2026-09-21 10:01:20.220,2026-09-21 22:03:17.514,43317.294,721.9549,1.15,low,6.4065,685.12,1.0,0,0,0,0,0,0,936,395,206,99,40,9,2,2,2,22,22,111
2000,3316,3316,5315,17887998422,17888198322,1789956104307,2026-09-21 10:01:44.307,2026-09-21 22:03:32.559,43308.252,721.8042,1.52,low,6.4056,685.12,1.0,0,0,0,0,0,0,935,395,206,99,40,9,3,3,3,23,23,112
2000,3317,3317,5316,17887998522,17888198422,1789956116817,2026-09-21 10:01:56.817,2026-09-21 22:03:50.100,43313.283,721.88805,1.87,low,6.406,685.12,1.0,0,0,0,0,0,0,935,395,206,99,40,9,4,4,4,24,24,113
2000,3318,3318,5317,17887998622,17888198522,1789956136520,2026-09-21 10:02:16.520,2026-09-21 22:04:01.784,43305.264,721.7544,1.15,low,6.4054,685.12,1.0,0,0,0,0,0,0,934,395,206,99,40,9,5,5,5,25,25,114
2000,3319,3319,5318,17887998722,17888198622,1789956149960,2026-09-21 10:02:29.960,2026-09-21 22:04:57.094,43347.134,722.452233,42.98,high,6.4263,685.12,1.0,1,1,1,1,0,0,935,396,207,100,40,9,0,0,0,0,26,115
2000,3320,3320,5319,17887998822,17888198722,1789956184893,2026-09-21 10:03:04.893,2026-09-21 22:05:10.799,43325.906,722.098433,1.36,low,6.423,685.12,1.0,0,0,0,0,0,0,934,395,207,100,40,9,1,1,1,1,27,116
2000,3321,3321,5320,17887998922,17888198822,1789956198900,2026-09-21 10:03:18.900,2026-09-21 22:05:38.907,43340.007,722.33345,3.92,mid,6.4243,685.12,1.0,1,0,0,0,0,0,935,395,207,100,40,9,0,2,2,2,28,117
2000,3322,3322,5321,17887999022,17888198922,1789956209373,2026-09-21 10:03:29.373,2026-09-21 22:05:54.082,43344.709,722.411817,1.34,low,6.4244,685.12,1.0,0,0,0,0,0,0,935,395,207,100,40,9,1,3,3,3,29,118
2000,3323,3323,5322,17887999122,17888199022,1789956219503,2026-09-21 10:03:39.503,2026-09-21 22:06:05.255,43345.752,722.4292,1.0,low,6.4244,685.12,1.0,0,0,0,0,0,0,935,395,207,100,40,9,2,4,4,4,30,119
2000,3324,3324,5323,17887999222,17888199122,1789956237683,2026-09-21 10:03:57.683,2026-09-21 22:06:16.293,43338.61,722.310167,1.07,low,6.4239,685.12,1.0,0,0,0,0,0,0,935,395,207,100,40,9,3,5,5,5,31,120
2000,3325,3325,5324,17887999322,17888199222,1789956251507,2026-09-21 10:04:11.507,2026-09-21 22:06:35.425,43343.918,722.398633,2.19,mid,6.4244,685.12,1.0,1,0,0,0,0,0,936,395,207,100,40,9,0,6,6,6,32,121
2000,3326,3326,5325,17887999422,17888199322,1789956263310,2026-09-21 10:04:23.310,2026-09-21 22:07:00.097,43356.787,722.613117,3.25,mid,6.4254,685.12,1.0,1,0,0,0,0,0,937,395,207,100,40,9,0,7,7,7,33,122
2000,3327,3327,5326,17887999522,17888199422,1789956291810,2026-09-21 10:04:51.810,2026-09-21 22:07:24.243,43352.433,722.54055,3.39,mid,6.4248,685.12,1.0,1,0,0,0,0,0,937,395,207,100,40,9,0,8,8,8,34,123
2000,3328,3328,5327,17887999622,17888199522,1789956308860,2026-09-21 10:05:08.860,2026-09-21 22:07:39.042,43350.182,722.503033,1.5,low,6.4246,685.12,1.0,0,0,0,0,0,0,937,395,207,100,40,9,1,9,9,9,35,124
2000,3329,3329,5328,17887999722,17888199622,1789956342803,2026-09-21 10:05:42.803,2026-09-21 22:07:49.493,43326.69,722.1115,1.0,low,6.4215,685.12,1.0,0,0,0,0,0,0,936,394,207,100,40,9,2,10,10,10,36,125
2000,3330,3330,5329,17887999822,17888199722,1789956373860,2026-09-21 10:06:13.860,2026-09-21 22:08:04.185,43310.325,721.83875,1.43,low,6.4193,685.12,1.0,0,0,0,0,0,0,935,393,207,100,40,9,3,11,11,11,37,126
2000,3331,3331,5330,17887999922,17888199822,1789956389863,2026-09-21 10:06:29.863,2026-09-21 22:08:36.903,43327.04,722.117333,6.89,mid,6.422,685.12,1.0,1,1,0,0,0,0,936,394,207,100,40,9,0,0,12,12,38,127
2000,3332,3332,5331,17888000022,17888199922,1789956401847,2026-09-21 10:06:41.847,2026-09-21 22:08:48.675,43326.828,722.1138,1.15,low,6.422,685.12,1.0,0,0,0,0,0,0,936,394,207,100,40,9,1,1,13,13,39,128
2000,3333,3333,5332,17888000122,17888200022,1789956425680,2026-09-21 10:07:05.680,2026-09-21 22:09:37.017,43351.337,722.522283,22.72,mid,6.4317,685.12,1.0,1,1,1,1,0,0,936,395,208,101,40,9,0,0,0,0,40,129
2000,3334,3334,5333,17888000222,17888200122,1789956457093,2026-09-21 10:07:37.093,2026-09-21 22:09:51.699,43334.606,722.243433,1.53,low,6.4296,685.12,1.0,0,0,0,0,0,0,935,394,208,101,40,9,1,1,1,1,41,130
2000,3335,3335,5334,17888000322,17888200222,1789956470973,2026-09-21 10:07:50.973,2026-09-21 22:10:10.532,43339.559,722.325983,2.07,mid,6.4299,685.12,1.0,1,0,0,0,0,0,936,394,208,101,40,9,0,2,2,2,42,131
2000,3336,3336,5335,17888000422,17888200322,1789956486397,2026-09-21 10:08:06.397,2026-09-21 22:10:25.247,43338.85,722.314167,1.48,low,6.4299,685.12,1.0,0,0,0,0,0,0,936,394,208,101,40,9,1,3,3,3,43,132
2000,3337,3337,5336,17888000522,17888200422,1789956498077,2026-09-21 10:08:18.077,2026-09-21 22:10:46.002,43347.925,722.465417,2.44,mid,6.4305,685.12,1.0,1,0,0,0,0,0,937,394,208,101,40,9,0,4,4,4,44,133
2000,3338,3338,5337,17888000622,17888200522,1789956518630,2026-09-21 10:08:38.630,2026-09-21 22:11:04.907,43346.277,722.43795,2.11,mid,6.4304,685.12,1.0,1,0,0,0,0,0,937,394,208,101,40,9,0,5,5,5,45,134
2000,3339,3339,5338,17888000722,17888200622,1789956549000,2026-09-21 10:09:09.000,2026-09-21 22:11:23.458,43334.458,722.240967,2.02,mid,6.4287,685.12,1.0,1,0,0,0,0,0,937,393,208,101,40,9,0,6,6,6,46,135
2000,3340,3340,5339,17888000822,17888200722,1789956563850,2026-09-21 10:09:23.850,2026-09-21 22:11:34.013,43330.163,722.169383,1.07,low,6.4284,685.12,1.0,0,0,0,0,0,0,937,393,208,101,40,9,1,7,7,7,47,136
2000,3341,3341,5340,17888000922,17888200822,1789956574337,2026-09-21 10:09:34.337,2026-09-21 22:12:04.052,43349.715,722.49525,4.01,mid,6.4299,685.12,1.0,1,0,0,0,0,0,938,393,208,101,40,9,0,8,8,8,48,137
2000,3342,3342,5341,17888001022,17888200922,1789956603860,2026-09-21 10:10:03.860,2026-09-21 22:12:17.544,43333.684,722.228067,1.34,low,6.4281,685.12,1.0,0,0,0,0,0,0,937,392,208,101,40,9,1,9,9,9,49,138
2000,3343,3343,5342,17888001122,17888201022,1789956619180,2026-09-21 10:10:19.180,2026-09-21 22:12:35.612,43336.432,722.273867,1.91,low,6.4283,685.12,1.0,0,0,0,0,0,0,937,392,208,101,40,9,2,10,10,10,50,139
2000,3344,3344,5343,17888001222,17888201122,1789956632630,2026-09-21 10:10:32.630,2026-09-21 22:13:10.138,43357.508,722.625133,7.86,mid,6.4315,685.12,1.0,1,1,0,0,0,0,938,393,208,101,40,9,0,0,11,11,51,140
2000,3345,3345,5344,17888001322,17888201222,1789956652073,2026-09-21 10:10:52.073,2026-09-21 22:13:22.478,43350.405,722.50675,1.23,low,6.431,685.12,1.0,0,0,0,0,0,0,937,393,208,101,40,9,1,1,12,12,52,141
2000,3346,3346,5345,17888001422,17888201322,1789956678533,2026-09-21 10:11:18.533,2026-09-21 22:13:39.581,43341.048,722.3508,1.78,low,6.43,685.12,1.0,0,0,0,0,0,0,936,393,208,101,40,9,2,2,13,13,53,142
2000,3347,3347,5346,17888001522,17888201422,1789956692613,2026-09-21 10:11:32.613,2026-09-21 22:14:08.319,43355.706,722.5951,4.72,mid,6.4316,685.12,1.0,1,0,0,0,0,0,937,393,208,101,40,9,0,3,14,14,54,143
2000,3348,3348,5347,17888001622,17888201522,1789956714067,2026-09-21 10:11:54.067,2026-09-21 22:14:22.046,43347.979,722.466317,1.33,low,6.431,685.12,1.0,0,0,0,0,0,0,936,393,208,101,40,9,1,4,15,15,55,144
2000,3349,3349,5348,17888001722,17888201622,1789956745950,2026-09-21 10:12:25.950,2026-09-21 22:14:36.907,43330.957,722.182617,1.49,low,6.4287,685.12,1.0,0,0,0,0,0,0,935,392,208,101,40,9,2,5,16,16,56,145
2000,3350,3350,5349,17888001822,17888201722,1789956772017,2026-09-21 10:12:52.017,2026-09-21 22:15:04.280,43332.263,722.204383,4.2,mid,6.4289,685.12,1.0,1,0,0,0,0,0,935,392,208,101,40,9,0,6,17,17,57,146
2000,3351,3351,5350,17888001922,17888201822,1789956801110,2026-09-21 10:13:21.110,2026-09-21 22:15:20.717,43319.607,721.99345,1.75,low,6.4273,685.12,1.0,0,0,0,0,0,0,934,392,208,101,40,9,1,7,18,18,58,147
2000,3352,3352,5351,17888002022,17888201922,1789956833143,2026-09-21 10:13:53.143,2026-09-21 22:16:04.448,43331.305,722.188417,16.17,mid,6.4323,685.12,1.0,1,1,1,0,0,0,934,392,209,101,40,9,0,0,0,19,59,148
2000,3353,3353,5352,17888002122,17888202022,1789956860393,2026-09-21 10:14:20.393,2026-09-21 22:16:21.303,43320.91,722.015167,1.75,low,6.4311,685.12,1.0,0,0,0,0,0,0,933,392,209,101,40,9,1,1,1,20,60,149
2000,3354,3354,5353,17888002222,17888202122,1789956882493,2026-09-21 10:14:42.493,2026-09-21 22:16:32.231,43309.738,721.828967,1.08,low,6.4303,685.12,1.0,0,0,0,0,0,0,932,392,209,101,40,9,2,2,2,21,61,150
2000,3355,3355,5354,17888002322,17888202222,1789956897878,2026-09-21 10:14:57.878,2026-09-21 22:16:47.116,43309.238,721.820633,1.5,low,6.4302,685.12,1.0,0,0,0,0,0,0,932,392,209,101,40,9,3,3,3,22,62,151
2000,3356,3356,5355,17888002422,17888202322,1789956908720,2026-09-21 10:15:08.720,2026-09-21 22:16:57.116,43308.396,721.8066,1.0,low,6.4302,685.12,1.0,0,0,0,0,0,0,932,392,209,101,40,9,4,4,4,23,63,152
2000,3357,3357,5356,17888002522,17888202422,1789956922800,2026-09-21 10:15:22.800,2026-09-21 22:17:09.995,43307.195,721.786583,1.27,low,6.4301,685.12,1.0,0,0,0,0,0,0,932,392,209,101,40,9,5,5,5,24,64,153
2000,3358,3358,5357,17888002622,17888202522,1789956938630,2026-09-21 10:15:38.630,2026-09-21 22:17:22.728,43304.098,721.734967,1.09,low,6.4299,685.12,1.0,0,0,0,0,0,0,932,392,209,101,40,9,6,6,6,25,65,154
2000,3359,3359,5358,17888002722,17888202622,1789956982967,2026-09-21 10:16:22.967,2026-09-21 22:17:37.859,43274.892,721.2482,1.33,low,6.4219,685.12,1.0,0,0,0,0,0,0,931,391,208,101,40,9,7,7,7,26,66,155
2000,3360,3360,5359,17888002822,17888202722,1789957021040,2026-09-21 10:17:01.040,2026-09-21 22:17:57.461,43256.421,720.94035,2.2,mid,6.4179,685.12,1.0,1,0,0,0,0,0,931,390,207,101,40,9,0,8,8,27,67,156
2000,3361,3361,5360,17888002922,17888202822,1789957034603,2026-09-21 10:17:14.603,2026-09-21 22:18:10.601,43255.998,720.9333,1.24,low,6.4178,685.12,1.0,0,0,0,0,0,0,931,390,207,101,40,9,1,9,9,28,68,157
2000,3362,3362,5361,17888003022,17888202922,1789957063500,2026-09-21 10:17:43.500,2026-09-21 22:18:20.771,43237.271,720.621183,1.0,low,6.4159,685.12,1.0,0,0,0,0,0,0,930,390,207,101,40,9,2,10,10,29,69,158
2000,3363,3363,5362,17888003122,17888203022,1789957075590,2026-09-21 10:17:55.590,2026-09-21 22:18:54.956,43259.366,720.989433,7.45,mid,6.4191,685.12,1.0,1,1,0,0,0,0,931,391,207,101,40,9,0,0,11,30,70,159
2000,3364,3364,5363,17888003222,17888203122,1789957100377,2026-09-21 10:18:20.377,2026-09-21 22:19:09.930,43249.553,720.825883,1.54,low,6.4181,685.12,1.0,0,0,0,0,0,0,930,391,207,101,40,9,1,1,12,31,71,160
2000,3365,3365,5364,17888003322,17888203222,1789957119900,2026-09-21 10:18:39.900,2026-09-21 22:19:33.550,43253.65,720.894167,3.15,mid,6.4186,685.12,1.0,1,0,0,0,0,0,930,391,207,101,40,9,0,2,13,32,72,161
2000,3366,3366,5365,17888003422,17888203322,1789957131273,2026-09-21 10:18:51.273,2026-09-21 22:19:52.790,43261.517,721.025283,2.08,mid,6.4191,685.12,1.0,1,0,0,0,0,0,931,391,207,101,40,9,0,3,14,33,73,162
2000,3367,3367,5366,17888003522,17888203422,1789957147250,2026-09-21 10:19:07.250,2026-09-21 22:20:03.671,43256.421,720.94035,1.09,low,6.4188,685.12,1.0,0,0,0,0,0,0,931,391,207,101,40,9,1,4,15,34,74,163
2000,3368,3368,5367,17888003622,17888203522,1789957162783,2026-09-21 10:19:22.783,2026-09-21 22:20:19.824,43257.041,720.950683,1.65,low,6.4188,685.12,1.0,0,0,0,0,0,0,931,391,207,101,40,9,2,5,16,35,75,164
2000,3369,3369,5368,17888003722,17888203622,1789957184390,2026-09-21 10:19:44.390,2026-09-21 22:20:39.708,43255.318,720.921967,2.28,mid,6.4187,685.12,1.0,1,0,0,0,0,0,931,391,207,101,40,9,0,6,17,36,76,165
2000,3370,3370,5369,17888003822,17888203722,1789957195007,2026-09-21 10:19:55.007,2026-09-21 22:20:50.464,43255.457,720.924283,1.05,low,6.4187,685.12,1.0,0,0,0,0,0,0,931,391,207,101,40,9,1,7,18,37,77,166
2000,3371,3371,5370,17888003922,17888203822,1789957233423,2026-09-21 10:20:33.423,2026-09-21 22:21:11.598,43238.175,720.63625,2.5,mid,6.4146,685.12,1.0,1,0,0,0,0,0,931,390,206,101,40,9,0,8,19,38,78,167
2000,3372,3372,5371,17888004022,17888203922,1789957257587,2026-09-21 10:20:57.587,2026-09-21 22:21:39.361,43241.774,720.696233,4.41,mid,6.4152,685.12,1.0,1,0,0,0,0,0,931,390,206,101,40,9,0,9,20,39,79,168
2000,3373,3373,5372,17888004122,17888204022,1789957269167,2026-09-21 10:21:09.167,2026-09-21 22:21:49.336,43240.169,720.669483,1.01,low,6.4152,685.12,1.0,0,0,0,0,0,0,931,390,206,101,40,9,1,10,21,40,80,169
2000,3374,3374,5373,17888004222,17888204122,1789957279263,2026-09-21 10:21:19.263,2026-09-21 22:22:06.278,43247.015,720.783583,1.79,low,6.4156,685.12,1.0,0,0,0,0,0,0,931,390,206,101,40,9,2,11,22,41,81,170
2000,3375,3375,5374,17888004322,17888204222,1789957293700,2026-09-21 10:21:33.700,2026-09-21 22:22:23.576,43249.876,720.831267,1.75,low,6.4157,685.12,1.0,0,0,0,0,0,0,931,390,206,101,40,9,3,12,23,42,82,171
2000,3376,3376,5375,17888004422,17888204322,1789957312887,2026-09-21 10:21:52.887,2026-09-21 22:22:47.580,43254.693,720.91155,3.25,mid,6.4163,685.12,1.0,1,0,0,0,0,0,931,390,206,101,40,9,0,13,24,43,83,172
2000,3377,3377,5376,17888004522,17888204422,1789957323250,2026-09-21 10:22:03.250,2026-09-21 22:22:59.807,43256.557,720.942617,1.23,low,6.4164,685.12,1.0,0,0,0,0,0,0,931,390,206,101,40,9,1,14,25,44,84,173
2000,3378,3378,5377,17888004622,17888204522,1789957361333,2026-09-21 10:22:41.333,2026-09-21 22:23:42.406,43261.073,721.017883,14.6,mid,6.4186,685.12,1.0,1,1,1,0,0,0,931,390,206,101,40,9,0,0,0,45,85,174
2000,3379,3379,5378,17888004722,17888204622,1789957371450,2026-09-21 10:22:51.450,2026-09-21 22:23:58.170,43266.72,721.112,1.32,low,6.4187,685.12,1.0,0,0,0,0,0,0,931,390,206,101,40,9,1,1,1,46,86,175
2000,3380,3380,5379,17888004822,17888204722,1789957410587,2026-09-21 10:23:30.587,2026-09-21 22:24:38.404,43267.817,721.130283,11.89,mid,6.4191,685.12,1.0,1,1,1,0,0,0,931,390,206,101,40,9,0,0,0,47,87,176
2000,3381,3381,5380,17888004922,17888204822,1789957420670,2026-09-21 10:23:40.670,2026-09-21 22:24:52.616,43271.946,721.1991,1.43,low,6.4193,685.12,1.0,0,0,0,0,0,0,931,390,206,101,40,9,1,1,1,48,88,177
2000,3382,3382,5381,17888005022,17888204922,1789957430757,2026-09-21 10:23:50.757,2026-09-21 22:25:05.719,43274.962,721.249367,1.3,low,6.4194,685.12,1.0,0,0,0,0,0,0,931,390,206,101,40,9,2,2,2,49,89,178
2000,3383,3383,5382,17888005122,17888205022,1789957443383,2026-09-21 10:24:03.383,2026-09-21 22:25:16.502,43273.119,721.21865,1.06,low,6.4193,685.12,1.0,0,0,0,0,0,0,931,390,206,101,40,9,3,3,3,50,90,179
2000,3384,3384,5383,17888005222,17888205122,1789957453480,2026-09-21 10:24:13.480,2026-09-21 22:25:39.924,43286.444,721.440733,3.07,mid,6.4204,685.12,1.0,1,0,0,0,0,0,932,390,206,101,40,9,0,4,4,51,91,180
2000,3385,3385,5384,17888005322,17888205222,1789957469687,2026-09-21 10:24:29.687,2026-09-21 22:25:57.248,43287.561,721.45935,1.84,low,6.4205,685.12,1.0,0,0,0,0,0,0,932,390,206,101,40,9,1,5,5,52,92,181
2000,3386,3386,5385,17888005422,17888205322,1789957480074,2026-09-21 10:24:40.074,2026-09-21 22:26:22.967,43302.893,721.714883,3.76,mid,6.4218,685.12,1.0,1,0,0,0,0,0,933,390,206,101,40,9,0,6,6,53,93,182
2000,3387,3387,5386,17888005522,17888205422,1789957504813,2026-09-21 10:25:04.813,2026-09-21 22:26:40.234,43295.421,721.59035,1.73,low,6.421,685.12,1.0,0,0,0,0,0,0,932,390,206,101,40,9,1,7,7,54,94,183
2000,3388,3388,5387,17888005622,17888205522,1789957518170,2026-09-21 10:25:18.170,2026-09-21 22:26:49.985,43291.815,721.53025,1.0,low,6.4208,685.12,1.0,0,0,0,0,0,0,932,390,206,101,40,9,2,8,8,55,95,184
2000,3389,3389,5388,17888005722,17888205622,1789957528277,2026-09-21 10:25:28.277,2026-09-21 22:27:02.521,43294.244,721.570733,1.18,low,6.4209,685.12,1.0,0,0,0,0,0,0,932,390,206,101,40,9,3,9,9,56,96,185
2000,3390,3390,5389,17888005822,17888205722,1789957553767,2026-09-21 10:25:53.767,2026-09-21 22:27:15.938,43282.171,721.369517,1.36,low,6.4198,685.12,1.0,0,0,0,0,0,0,931,390,206,101,40,9,4,10,10,57,97,186
2000,3391,3391,5390,17888005922,17888205822,1789957596260,2026-09-21 10:26:36.260,2026-09-21 22:27:57.491,43281.231,721.35385,13.65,mid,6.4192,685.12,1.0,1,1,1,0,0,0,931,390,206,101,40,9,0,0,0,58,98,187
2000,3392,3392,5391,17888006022,17888205922,1789957610750,2026-09-21 10:26:50.750,2026-09-21 22:28:13.366,43282.616,721.376933,1.62,low,6.4193,685.12,1.0,0,0,0,0,0,0,931,390,206,101,40,9,1,1,1,59,99,188
2000,3393,3393,5392,17888006122,17888206022,1789957627765,2026-09-21 10:27:07.765,2026-09-21 22:28:47.848,43300.083,721.66805,7.76,mid,6.4223,685.12,1.0,1,1,0,0,0,0,932,391,206,101,40,9,0,0,2,60,100,189
2000,3394,3394,5393,17888006222,17888206122,1789957642888,2026-09-21 10:27:22.888,2026-09-21 22:28:59.477,43296.589,721.609817,1.16,low,6.4221,685.12,1.0,0,0,0,0,0,0,932,391,206,101,40,9,1,1,3,61,101,190
2000,3395,3395,5394,17888006322,17888206222,1789957687400,2026-09-21 10:28:07.400,2026-09-21 22:29:12.846,43265.446,721.090767,1.29,low,6.414,685.12,1.0,0,0,0,0,0,0,931,390,205,101,40,9,2,2,4,62,102,191
2000,3396,3396,5395,17888006422,17888206322,1789957697400,2026-09-21 10:28:17.400,2026-09-21 22:29:41.603,43284.203,721.403383,4.8,mid,6.4159,685.12,1.0,1,0,0,0,0,0,932,390,205,101,40,9,0,3,5,63,103,192
2000,3397,3397,5396,17888006522,17888206422,1789957721182,2026-09-21 10:28:41.182,2026-09-21 22:30:35.247,43314.065,721.901083,35.73,high,6.4322,685.12,1.0,1,1,1,1,0,0,932,391,206,102,40,9,0,0,0,0,104,193
2000,3398,3398,5397,17888006622,17888206522,1789957748923,2026-09-21 10:29:08.923,2026-09-21 22:30:45.985,43297.062,721.6177,1.0,low,6.4305,685.12,1.0,0,0,0,0,0,0,931,391,206,102,40,9,1,1,1,1,105,194
2000,3399,3399,5398,17888006722,17888206622,1789957767150,2026-09-21 10:29:27.150,2026-09-21 22:30:56.106,43288.956,721.4826,1.0,low,6.43,685.12,1.0,0,0,0,0,0,0,931,391,206,102,40,9,2,2,2,2,106,195
2000,3400,3400,5399,17888006822,17888206722,1789957784787,2026-09-21 10:29:44.787,2026-09-21 22:31:09.361,43284.574,721.409567,1.32,low,6.4298,685.12,1.0,0,0,0,0,0,0,931,391,206,102,40,9,3,3,3,3,107,196
2000,3401,3401,5400,17888006922,17888206822,1789957801960,2026-09-21 10:30:01.960,2026-09-21 22:31:26.976,43285.016,721.416933,1.54,low,6.4296,685.12,1.0,0,0,0,0,0,0,931,391,206,102,40,9,4,4,4,4,108,197
2000,3402,3402,5401,17888007022,17888206922,1789957842023,2026-09-21 10:30:42.023,2026-09-21 22:31:41.278,43259.255,720.987583,1.43,low,6.4243,685.12,1.0,0,0,0,0,0,0,930,390,205,102,40,9,5,5,5,5,109,198
2000,3403,3403,5402,17888007122,17888207022,1789957858180,2026-09-21 10:30:58.180,2026-09-21 22:31:56.191,43258.011,720.96685,1.48,low,6.4242,685.12,1.0,0,0,0,0,0,0,930,390,205,102,40,9,6,6,6,6,110,199
2000,3404,3404,5403,17888007222,17888207122,1789957878580,2026-09-21 10:31:18.580,2026-09-21 22:32:23.014,43264.434,721.0739,3.98,mid,6.425,685.12,1.0,1,0,0,0,0,0,930,390,205,102,40,9,0,7,7,7,111,200
2000,3405,3405,5404,17888007322,17888207222,1789957904020,2026-09-21 10:31:44.020,2026-09-21 22:32:38.029,43254.009,720.90015,1.52,low,6.424,685.12,1.0,0,0,0,0,0,0,929,390,205,102,40,9,1,8,8,8,112,201
2000,3406,3406,5405,17888007422,17888207322,1789957924403,2026-09-21 10:32:04.403,2026-09-21 22:32:48.392,43243.989,720.73315,1.03,low,6.4233,685.12,1.0,0,0,0,0,0,0,928,390,205,102,40,9,2,9,9,9,113,202
2000,3407,3407,5406,17888007522,17888207422,1789957945977,2026-09-21 10:32:25.977,2026-09-21 22:32:58.987,43233.01,720.550167,1.05,low,6.4225,685.12,1.0,0,0,0,0,0,0,927,390,205,102,40,9,3,10,10,10,114,203
2000,3408,3408,5407,17888007622,17888207522,1789957992010,2026-09-21 10:33:12.010,2026-09-21 22:33:49.963,43237.953,720.63255,30.45,high,6.4278,685.12,1.0,1,1,1,1,0,0,927,390,205,103,40,9,0,0,0,0,115,204
2000,3409,3409,5408,17888007722,17888207622,1789958032163,2026-09-21 10:33:52.163,2026-09-21 22:34:01.099,43208.936,720.148933,1.03,low,6.4222,685.12,1.0,0,0,0,0,0,0,926,389,204,103,40,9,1,1,1,1,116,205
2000,3410,3410,5409,17888007822,17888207722,1789958051600,2026-09-21 10:34:11.600,2026-09-21 22:34:11.426,43199.826,719.9971,1.04,low,6.4216,685.12,1.0,0,0,0,0,0,0,925,389,204,103,40,9,2,2,2,2,117,206
2000,3411,3411,5410,17888007922,17888207822,1789958074650,2026-09-21 10:34:34.650,2026-09-21 22:34:26.429,43191.779,719.862983,1.54,low,6.4209,685.12,1.0,0,0,0,0,0,0,924,389,204,103,40,9,3,3,3,3,118,207
2000,3412,3412,5411,17888008022,17888207922,1789958086643,2026-09-21 10:34:46.643,2026-09-21 22:34:50.739,43204.096,720.068267,3.27,mid,6.422,685.12,1.0,1,0,0,0,0,0,925,389,204,103,40,9,0,4,4,4,119,208
2000,3413,3413,5412,17888008122,17888208022,1789958099737,2026-09-21 10:34:59.737,2026-09-21 22:35:14.476,43214.739,720.24565,3.07,mid,6.4229,685.12,1.0,1,0,0,0,0,0,926,389,204,103,40,9,0,5,5,5,120,209
2000,3414,3414,5413,17888008222,17888208122,1789958115490,2026-09-21 10:35:15.490,2026-09-21 22:35:32.265,43216.775,720.279583,1.87,low,6.423,685.12,1.0,0,0,0,0,0,0,926,389,204,103,40,9,1,6,6,6,121,210
2000,3415,3415,5414,17888008322,17888208222,1789958126657,2026-09-21 10:35:26.657,2026-09-21 22:35:48.055,43221.398,720.356633,1.65,low,6.4233,685.12,1.0,0,0,0,0,0,0,926,389,204,103,40,9,2,7,7,7,122,211
2000,3416,3416,5415,17888008422,17888208322,1789958146127,2026-09-21 10:35:46.127,2026-09-21 22:36:14.314,43228.187,720.469783,3.91,mid,6.4241,685.12,1.0,1,0,0,0,0,0,926,389,204,103,40,9,0,8,8,8,123,212
2000,3417,3417,5416,17888008522,17888208422,1789958159577,2026-09-21 10:35:59.577,2026-09-21 22:36:32.328,43232.751,720.54585,1.92,low,6.4244,685.12,1.0,0,0,0,0,0,0,926,389,204,103,40,9,1,9,9,9,124,213
2000,3418,3418,5417,17888008622,17888208522,1789958176797,2026-09-21 10:36:16.797,2026-09-21 22:36:49.889,43233.092,720.551533,1.89,low,6.4245,685.12,1.0,0,0,0,0,0,0,926,389,204,103,40,9,2,10,10,10,125,214
2000,3419,3419,5418,17888008722,17888208622,1789958197117,2026-09-21 10:36:37.117,2026-09-21 22:37:36.926,43259.809,720.996817,21.22,mid,6.4339,685.12,1.0,1,1,1,1,0,0,926,390,205,104,40,9,0,0,0,0,126,215
2000,3420,3420,5419,17888008822,17888208722,1789958211087,2026-09-21 10:36:51.087,2026-09-21 22:38:07.867,43276.78,721.279667,5.62,mid,6.436,685.12,1.0,1,1,0,0,0,0,927,391,205,104,40,9,0,0,1,1,127,216
2000,3421,3421,5420,17888008922,17888208822,1789958250183,2026-09-21 10:37:30.183,2026-09-21 22:38:21.943,43251.76,720.862667,1.12,low,6.431,685.12,1.0,0,0,0,0,0,0,926,390,204,104,40,9,1,1,2,2,128,217
2000,3422,3422,5421,17888009022,17888208922,1789958261590,2026-09-21 10:37:41.590,2026-09-21 22:39:05.389,43283.799,721.39665,15.89,mid,6.4384,685.12,1.0,1,1,1,0,0,0,927,391,205,104,40,9,0,0,0,3,129,218
2000,3423,3423,5422,17888009122,17888209022,1789958271677,2026-09-21 10:37:51.677,2026-09-21 22:39:18.020,43286.343,721.43905,1.0,low,6.4384,685.12,1.0,0,0,0,0,0,0,927,391,205,104,40,9,1,1,1,4,130,219
2000,3424,3424,5423,17888009222,17888209122,1789958282400,2026-09-21 10:38:02.400,2026-09-21 22:39:39.610,43297.21,721.620167,2.63,mid,6.4391,685.12,1.0,1,0,0,0,0,0,928,391,205,104,40,9,0,2,2,5,131,220
2000,3425,3425,5424,17888009322,17888209222,1789958343787,2026-09-21 10:39:03.787,2026-09-21 22:39:51.719,43247.932,720.798867,1.17,low,6.4042,685.12,1.0,0,0,0,0,0,0,927,390,204,103,39,9,1,3,3,6,132,221
2000,3426,3426,5425,17888009422,17888209322,1789958358703,2026-09-21 10:39:18.703,2026-09-21 22:40:21.405,43262.702,721.045033,5.1,mid,6.406,685.12,1.0,1,1,0,0,0,0,928,391,204,103,39,9,0,0,4,7,133,222
2000,3427,3427,5426,17888009522,17888209422,1789958371430,2026-09-21 10:39:31.430,2026-09-21 22:40:31.439,43260.009,721.00015,1.02,low,6.4059,685.12,1.0,0,0,0,0,0,0,928,391,204,103,39,9,1,1,5,8,134,223
2000,3428,3428,5427,17888009622,17888209522,1789958388645,2026-09-21 10:39:48.645,2026-09-21 22:40:48.234,43259.589,720.99315,1.71,low,6.4058,685.12,1.0,0,0,0,0,0,0,928,391,204,103,39,9,2,2,6,9,135,224
2000,3429,3429,5428,17888009722,17888209622,1789958398709,2026-09-21 10:39:58.709,2026-09-21 22:41:23.477,43284.768,721.4128,8.32,mid,6.4095,685.12,1.0,1,1,0,0,0,0,929,392,204,103,39,9,0,0,7,10,136,225
2000,3430,3430,5429,17888009822,17888209722,1789958422900,2026-09-21 10:40:22.900,2026-09-21 22:41:41.441,43278.541,721.309017,1.94,low,6.4088,685.12,1.0,0,0,0,0,0,0,928,392,204,103,39,9,1,1,8,11,137,226
2000,3431,3431,5430,17888009922,17888209822,1789958435327,2026-09-21 10:40:35.327,2026-09-21 22:42:00.924,43285.597,721.426617,2.15,mid,6.4093,685.12,1.0,1,0,0,0,0,0,929,392,204,103,39,9,0,2,9,12,138,227
2000,3432,3432,5431,17888010022,17888209922,1789958449367,2026-09-21 10:40:49.367,2026-09-21 22:42:21.468,43292.101,721.535017,2.42,mid,6.4098,685.12,1.0,1,0,0,0,0,0,930,392,204,103,39,9,0,3,10,13,139,228
2000,3433,3433,5432,17888010122,17888210022,1789958459477,2026-09-21 10:40:59.477,2026-09-21 22:42:33.689,43294.212,721.5702,1.19,low,6.4099,685.12,1.0,0,0,0,0,0,0,930,392,204,103,39,9,1,4,11,14,140,229
2000,3434,3434,5433,17888010222,17888210122,1789958480070,2026-09-21 10:41:20.070,2026-09-21 22:42:51.331,43291.261,721.521017,1.88,low,6.4096,685.12,1.0,0,0,0,0,0,0,929,392,204,103,39,9,2,5,12,15,141,230
2000,3435,3435,5434,17888010322,17888210222,1789958496843,2026-09-21 10:41:36.843,2026-09-21 22:43:18.364,43301.521,721.692017,4.09,mid,6.4108,685.12,1.0,1,0,0,0,0,0,930,392,204,103,39,9,0,6,13,16,142,231
2000,3436,3436,5435,17888010422,17888210322,1789958510570,2026-09-21 10:41:50.570,2026-09-21 22:43:35.374,43304.804,721.746733,1.77,low,6.411,685.12,1.0,0,0,0,0,0,0,930,392,204,103,39,9,1,7,14,17,143,232
2000,3437,3437,5436,17888010522,17888210422,1789958529283,2026-09-21 10:42:09.283,2026-09-21 22:44:03.683,43314.4,721.906667,4.65,mid,6.4123,685.12,1.0,1,0,0,0,0,0,930,392,204,103,39,9,0,8,15,18,144,233
2000,3438,3438,5437,17888010622,17888210522,1789958541943,2026-09-21 10:42:21.943,2026-09-21 22:44:16.177,43314.234,721.9039,1.18,low,6.4123,685.12,1.0,0,0,0,0,0,0,930,392,204,103,39,9,1,9,16,19,145,234
2000,3439,3439,5438,17888010722,17888210622,1789958563960,2026-09-21 10:42:43.960,2026-09-21 22:44:29.934,43305.974,721.766233,1.37,low,6.4116,685.12,1.0,0,0,0,0,0,0,929,392,204,103,39,9,2,10,17,20,146,235
2000,3440,3440,5439,17888010822,17888210722,1789958580607,2026-09-21 10:43:00.607,2026-09-21 22:44:47.823,43307.216,721.786933,1.87,low,6.4117,685.12,1.0,0,0,0,0,0,0,929,392,204,103,39,9,3,11,18,21,147,236
2000,3441,3441,5440,17888010922,17888210822,1789958606080,2026-09-21 10:43:26.080,2026-09-21 22:45:41.655,43335.575,722.259583,38.22,high,6.429,685.12,1.0,1,1,1,1,0,0,929,393,205,104,39,9,0,0,0,0,148,237
2000,3442,3442,5441,17888011022,17888210922,1789958619450,2026-09-21 10:43:39.450,2026-09-21 22:46:16.667,43357.217,722.620283,8.2,mid,6.4324,685.12,1.0,1,1,0,0,0,0,930,394,205,104,39,9,0,0,1,1,149,238
